image_index,site,sheet,view_label
0,BCH_CHD,0,C
1,BCH_CHD,0,C
2,BCH_CHD,0,C
3,BCH_CHD,0,C
4,BCH_CHD,0,A
5,BCH_CHD,0,A
6,BCH_CHD,0,A
7,BCH_CHD,0,A
8,BCH_CHD,0,S
9,BCH_CHD,0,S
10,BCH_CHD,0,S
11,BCH_CHD,0,S
12,BCH_CHD,0,C
13,BCH_CHD,0,C
14,BCH_CHD,0,C
15,BCH_CHD,0,C
16,BCH_CHD,0,A
17,BCH_CHD,0,A
18,BCH_CHD,0,A
19,BCH_CHD,0,A
20,BCH_CHD,0,S
21,BCH_CHD,0,S
22,BCH_CHD,0,S
23,BCH_CHD,0,S
24,BCH_CHD,0,C
25,BCH_CHD,0,C
26,BCH_CHD,0,C
27,BCH_CHD,0,C
28,BCH_CHD,0,S
29,BCH_CHD,0,S
30,BCH_CHD,0,S
31,BCH_CHD,0,S
32,BCH_CHD,0,A
33,BCH_CHD,0,A
34,BCH_CHD,0,A
35,BCH_CHD,0,A
36,BCH_CHD,0,C
37,BCH_CHD,0,C
38,BCH_CHD,0,C
39,BCH_CHD,0,C
40,BCH_CHD,0,A
41,BCH_CHD,0,A
42,BCH_CHD,0,A
43,BCH_CHD,0,A
44,BCH_CHD,0,S
45,BCH_CHD,0,S
46,BCH_CHD,0,S
47,BCH_CHD,0,S
48,BCH_CHD,0,C
49,BCH_CHD,0,C
50,BCH_CHD,0,C
51,BCH_CHD,0,C
52,BCH_CHD,0,S
53,BCH_CHD,0,S
54,BCH_CHD,0,S
55,BCH_CHD,0,S
56,BCH_CHD,0,C
57,BCH_CHD,0,C
58,BCH_CHD,0,C
59,BCH_CHD,0,C
60,BCH_CHD,0,S
61,BCH_CHD,0,S
62,BCH_CHD,0,S
63,BCH_CHD,0,S
64,BCH_CHD,0,S
65,BCH_CHD,0,S
66,BCH_CHD,0,S
67,BCH_CHD,0,S
68,BCH_CHD,0,C
69,BCH_CHD,0,C
70,BCH_CHD,0,C
71,BCH_CHD,0,C
72,BCH_CHD,0,S
73,BCH_CHD,0,S
74,BCH_CHD,0,S
75,BCH_CHD,0,S
76,BCH_CHD,0,A
77,BCH_CHD,0,A
78,BCH_CHD,0,A
79,BCH_CHD,0,A
80,BCH_CHD,0,S
81,BCH_CHD,0,S
82,BCH_CHD,0,S
83,BCH_CHD,0,S
84,BCH_CHD,0,C
85,BCH_CHD,0,C
86,BCH_CHD,0,C
87,BCH_CHD,0,C
88,BCH_CHD,0,S
89,BCH_CHD,0,S
90,BCH_CHD,0,S
91,BCH_CHD,0,S
92,BCH_CHD,0,A
93,BCH_CHD,0,A
94,BCH_CHD,0,A
95,BCH_CHD,0,A
96,BCH_CHD,0,C
97,BCH_CHD,0,C
98,BCH_CHD,0,C
99,BCH_CHD,0,C
100,BCH_CHD,1,A
101,BCH_CHD,1,A
102,BCH_CHD,1,A
103,BCH_CHD,1,A
104,BCH_CHD,1,C
105,BCH_CHD,1,C
106,BCH_CHD,1,C
107,BCH_CHD,1,C
108,BCH_CHD,1,C
109,BCH_CHD,1,C
110,BCH_CHD,1,C
111,BCH_CHD,1,C
112,BCH_CHD,1,C
113,BCH_CHD,1,C
114,BCH_CHD,1,C
115,BCH_CHD,1,C
116,BCH_CHD,1,S
117,BCH_CHD,1,S
118,BCH_CHD,1,S
119,BCH_CHD,1,S
120,BCH_CHD,1,C
121,BCH_CHD,1,C
122,BCH_CHD,1,C
123,BCH_CHD,1,C
124,BCH_CHD,1,A
125,BCH_CHD,1,A
126,BCH_CHD,1,A
127,BCH_CHD,1,A
128,BCH_CHD,1,S
129,BCH_CHD,1,S
130,BCH_CHD,1,S
131,BCH_CHD,1,S
132,BCH_CHD,1,C
133,BCH_CHD,1,C
134,BCH_CHD,1,C
135,BCH_CHD,1,C
136,BCH_CHD,1,A
137,BCH_CHD,1,A
138,BCH_CHD,1,A
139,BCH_CHD,1,A
140,BCH_CHD,1,S
141,BCH_CHD,1,S
142,BCH_CHD,1,S
143,BCH_CHD,1,S
144,BCH_CHD,1,C
145,BCH_CHD,1,C
146,BCH_CHD,1,C
147,BCH_CHD,1,C
148,BCH_CHD,1,C
149,BCH_CHD,1,C
150,BCH_CHD,1,C
151,BCH_CHD,1,C
152,BCH_CHD,1,C
153,BCH_CHD,1,C
154,BCH_CHD,1,C
155,BCH_CHD,1,C
156,BCH_CHD,1,S
157,BCH_CHD,1,S
158,BCH_CHD,1,S
159,BCH_CHD,1,S
160,BCH_CHD,1,U
161,BCH_CHD,1,A
162,BCH_CHD,1,A
163,BCH_CHD,1,A
164,BCH_CHD,1,C
165,BCH_CHD,1,C
166,BCH_CHD,1,C
167,BCH_CHD,1,C
168,BCH_CHD,1,C
169,BCH_CHD,1,C
170,BCH_CHD,1,C
171,BCH_CHD,1,C
172,BCH_CHD,1,S
173,BCH_CHD,1,S
174,BCH_CHD,1,S
175,BCH_CHD,1,S
176,BCH_CHD,1,S
177,BCH_CHD,1,S
178,BCH_CHD,1,S
179,BCH_CHD,1,S
180,BCH_CHD,1,A
181,BCH_CHD,1,A
182,BCH_CHD,1,A
183,BCH_CHD,1,A
184,BCH_CHD,1,S
185,BCH_CHD,1,S
186,BCH_CHD,1,S
187,BCH_CHD,1,S
188,BCH_CHD,1,C
189,BCH_CHD,1,C
190,BCH_CHD,1,C
191,BCH_CHD,1,C
192,BCH_CHD,1,A
193,BCH_CHD,1,A
194,BCH_CHD,1,A
195,BCH_CHD,1,A
196,BCH_CHD,1,S
197,BCH_CHD,1,S
198,BCH_CHD,1,S
199,BCH_CHD,1,S
200,BCH_CHD,2,C
201,BCH_CHD,2,C
202,BCH_CHD,2,C
203,BCH_CHD,2,C
204,BCH_CHD,2,S
205,BCH_CHD,2,S
206,BCH_CHD,2,U
207,BCH_CHD,2,S
208,BCH_CHD,2,S
209,BCH_CHD,2,S
210,BCH_CHD,2,S
211,BCH_CHD,2,S
212,BCH_CHD,2,A
213,BCH_CHD,2,A
214,BCH_CHD,2,A
215,BCH_CHD,2,A
216,BCH_CHD,2,C
217,BCH_CHD,2,C
218,BCH_CHD,2,C
219,BCH_CHD,2,C
220,BCH_CHD,2,A
221,BCH_CHD,2,A
222,BCH_CHD,2,A
223,BCH_CHD,2,A
224,BCH_CHD,2,S
225,BCH_CHD,2,S
226,BCH_CHD,2,S
227,BCH_CHD,2,S
228,BCH_CHD,2,S
229,BCH_CHD,2,S
230,BCH_CHD,2,S
231,BCH_CHD,2,S
232,BCH_CHD,2,C
233,BCH_CHD,2,C
234,BCH_CHD,2,C
235,BCH_CHD,2,C
236,BCH_CHD,2,C
237,BCH_CHD,2,C
238,BCH_CHD,2,C
239,BCH_CHD,2,C
240,BCH_CHD,2,S
241,BCH_CHD,2,S
242,BCH_CHD,2,S
243,BCH_CHD,2,S
244,BCH_CHD,2,S
245,BCH_CHD,2,S
246,BCH_CHD,2,S
247,BCH_CHD,2,S
248,BCH_CHD,2,C
249,BCH_CHD,2,C
250,BCH_CHD,2,C
251,BCH_CHD,2,C
252,BCH_CHD,2,S
253,BCH_CHD,2,S
254,BCH_CHD,2,S
255,BCH_CHD,2,S
256,BCH_CHD,2,C
257,BCH_CHD,2,C
258,BCH_CHD,2,C
259,BCH_CHD,2,C
260,BCH_CHD,2,A
261,BCH_CHD,2,A
262,BCH_CHD,2,A
263,BCH_CHD,2,A
264,BCH_CHD,2,C
265,BCH_CHD,2,C
266,BCH_CHD,2,C
267,BCH_CHD,2,C
268,BCH_CHD,2,A
269,BCH_CHD,2,A
270,BCH_CHD,2,A
271,BCH_CHD,2,A
272,BCH_CHD,2,S
273,BCH_CHD,2,S
274,BCH_CHD,2,S
275,BCH_CHD,2,S
276,BCH_CHD,2,C
277,BCH_CHD,2,C
278,BCH_CHD,2,C
279,BCH_CHD,2,C
280,BCH_CHD,2,A
281,BCH_CHD,2,A
282,BCH_CHD,2,A
283,BCH_CHD,2,A
284,BCH_CHD,2,S
285,BCH_CHD,2,S
286,BCH_CHD,2,S
287,BCH_CHD,2,S
288,BCH_CHD,2,C
289,BCH_CHD,2,C
290,BCH_CHD,2,C
291,BCH_CHD,2,C
292,BCH_CHD,2,A
293,BCH_CHD,2,A
294,BCH_CHD,2,A
295,BCH_CHD,2,A
296,BCH_CHD,2,S
297,BCH_CHD,2,S
298,BCH_CHD,2,S
299,BCH_CHD,2,S
300,BCH_CHD,3,C
301,BCH_CHD,3,C
302,BCH_CHD,3,C
303,BCH_CHD,3,C
304,BCH_CHD,3,C
305,BCH_CHD,3,C
306,BCH_CHD,3,C
307,BCH_CHD,3,C
308,BCH_CHD,3,A
309,BCH_CHD,3,A
310,BCH_CHD,3,A
311,BCH_CHD,3,A
312,BCH_CHD,3,A
313,BCH_CHD,3,A
314,BCH_CHD,3,A
315,BCH_CHD,3,A
316,BCH_CHD,3,C
317,BCH_CHD,3,C
318,BCH_CHD,3,C
319,BCH_CHD,3,C
320,BCH_CHD,3,C
321,BCH_CHD,3,C
322,BCH_CHD,3,C
323,BCH_CHD,3,C
324,BCH_CHD,3,A
325,BCH_CHD,3,A
326,BCH_CHD,3,A
327,BCH_CHD,3,A
328,BCH_CHD,3,S
329,BCH_CHD,3,S
330,BCH_CHD,3,S
331,BCH_CHD,3,S
332,BCH_CHD,3,A
333,BCH_CHD,3,A
334,BCH_CHD,3,A
335,BCH_CHD,3,A
336,BCH_CHD,3,C
337,BCH_CHD,3,C
338,BCH_CHD,3,C
339,BCH_CHD,3,C
340,BCH_CHD,3,A
341,BCH_CHD,3,A
342,BCH_CHD,3,A
343,BCH_CHD,3,A
344,BCH_CHD,3,S
345,BCH_CHD,3,S
346,BCH_CHD,3,S
347,BCH_CHD,3,S
348,BCH_CHD,3,A
349,BCH_CHD,3,A
350,BCH_CHD,3,A
351,BCH_CHD,3,A
352,BCH_CHD,3,A
353,BCH_CHD,3,A
354,BCH_CHD,3,A
355,BCH_CHD,3,A
356,BCH_CHD,3,S
357,BCH_CHD,3,S
358,BCH_CHD,3,S
359,BCH_CHD,3,S
360,BCH_CHD,3,A
361,BCH_CHD,3,A
362,BCH_CHD,3,A
363,BCH_CHD,3,A
364,BCH_CHD,3,C
365,BCH_CHD,3,C
366,BCH_CHD,3,C
367,BCH_CHD,3,C
368,BCH_CHD,3,A
369,BCH_CHD,3,A
370,BCH_CHD,3,A
371,BCH_CHD,3,A
372,BCH_CHD,3,S
373,BCH_CHD,3,S
374,BCH_CHD,3,S
375,BCH_CHD,3,S
376,BCH_CHD,3,A
377,BCH_CHD,3,A
378,BCH_CHD,3,A
379,BCH_CHD,3,A
380,BCH_CHD,3,S
381,BCH_CHD,3,S
382,BCH_CHD,3,S
383,BCH_CHD,3,S
384,BCH_CHD,3,A
385,BCH_CHD,3,A
386,BCH_CHD,3,A
387,BCH_CHD,3,A
388,BCH_CHD,3,C
389,BCH_CHD,3,C
390,BCH_CHD,3,C
391,BCH_CHD,3,C
392,BCH_CHD,3,S
393,BCH_CHD,3,S
394,BCH_CHD,3,S
395,BCH_CHD,3,S
396,BCH_CHD,3,A
397,BCH_CHD,3,A
398,BCH_CHD,3,A
399,BCH_CHD,3,A
400,BCH_CHD,4,S
401,BCH_CHD,4,S
402,BCH_CHD,4,S
403,BCH_CHD,4,S
404,BCH_CHD,4,S
405,BCH_CHD,4,S
406,BCH_CHD,4,S
407,BCH_CHD,4,S
408,BCH_CHD,4,A
409,BCH_CHD,4,A
410,BCH_CHD,4,A
411,BCH_CHD,4,A
412,BCH_CHD,4,C
413,BCH_CHD,4,C
414,BCH_CHD,4,C
415,BCH_CHD,4,C
416,BCH_CHD,4,C
417,BCH_CHD,4,C
418,BCH_CHD,4,C
419,BCH_CHD,4,C
420,BCH_CHD,4,S
421,BCH_CHD,4,S
422,BCH_CHD,4,S
423,BCH_CHD,4,S
424,BCH_CHD,4,A
425,BCH_CHD,4,A
426,BCH_CHD,4,A
427,BCH_CHD,4,A
428,BCH_CHD,4,C
429,BCH_CHD,4,C
430,BCH_CHD,4,C
431,BCH_CHD,4,C
432,BCH_CHD,4,S
433,BCH_CHD,4,S
434,BCH_CHD,4,S
435,BCH_CHD,4,S
436,BCH_CHD,4,C
437,BCH_CHD,4,C
438,BCH_CHD,4,C
439,BCH_CHD,4,C
440,BCH_CHD,4,C
441,BCH_CHD,4,C
442,BCH_CHD,4,C
443,BCH_CHD,4,C
444,BCH_CHD,4,S
445,BCH_CHD,4,S
446,BCH_CHD,4,S
447,BCH_CHD,4,S
448,BCH_CHD,4,C
449,BCH_CHD,4,C
450,BCH_CHD,4,C
451,BCH_CHD,4,C
452,BCH_CHD,4,C
453,BCH_CHD,4,C
454,BCH_CHD,4,C
455,BCH_CHD,4,C
456,BCH_CHD,4,S
457,BCH_CHD,4,S
458,BCH_CHD,4,S
459,BCH_CHD,4,S
460,BCH_CHD,4,S
461,BCH_CHD,4,S
462,BCH_CHD,4,S
463,BCH_CHD,4,S
464,BCH_CHD,4,C
465,BCH_CHD,4,C
466,BCH_CHD,4,C
467,BCH_CHD,4,C
468,BCH_CHD,4,A
469,BCH_CHD,4,A
470,BCH_CHD,4,A
471,BCH_CHD,4,A
472,BCH_CHD,4,S
473,BCH_CHD,4,S
474,BCH_CHD,4,S
475,BCH_CHD,4,S
476,BCH_CHD,4,C
477,BCH_CHD,4,C
478,BCH_CHD,4,C
479,BCH_CHD,4,C
480,BCH_CHD,4,A
481,BCH_CHD,4,A
482,BCH_CHD,4,A
483,BCH_CHD,4,A
484,BCH_CHD,4,C
485,BCH_CHD,4,C
486,BCH_CHD,4,C
487,BCH_CHD,4,C
488,BCH_CHD,4,A
489,BCH_CHD,4,A
490,BCH_CHD,4,A
491,BCH_CHD,4,A
492,BCH_CHD,4,S
493,BCH_CHD,4,S
494,BCH_CHD,4,S
495,BCH_CHD,4,S
496,BCH_CHD,4,C
497,BCH_CHD,4,C
498,BCH_CHD,4,C
499,BCH_CHD,4,C
500,BCH_CHD,5,S
501,BCH_CHD,5,S
502,BCH_CHD,5,S
503,BCH_CHD,5,S
504,BCH_CHD,5,A
505,BCH_CHD,5,A
506,BCH_CHD,5,A
507,BCH_CHD,5,A
508,BCH_CHD,5,S
509,BCH_CHD,5,S
510,BCH_CHD,5,S
511,BCH_CHD,5,S
512,BCH_CHD,5,C
513,BCH_CHD,5,C
514,BCH_CHD,5,C
515,BCH_CHD,5,U
516,BCH_CHD,5,S
517,BCH_CHD,5,S
518,BCH_CHD,5,S
519,BCH_CHD,5,S
520,BCH_CHD,5,S
521,BCH_CHD,5,S
522,BCH_CHD,5,S
523,BCH_CHD,5,S
524,BCH_CHD,5,A
525,BCH_CHD,5,A
526,BCH_CHD,5,A
527,BCH_CHD,5,A
528,BCH_CHD,5,C
529,BCH_CHD,5,C
530,BCH_CHD,5,C
531,BCH_CHD,5,C
532,BCH_CHD,5,S
533,BCH_CHD,5,S
534,BCH_CHD,5,S
535,BCH_CHD,5,S
536,BCH_CHD,5,C
537,BCH_CHD,5,C
538,BCH_CHD,5,C
539,BCH_CHD,5,C
540,BCH_CHD,5,S
541,BCH_CHD,5,S
542,BCH_CHD,5,S
543,BCH_CHD,5,S
544,BCH_CHD,5,C
545,BCH_CHD,5,C
546,BCH_CHD,5,C
547,BCH_CHD,5,C
548,BCH_CHD,5,S
549,BCH_CHD,5,S
550,BCH_CHD,5,S
551,BCH_CHD,5,S
552,BCH_CHD,5,A
553,BCH_CHD,5,A
554,BCH_CHD,5,A
555,BCH_CHD,5,A
556,BCH_CHD,5,C
557,BCH_CHD,5,C
558,BCH_CHD,5,C
559,BCH_CHD,5,C
560,BCH_CHD,5,A
561,BCH_CHD,5,A
562,BCH_CHD,5,A
563,BCH_CHD,5,A
564,BCH_CHD,5,S
565,BCH_CHD,5,U
566,BCH_CHD,5,S
567,BCH_CHD,5,S
568,BCH_CHD,5,C
569,BCH_CHD,5,C
570,BCH_CHD,5,C
571,BCH_CHD,5,C
572,BCH_CHD,5,A
573,BCH_CHD,5,A
574,BCH_CHD,5,A
575,BCH_CHD,5,A
576,BCH_CHD,5,S
577,BCH_CHD,5,S
578,BCH_CHD,5,S
579,BCH_CHD,5,S
580,BCH_CHD,5,S
581,BCH_CHD,5,S
582,BCH_CHD,5,S
583,BCH_CHD,5,S
584,BCH_CHD,5,A
585,BCH_CHD,5,A
586,BCH_CHD,5,A
587,BCH_CHD,5,A
588,BCH_CHD,5,C
589,BCH_CHD,5,C
590,BCH_CHD,5,C
591,BCH_CHD,5,C
592,BCH_CHD,5,S
593,BCH_CHD,5,S
594,BCH_CHD,5,S
595,BCH_CHD,5,S
596,BCH_CHD,5,A
597,BCH_CHD,5,A
598,BCH_CHD,5,A
599,BCH_CHD,5,A
600,BCH_CHD,6,C
601,BCH_CHD,6,C
602,BCH_CHD,6,C
603,BCH_CHD,6,C
604,BCH_CHD,6,C
605,BCH_CHD,6,C
606,BCH_CHD,6,C
607,BCH_CHD,6,C
608,BCH_CHD,6,S
609,BCH_CHD,6,S
610,BCH_CHD,6,S
611,BCH_CHD,6,S
612,BCH_CHD,6,A
613,BCH_CHD,6,A
614,BCH_CHD,6,A
615,BCH_CHD,6,A
616,BCH_CHD,6,S
617,BCH_CHD,6,S
618,BCH_CHD,6,S
619,BCH_CHD,6,S
620,BCH_CHD,6,A
621,BCH_CHD,6,A
622,BCH_CHD,6,A
623,BCH_CHD,6,A
624,BCH_CHD,6,C
625,BCH_CHD,6,C
626,BCH_CHD,6,C
627,BCH_CHD,6,C
628,BCH_CHD,6,S
629,BCH_CHD,6,S
630,BCH_CHD,6,S
631,BCH_CHD,6,S
632,BCH_CHD,6,U
633,BCH_CHD,6,C
634,BCH_CHD,6,U
635,BCH_CHD,6,C
636,BCH_CHD,6,C
637,BCH_CHD,6,C
638,BCH_CHD,6,C
639,BCH_CHD,6,C
640,BCH_CHD,6,C
641,BCH_CHD,6,C
642,BCH_CHD,6,C
643,BCH_CHD,6,C
644,BCH_CHD,6,C
645,BCH_CHD,6,C
646,BCH_CHD,6,C
647,BCH_CHD,6,C
648,BCH_CHD,6,C
649,BCH_CHD,6,C
650,BCH_CHD,6,C
651,BCH_CHD,6,C
652,BCH_CHD,6,S
653,BCH_CHD,6,S
654,BCH_CHD,6,S
655,BCH_CHD,6,S
656,BCH_CHD,6,C
657,BCH_CHD,6,U
658,BCH_CHD,6,U
659,BCH_CHD,6,C
660,BCH_CHD,6,A
661,BCH_CHD,6,A
662,BCH_CHD,6,A
663,BCH_CHD,6,A
664,BCH_CHD,6,S
665,BCH_CHD,6,S
666,BCH_CHD,6,S
667,BCH_CHD,6,S
668,BCH_CHD,6,A
669,BCH_CHD,6,A
670,BCH_CHD,6,A
671,BCH_CHD,6,A
672,BCH_CHD,6,S
673,BCH_CHD,6,S
674,BCH_CHD,6,S
675,BCH_CHD,6,S
676,BCH_CHD,6,C
677,BCH_CHD,6,C
678,BCH_CHD,6,C
679,BCH_CHD,6,C
680,BCH_CHD,6,S
681,BCH_CHD,6,S
682,BCH_CHD,6,S
683,BCH_CHD,6,S
684,BCH_CHD,6,S
685,BCH_CHD,6,S
686,BCH_CHD,6,S
687,BCH_CHD,6,S
688,BCH_CHD,6,S
689,BCH_CHD,6,S
690,BCH_CHD,6,S
691,BCH_CHD,6,S
692,BCH_CHD,6,C
693,BCH_CHD,6,C
694,BCH_CHD,6,C
695,BCH_CHD,6,C
696,BCH_CHD,6,C
697,BCH_CHD,6,C
698,BCH_CHD,6,C
699,BCH_CHD,6,C
700,BCH_CHD,7,S
701,BCH_CHD,7,S
702,BCH_CHD,7,S
703,BCH_CHD,7,S
704,BCH_CHD,7,A
705,BCH_CHD,7,A
706,BCH_CHD,7,A
707,BCH_CHD,7,A
708,BCH_CHD,7,C
709,BCH_CHD,7,C
710,BCH_CHD,7,C
711,BCH_CHD,7,C
712,BCH_CHD,7,S
713,BCH_CHD,7,S
714,BCH_CHD,7,S
715,BCH_CHD,7,S
716,BCH_CHD,7,A
717,BCH_CHD,7,A
718,BCH_CHD,7,A
719,BCH_CHD,7,A
720,BCH_CHD,7,C
721,BCH_CHD,7,C
722,BCH_CHD,7,C
723,BCH_CHD,7,C
724,BCH_CHD,7,S
725,BCH_CHD,7,S
726,BCH_CHD,7,S
727,BCH_CHD,7,S
728,BCH_CHD,7,A
729,BCH_CHD,7,A
730,BCH_CHD,7,A
731,BCH_CHD,7,A
732,BCH_CHD,7,C
733,BCH_CHD,7,C
734,BCH_CHD,7,C
735,BCH_CHD,7,C
736,BCH_CHD,7,S
737,BCH_CHD,7,S
738,BCH_CHD,7,S
739,BCH_CHD,7,S
740,BCH_CHD,7,A
741,BCH_CHD,7,A
742,BCH_CHD,7,A
743,BCH_CHD,7,A
744,BCH_CHD,7,C
745,BCH_CHD,7,C
746,BCH_CHD,7,U
747,BCH_CHD,7,C
748,BCH_CHD,7,S
749,BCH_CHD,7,S
750,BCH_CHD,7,S
751,BCH_CHD,7,S
752,BCH_CHD,7,C
753,BCH_CHD,7,C
754,BCH_CHD,7,C
755,BCH_CHD,7,C
756,BCH_CHD,7,A
757,BCH_CHD,7,A
758,BCH_CHD,7,A
759,BCH_CHD,7,A
760,BCH_CHD,7,A
761,BCH_CHD,7,A
762,BCH_CHD,7,A
763,BCH_CHD,7,A
764,BCH_CHD,7,C
765,BCH_CHD,7,C
766,BCH_CHD,7,C
767,BCH_CHD,7,C
768,BCH_CHD,7,A
769,BCH_CHD,7,A
770,BCH_CHD,7,A
771,BCH_CHD,7,A
772,BCH_CHD,7,C
773,BCH_CHD,7,C
774,BCH_CHD,7,C
775,BCH_CHD,7,C
776,BCH_CHD,7,A
777,BCH_CHD,7,A
778,BCH_CHD,7,A
779,BCH_CHD,7,A
780,BCH_CHD,7,S
781,BCH_CHD,7,S
782,BCH_CHD,7,S
783,BCH_CHD,7,S
784,BCH_CHD,7,C
785,BCH_CHD,7,C
786,BCH_CHD,7,C
787,BCH_CHD,7,C
788,BCH_CHD,7,U
789,BCH_CHD,7,C
790,BCH_CHD,7,C
791,BCH_CHD,7,C
792,BCH_CHD,7,A
793,BCH_CHD,7,A
794,BCH_CHD,7,A
795,BCH_CHD,7,A
796,BCH_CHD,7,S
797,BCH_CHD,7,S
798,BCH_CHD,7,S
799,BCH_CHD,7,S
800,BCH_CHD,8,S
801,BCH_CHD,8,S
802,BCH_CHD,8,S
803,BCH_CHD,8,S
804,BCH_CHD,8,S
805,BCH_CHD,8,S
806,BCH_CHD,8,S
807,BCH_CHD,8,U
808,BCH_CHD,8,S
809,BCH_CHD,8,S
810,BCH_CHD,8,S
811,BCH_CHD,8,S
812,BCH_CHD,8,S
813,BCH_CHD,8,S
814,BCH_CHD,8,S
815,BCH_CHD,8,S
816,BCH_CHD,8,S
817,BCH_CHD,8,S
818,BCH_CHD,8,S
819,BCH_CHD,8,S
820,BCH_CHD,8,A
821,BCH_CHD,8,A
822,BCH_CHD,8,A
823,BCH_CHD,8,A
824,BCH_CHD,8,S
825,BCH_CHD,8,S
826,BCH_CHD,8,S
827,BCH_CHD,8,S
828,BCH_CHD,8,C
829,BCH_CHD,8,C
830,BCH_CHD,8,C
831,BCH_CHD,8,C
832,BCH_CHD,8,S
833,BCH_CHD,8,S
834,BCH_CHD,8,S
835,BCH_CHD,8,S
836,BCH_CHD,8,C
837,BCH_CHD,8,C
838,BCH_CHD,8,C
839,BCH_CHD,8,C
840,BCH_CHD,8,A
841,BCH_CHD,8,A
842,BCH_CHD,8,A
843,BCH_CHD,8,A
844,BCH_CHD,8,S
845,BCH_CHD,8,S
846,BCH_CHD,8,S
847,BCH_CHD,8,S
848,BCH_CHD,8,A
849,BCH_CHD,8,A
850,BCH_CHD,8,A
851,BCH_CHD,8,A
852,BCH_CHD,8,A
853,BCH_CHD,8,A
854,BCH_CHD,8,A
855,BCH_CHD,8,A
856,BCH_CHD,8,S
857,BCH_CHD,8,S
858,BCH_CHD,8,S
859,BCH_CHD,8,S
860,BCH_CHD,8,U
861,BCH_CHD,8,S
862,BCH_CHD,8,S
863,BCH_CHD,8,S
864,BCH_CHD,8,S
865,BCH_CHD,8,S
866,BCH_CHD,8,S
867,BCH_CHD,8,S
868,BCH_CHD,8,A
869,BCH_CHD,8,A
870,BCH_CHD,8,A
871,BCH_CHD,8,A
872,BCH_CHD,8,S
873,BCH_CHD,8,S
874,BCH_CHD,8,S
875,BCH_CHD,8,S
876,BCH_CHD,8,C
877,BCH_CHD,8,C
878,BCH_CHD,8,C
879,BCH_CHD,8,C
880,BCH_CHD,8,C
881,BCH_CHD,8,U
882,BCH_CHD,8,C
883,BCH_CHD,8,C
884,BCH_CHD,8,A
885,BCH_CHD,8,A
886,BCH_CHD,8,A
887,BCH_CHD,8,A
888,BCH_CHD,8,S
889,BCH_CHD,8,S
890,BCH_CHD,8,S
891,BCH_CHD,8,S
892,BCH_CHD,8,C
893,BCH_CHD,8,U
894,BCH_CHD,8,C
895,BCH_CHD,8,C
896,BCH_CHD,8,S
897,BCH_CHD,8,S
898,BCH_CHD,8,S
899,BCH_CHD,8,S
900,BCH_CHD,9,C
901,BCH_CHD,9,C
902,BCH_CHD,9,C
903,BCH_CHD,9,C
904,BCH_CHD,9,A
905,BCH_CHD,9,A
906,BCH_CHD,9,A
907,BCH_CHD,9,A
908,BCH_CHD,9,C
909,BCH_CHD,9,C
910,BCH_CHD,9,C
911,BCH_CHD,9,C
912,BCH_CHD,9,C
913,BCH_CHD,9,C
914,BCH_CHD,9,C
915,BCH_CHD,9,C
916,BCH_CHD,9,A
917,BCH_CHD,9,A
918,BCH_CHD,9,U
919,BCH_CHD,9,A
920,BCH_CHD,9,S
921,BCH_CHD,9,S
922,BCH_CHD,9,S
923,BCH_CHD,9,S
924,BCH_CHD,9,C
925,BCH_CHD,9,C
926,BCH_CHD,9,C
927,BCH_CHD,9,C
928,BCH_CHD,9,A
929,BCH_CHD,9,A
930,BCH_CHD,9,U
931,BCH_CHD,9,A
932,BCH_CHD,9,S
933,BCH_CHD,9,S
934,BCH_CHD,9,S
935,BCH_CHD,9,S
936,BCH_CHD,9,C
937,BCH_CHD,9,C
938,BCH_CHD,9,C
939,BCH_CHD,9,C
940,BCH_CHD,9,A
941,BCH_CHD,9,A
942,BCH_CHD,9,A
943,BCH_CHD,9,A
944,BCH_CHD,9,C
945,BCH_CHD,9,C
946,BCH_CHD,9,C
947,BCH_CHD,9,C
948,BCH_CHD,9,A
949,BCH_CHD,9,A
950,BCH_CHD,9,A
951,BCH_CHD,9,A
952,BCH_CHD,9,C
953,BCH_CHD,9,C
954,BCH_CHD,9,C
955,BCH_CHD,9,C
956,BCH_CHD,9,C
957,BCH_CHD,9,C
958,BCH_CHD,9,C
959,BCH_CHD,9,C
960,BCH_CHD,9,C
961,BCH_CHD,9,C
962,BCH_CHD,9,C
963,BCH_CHD,9,C
964,BCH_CHD,9,S
965,BCH_CHD,9,S
966,BCH_CHD,9,S
967,BCH_CHD,9,S
968,BCH_CHD,9,C
969,BCH_CHD,9,C
970,BCH_CHD,9,C
971,BCH_CHD,9,C
972,BCH_CHD,9,C
973,BCH_CHD,9,C
974,BCH_CHD,9,C
975,BCH_CHD,9,C
976,BCH_CHD,9,C
977,BCH_CHD,9,C
978,BCH_CHD,9,C
979,BCH_CHD,9,C
980,BCH_CHD,9,C
981,BCH_CHD,9,C
982,BCH_CHD,9,C
983,BCH_CHD,9,C
984,BCH_CHD,9,A
985,BCH_CHD,9,A
986,BCH_CHD,9,A
987,BCH_CHD,9,A
988,BCH_CHD,9,C
989,BCH_CHD,9,C
990,BCH_CHD,9,C
991,BCH_CHD,9,C
992,BCH_CHD,9,S
993,BCH_CHD,9,S
994,BCH_CHD,9,S
995,BCH_CHD,9,S
996,BCH_CHD,9,C
997,BCH_CHD,9,C
998,BCH_CHD,9,C
999,BCH_CHD,9,C
1000,BCH_CHD,10,S
1001,BCH_CHD,10,S
1002,BCH_CHD,10,S
1003,BCH_CHD,10,S
1004,BCH_CHD,10,A
1005,BCH_CHD,10,A
1006,BCH_CHD,10,A
1007,BCH_CHD,10,U
1008,BCH_CHD,10,C
1009,BCH_CHD,10,C
1010,BCH_CHD,10,C
1011,BCH_CHD,10,C
1012,BCH_CHD,10,S
1013,BCH_CHD,10,S
1014,BCH_CHD,10,S
1015,BCH_CHD,10,S
1016,BCH_CHD,10,S
1017,BCH_CHD,10,S
1018,BCH_CHD,10,S
1019,BCH_CHD,10,S
1020,BCH_CHD,10,S
1021,BCH_CHD,10,S
1022,BCH_CHD,10,S
1023,BCH_CHD,10,S
1024,BCH_CHD,10,C
1025,BCH_CHD,10,C
1026,BCH_CHD,10,C
1027,BCH_CHD,10,C
1028,BCH_CHD,10,S
1029,BCH_CHD,10,S
1030,BCH_CHD,10,S
1031,BCH_CHD,10,S
1032,BCH_CHD,10,A
1033,BCH_CHD,10,A
1034,BCH_CHD,10,A
1035,BCH_CHD,10,A
1036,BCH_CHD,10,C
1037,BCH_CHD,10,C
1038,BCH_CHD,10,C
1039,BCH_CHD,10,C
1040,BCH_CHD,10,A
1041,BCH_CHD,10,A
1042,BCH_CHD,10,A
1043,BCH_CHD,10,A
1044,BCH_CHD,10,A
1045,BCH_CHD,10,A
1046,BCH_CHD,10,A
1047,BCH_CHD,10,A
1048,BCH_CHD,10,A
1049,BCH_CHD,10,A
1050,BCH_CHD,10,A
1051,BCH_CHD,10,A
1052,BCH_CHD,10,A
1053,BCH_CHD,10,A
1054,BCH_CHD,10,A
1055,BCH_CHD,10,A
1056,BCH_CHD,10,S
1057,BCH_CHD,10,S
1058,BCH_CHD,10,S
1059,BCH_CHD,10,S
1060,BCH_CHD,10,S
1061,BCH_CHD,10,S
1062,BCH_CHD,10,S
1063,BCH_CHD,10,S
1064,BCH_CHD,10,C
1065,BCH_CHD,10,C
1066,BCH_CHD,10,C
1067,BCH_CHD,10,C
1068,BCH_CHD,10,S
1069,BCH_CHD,10,S
1070,BCH_CHD,10,S
1071,BCH_CHD,10,S
1072,BCH_CHD,10,S
1073,BCH_CHD,10,S
1074,BCH_CHD,10,S
1075,BCH_CHD,10,S
1076,BCH_CHD,10,C
1077,BCH_CHD,10,C
1078,BCH_CHD,10,C
1079,BCH_CHD,10,C
1080,BCH_CHD,10,C
1081,BCH_CHD,10,C
1082,BCH_CHD,10,C
1083,BCH_CHD,10,C
1084,BCH_CHD,10,C
1085,BCH_CHD,10,C
1086,BCH_CHD,10,C
1087,BCH_CHD,10,C
1088,BCH_CHD,10,C
1089,BCH_CHD,10,C
1090,BCH_CHD,10,C
1091,BCH_CHD,10,C
1092,BCH_CHD,10,S
1093,BCH_CHD,10,S
1094,BCH_CHD,10,S
1095,BCH_CHD,10,S
1096,BCH_CHD,10,S
1097,BCH_CHD,10,U
1098,BCH_CHD,10,S
1099,BCH_CHD,10,S
1100,BCH_CHD,11,A
1101,BCH_CHD,11,A
1102,BCH_CHD,11,A
1103,BCH_CHD,11,A
1104,BCH_CHD,11,C
1105,BCH_CHD,11,C
1106,BCH_CHD,11,C
1107,BCH_CHD,11,C
1108,BCH_CHD,11,C
1109,BCH_CHD,11,C
1110,BCH_CHD,11,C
1111,BCH_CHD,11,C
1112,BCH_CHD,11,C
1113,BCH_CHD,11,C
1114,BCH_CHD,11,C
1115,BCH_CHD,11,C
1116,BCH_CHD,11,C
1117,BCH_CHD,11,U
1118,BCH_CHD,11,C
1119,BCH_CHD,11,C
1120,BCH_CHD,11,C
1121,BCH_CHD,11,C
1122,BCH_CHD,11,U
1123,BCH_CHD,11,C
1124,BCH_CHD,11,A
1125,BCH_CHD,11,A
1126,BCH_CHD,11,A
1127,BCH_CHD,11,A
1128,BCH_CHD,11,S
1129,BCH_CHD,11,S
1130,BCH_CHD,11,S
1131,BCH_CHD,11,S
1132,BCH_CHD,11,S
1133,BCH_CHD,11,S
1134,BCH_CHD,11,S
1135,BCH_CHD,11,S
1136,BCH_CHD,11,A
1137,BCH_CHD,11,A
1138,BCH_CHD,11,A
1139,BCH_CHD,11,A
1140,BCH_CHD,11,S
1141,BCH_CHD,11,S
1142,BCH_CHD,11,S
1143,BCH_CHD,11,S
1144,BCH_CHD,11,C
1145,BCH_CHD,11,C
1146,BCH_CHD,11,C
1147,BCH_CHD,11,C
1148,BCH_CHD,11,C
1149,BCH_CHD,11,C
1150,BCH_CHD,11,C
1151,BCH_CHD,11,C
1152,BCH_CHD,11,A
1153,BCH_CHD,11,A
1154,BCH_CHD,11,A
1155,BCH_CHD,11,A
1156,BCH_CHD,11,C
1157,BCH_CHD,11,C
1158,BCH_CHD,11,C
1159,BCH_CHD,11,C
1160,BCH_CHD,11,A
1161,BCH_CHD,11,A
1162,BCH_CHD,11,A
1163,BCH_CHD,11,A
1164,BCH_CHD,11,C
1165,BCH_CHD,11,C
1166,BCH_CHD,11,C
1167,BCH_CHD,11,C
1168,BCH_CHD,11,S
1169,BCH_CHD,11,S
1170,BCH_CHD,11,S
1171,BCH_CHD,11,S
1172,BCH_CHD,11,A
1173,BCH_CHD,11,A
1174,BCH_CHD,11,A
1175,BCH_CHD,11,A
1176,BCH_CHD,11,A
1177,BCH_CHD,11,A
1178,BCH_CHD,11,A
1179,BCH_CHD,11,A
1180,BCH_CHD,11,C
1181,BCH_CHD,11,C
1182,BCH_CHD,11,C
1183,BCH_CHD,11,C
1184,BCH_CHD,11,S
1185,BCH_CHD,11,S
1186,BCH_CHD,11,S
1187,BCH_CHD,11,S
1188,BCH_CHD,11,A
1189,BCH_CHD,11,A
1190,BCH_CHD,11,A
1191,BCH_CHD,11,A
1192,BCH_CHD,11,C
1193,BCH_CHD,11,C
1194,BCH_CHD,11,C
1195,BCH_CHD,11,C
1196,BCH_CHD,11,S
1197,BCH_CHD,11,S
1198,BCH_CHD,11,S
1199,BCH_CHD,11,S
1200,BCH_CHD,12,C
1201,BCH_CHD,12,C
1202,BCH_CHD,12,C
1203,BCH_CHD,12,C
1204,BCH_CHD,12,S
1205,BCH_CHD,12,S
1206,BCH_CHD,12,S
1207,BCH_CHD,12,S
1208,BCH_CHD,12,S
1209,BCH_CHD,12,S
1210,BCH_CHD,12,S
1211,BCH_CHD,12,S
1212,BCH_CHD,12,U
1213,BCH_CHD,12,U
1214,BCH_CHD,12,U
1215,BCH_CHD,12,U
1216,BCH_CHD,12,U
1217,BCH_CHD,12,U
1218,BCH_CHD,12,U
1219,BCH_CHD,12,U
1220,BCH_CHD,12,U
1221,BCH_CHD,12,U
1222,BCH_CHD,12,U
1223,BCH_CHD,12,U
1224,BCH_CHD,12,U
1225,BCH_CHD,12,U
1226,BCH_CHD,12,U
1227,BCH_CHD,12,U
1228,BCH_CHD,12,U
1229,BCH_CHD,12,U
1230,BCH_CHD,12,U
1231,BCH_CHD,12,U
1232,BCH_CHD,12,U
1233,BCH_CHD,12,U
1234,BCH_CHD,12,U
1235,BCH_CHD,12,U
1236,BCH_CHD,12,U
1237,BCH_CHD,12,U
1238,BCH_CHD,12,U
1239,BCH_CHD,12,U
1240,BCH_CHD,12,U
1241,BCH_CHD,12,U
1242,BCH_CHD,12,U
1243,BCH_CHD,12,U
1244,BCH_CHD,12,U
1245,BCH_CHD,12,U
1246,BCH_CHD,12,U
1247,BCH_CHD,12,U
1248,BCH_CHD,12,U
1249,BCH_CHD,12,U
1250,BCH_CHD,12,U
1251,BCH_CHD,12,U
1252,BCH_CHD,12,U
1253,BCH_CHD,12,U
1254,BCH_CHD,12,U
1255,BCH_CHD,12,U
1256,BCH_CHD,12,U
1257,BCH_CHD,12,U
1258,BCH_CHD,12,U
1259,BCH_CHD,12,U
1260,BCH_CHD,12,C
1261,BCH_CHD,12,C
1262,BCH_CHD,12,C
1263,BCH_CHD,12,C
1264,BCH_CHD,12,C
1265,BCH_CHD,12,C
1266,BCH_CHD,12,C
1267,BCH_CHD,12,C
1268,BCH_CHD,12,S
1269,BCH_CHD,12,S
1270,BCH_CHD,12,S
1271,BCH_CHD,12,S
1272,BCH_CHD,12,C
1273,BCH_CHD,12,C
1274,BCH_CHD,12,C
1275,BCH_CHD,12,C
1276,BCH_CHD,12,C
1277,BCH_CHD,12,C
1278,BCH_CHD,12,C
1279,BCH_CHD,12,C
1280,BCH_CHD,12,C
1281,BCH_CHD,12,C
1282,BCH_CHD,12,C
1283,BCH_CHD,12,C
1284,BCH_CHD,12,A
1285,BCH_CHD,12,A
1286,BCH_CHD,12,A
1287,BCH_CHD,12,A
1288,BCH_CHD,12,S
1289,BCH_CHD,12,S
1290,BCH_CHD,12,S
1291,BCH_CHD,12,S
1292,BCH_CHD,12,A
1293,BCH_CHD,12,A
1294,BCH_CHD,12,A
1295,BCH_CHD,12,A
1296,BCH_CHD,12,S
1297,BCH_CHD,12,S
1298,BCH_CHD,12,S
1299,BCH_CHD,12,S
1300,BCH_CHD,13,A
1301,BCH_CHD,13,A
1302,BCH_CHD,13,A
1303,BCH_CHD,13,A
1304,BCH_CHD,13,S
1305,BCH_CHD,13,S
1306,BCH_CHD,13,S
1307,BCH_CHD,13,S
1308,BCH_CHD,13,C
1309,BCH_CHD,13,C
1310,BCH_CHD,13,C
1311,BCH_CHD,13,C
1312,BCH_CHD,13,C
1313,BCH_CHD,13,C
1314,BCH_CHD,13,C
1315,BCH_CHD,13,C
1316,BCH_CHD,13,S
1317,BCH_CHD,13,S
1318,BCH_CHD,13,S
1319,BCH_CHD,13,S
1320,BCH_CHD,13,C
1321,BCH_CHD,13,C
1322,BCH_CHD,13,C
1323,BCH_CHD,13,C
1324,BCH_CHD,13,C
1325,BCH_CHD,13,C
1326,BCH_CHD,13,C
1327,BCH_CHD,13,C
1328,BCH_CHD,13,S
1329,BCH_CHD,13,S
1330,BCH_CHD,13,S
1331,BCH_CHD,13,S
1332,BCH_CHD,13,C
1333,BCH_CHD,13,C
1334,BCH_CHD,13,C
1335,BCH_CHD,13,C
1336,BCH_CHD,13,S
1337,BCH_CHD,13,S
1338,BCH_CHD,13,S
1339,BCH_CHD,13,S
1340,BCH_CHD,13,C
1341,BCH_CHD,13,C
1342,BCH_CHD,13,U
1343,BCH_CHD,13,U
1344,BCH_CHD,13,S
1345,BCH_CHD,13,S
1346,BCH_CHD,13,S
1347,BCH_CHD,13,S
1348,BCH_CHD,13,C
1349,BCH_CHD,13,C
1350,BCH_CHD,13,C
1351,BCH_CHD,13,U
1352,BCH_CHD,13,A
1353,BCH_CHD,13,A
1354,BCH_CHD,13,A
1355,BCH_CHD,13,A
1356,BCH_CHD,13,S
1357,BCH_CHD,13,S
1358,BCH_CHD,13,S
1359,BCH_CHD,13,S
1360,BCH_CHD,13,C
1361,BCH_CHD,13,C
1362,BCH_CHD,13,C
1363,BCH_CHD,13,C
1364,BCH_CHD,13,C
1365,BCH_CHD,13,C
1366,BCH_CHD,13,C
1367,BCH_CHD,13,C
1368,BCH_CHD,13,S
1369,BCH_CHD,13,S
1370,BCH_CHD,13,S
1371,BCH_CHD,13,S
1372,BCH_CHD,13,A
1373,BCH_CHD,13,A
1374,BCH_CHD,13,U
1375,BCH_CHD,13,A
1376,BCH_CHD,13,C
1377,BCH_CHD,13,C
1378,BCH_CHD,13,C
1379,BCH_CHD,13,C
1380,BCH_CHD,13,S
1381,BCH_CHD,13,S
1382,BCH_CHD,13,S
1383,BCH_CHD,13,S
1384,BCH_CHD,13,C
1385,BCH_CHD,13,U
1386,BCH_CHD,13,C
1387,BCH_CHD,13,U
1388,BCH_CHD,13,C
1389,BCH_CHD,13,U
1390,BCH_CHD,13,C
1391,BCH_CHD,13,C
1392,BCH_CHD,13,S
1393,BCH_CHD,13,S
1394,BCH_CHD,13,S
1395,BCH_CHD,13,S
1396,BCH_CHD,13,S
1397,BCH_CHD,13,S
1398,BCH_CHD,13,S
1399,BCH_CHD,13,S
1400,BCH_CHD,14,C
1401,BCH_CHD,14,C
1402,BCH_CHD,14,C
1403,BCH_CHD,14,C
1404,BCH_CHD,14,C
1405,BCH_CHD,14,C
1406,BCH_CHD,14,C
1407,BCH_CHD,14,C
1408,BCH_CHD,14,S
1409,BCH_CHD,14,S
1410,BCH_CHD,14,U
1411,BCH_CHD,14,S
1412,BCH_CHD,14,C
1413,BCH_CHD,14,U
1414,BCH_CHD,14,C
1415,BCH_CHD,14,U
1416,BCH_CHD,14,A
1417,BCH_CHD,14,U
1418,BCH_CHD,14,A
1419,BCH_CHD,14,A
1420,BCH_CHD,14,S
1421,BCH_CHD,14,S
1422,BCH_CHD,14,S
1423,BCH_CHD,14,S
1424,BCH_CHD,14,S
1425,BCH_CHD,14,S
1426,BCH_CHD,14,S
1427,BCH_CHD,14,S
1428,BCH_CHD,14,S
1429,BCH_CHD,14,S
1430,BCH_CHD,14,S
1431,BCH_CHD,14,S
1432,BCH_CHD,14,A
1433,BCH_CHD,14,A
1434,BCH_CHD,14,A
1435,BCH_CHD,14,A
1436,BCH_CHD,14,C
1437,BCH_CHD,14,C
1438,BCH_CHD,14,C
1439,BCH_CHD,14,C
1440,BCH_CHD,14,S
1441,BCH_CHD,14,S
1442,BCH_CHD,14,S
1443,BCH_CHD,14,S
1444,BCH_CHD,14,S
1445,BCH_CHD,14,S
1446,BCH_CHD,14,S
1447,BCH_CHD,14,S
1448,BCH_CHD,14,C
1449,BCH_CHD,14,C
1450,BCH_CHD,14,C
1451,BCH_CHD,14,C
1452,BCH_CHD,14,S
1453,BCH_CHD,14,S
1454,BCH_CHD,14,S
1455,BCH_CHD,14,S
1456,BCH_CHD,14,C
1457,BCH_CHD,14,C
1458,BCH_CHD,14,C
1459,BCH_CHD,14,U
1460,BCH_CHD,14,A
1461,BCH_CHD,14,A
1462,BCH_CHD,14,A
1463,BCH_CHD,14,A
1464,BCH_CHD,14,S
1465,BCH_CHD,14,S
1466,BCH_CHD,14,S
1467,BCH_CHD,14,S
1468,BCH_CHD,14,S
1469,BCH_CHD,14,S
1470,BCH_CHD,14,S
1471,BCH_CHD,14,S
1472,BCH_CHD,14,C
1473,BCH_CHD,14,C
1474,BCH_CHD,14,C
1475,BCH_CHD,14,C
1476,BCH_CHD,14,C
1477,BCH_CHD,14,C
1478,BCH_CHD,14,C
1479,BCH_CHD,14,C
1480,BCH_CHD,14,A
1481,BCH_CHD,14,A
1482,BCH_CHD,14,A
1483,BCH_CHD,14,A
1484,BCH_CHD,14,A
1485,BCH_CHD,14,A
1486,BCH_CHD,14,A
1487,BCH_CHD,14,A
1488,BCH_CHD,14,C
1489,BCH_CHD,14,C
1490,BCH_CHD,14,C
1491,BCH_CHD,14,C
1492,BCH_CHD,14,C
1493,BCH_CHD,14,C
1494,BCH_CHD,14,C
1495,BCH_CHD,14,C
1496,BCH_CHD,14,C
1497,BCH_CHD,14,C
1498,BCH_CHD,14,C
1499,BCH_CHD,14,C
1500,BCH_CHD,15,A
1501,BCH_CHD,15,A
1502,BCH_CHD,15,A
1503,BCH_CHD,15,A
1504,BCH_CHD,15,S
1505,BCH_CHD,15,S
1506,BCH_CHD,15,S
1507,BCH_CHD,15,S
1508,BCH_CHD,15,C
1509,BCH_CHD,15,C
1510,BCH_CHD,15,C
1511,BCH_CHD,15,C
1512,BCH_CHD,15,A
1513,BCH_CHD,15,A
1514,BCH_CHD,15,A
1515,BCH_CHD,15,A
1516,BCH_CHD,15,S
1517,BCH_CHD,15,S
1518,BCH_CHD,15,S
1519,BCH_CHD,15,S
1520,BCH_CHD,15,C
1521,BCH_CHD,15,C
1522,BCH_CHD,15,C
1523,BCH_CHD,15,C
1524,BCH_CHD,15,S
1525,BCH_CHD,15,S
1526,BCH_CHD,15,S
1527,BCH_CHD,15,S
1528,BCH_CHD,15,C
1529,BCH_CHD,15,C
1530,BCH_CHD,15,C
1531,BCH_CHD,15,C
1532,BCH_CHD,15,C
1533,BCH_CHD,15,C
1534,BCH_CHD,15,C
1535,BCH_CHD,15,C
1536,BCH_CHD,15,A
1537,BCH_CHD,15,A
1538,BCH_CHD,15,A
1539,BCH_CHD,15,A
1540,BCH_CHD,15,S
1541,BCH_CHD,15,S
1542,BCH_CHD,15,S
1543,BCH_CHD,15,S
1544,BCH_CHD,15,C
1545,BCH_CHD,15,C
1546,BCH_CHD,15,C
1547,BCH_CHD,15,C
1548,BCH_CHD,15,A
1549,BCH_CHD,15,A
1550,BCH_CHD,15,A
1551,BCH_CHD,15,A
1552,BCH_CHD,15,S
1553,BCH_CHD,15,S
1554,BCH_CHD,15,S
1555,BCH_CHD,15,S
1556,BCH_CHD,15,C
1557,BCH_CHD,15,C
1558,BCH_CHD,15,C
1559,BCH_CHD,15,C
1560,BCH_CHD,15,A
1561,BCH_CHD,15,A
1562,BCH_CHD,15,A
1563,BCH_CHD,15,A
1564,BCH_CHD,15,S
1565,BCH_CHD,15,S
1566,BCH_CHD,15,S
1567,BCH_CHD,15,S
1568,BCH_CHD,15,C
1569,BCH_CHD,15,C
1570,BCH_CHD,15,C
1571,BCH_CHD,15,C
1572,BCH_CHD,15,A
1573,BCH_CHD,15,A
1574,BCH_CHD,15,A
1575,BCH_CHD,15,A
1576,BCH_CHD,15,S
1577,BCH_CHD,15,S
1578,BCH_CHD,15,S
1579,BCH_CHD,15,S
1580,BCH_CHD,15,S
1581,BCH_CHD,15,S
1582,BCH_CHD,15,S
1583,BCH_CHD,15,S
1584,BCH_CHD,15,C
1585,BCH_CHD,15,C
1586,BCH_CHD,15,C
1587,BCH_CHD,15,C
1588,BCH_CHD,15,A
1589,BCH_CHD,15,A
1590,BCH_CHD,15,A
1591,BCH_CHD,15,A
1592,BCH_CHD,15,S
1593,BCH_CHD,15,U
1594,BCH_CHD,15,S
1595,BCH_CHD,15,S
1596,BCH_CHD,15,C
1597,BCH_CHD,15,C
1598,BCH_CHD,15,C
1599,BCH_CHD,15,C
1600,BCH_CHD,16,S
1601,BCH_CHD,16,S
1602,BCH_CHD,16,S
1603,BCH_CHD,16,S
1604,BCH_CHD,16,S
1605,BCH_CHD,16,S
1606,BCH_CHD,16,S
1607,BCH_CHD,16,S
1608,BCH_CHD,16,A
1609,BCH_CHD,16,A
1610,BCH_CHD,16,A
1611,BCH_CHD,16,A
1612,BCH_CHD,16,S
1613,BCH_CHD,16,S
1614,BCH_CHD,16,S
1615,BCH_CHD,16,S
1616,BCH_CHD,16,A
1617,BCH_CHD,16,A
1618,BCH_CHD,16,A
1619,BCH_CHD,16,A
1620,BCH_CHD,16,C
1621,BCH_CHD,16,C
1622,BCH_CHD,16,C
1623,BCH_CHD,16,C
1624,BCH_CHD,16,A
1625,BCH_CHD,16,A
1626,BCH_CHD,16,A
1627,BCH_CHD,16,A
1628,BCH_CHD,16,S
1629,BCH_CHD,16,S
1630,BCH_CHD,16,S
1631,BCH_CHD,16,S
1632,BCH_CHD,16,U
1633,BCH_CHD,16,C
1634,BCH_CHD,16,C
1635,BCH_CHD,16,C
1636,BCH_CHD,16,A
1637,BCH_CHD,16,A
1638,BCH_CHD,16,A
1639,BCH_CHD,16,A
1640,BCH_CHD,16,C
1641,BCH_CHD,16,C
1642,BCH_CHD,16,C
1643,BCH_CHD,16,C
1644,BCH_CHD,16,C
1645,BCH_CHD,16,C
1646,BCH_CHD,16,C
1647,BCH_CHD,16,C
1648,BCH_CHD,16,A
1649,BCH_CHD,16,A
1650,BCH_CHD,16,A
1651,BCH_CHD,16,A
1652,BCH_CHD,16,C
1653,BCH_CHD,16,C
1654,BCH_CHD,16,C
1655,BCH_CHD,16,C
1656,BCH_CHD,16,A
1657,BCH_CHD,16,A
1658,BCH_CHD,16,A
1659,BCH_CHD,16,A
1660,BCH_CHD,16,S
1661,BCH_CHD,16,S
1662,BCH_CHD,16,S
1663,BCH_CHD,16,S
1664,BCH_CHD,16,C
1665,BCH_CHD,16,C
1666,BCH_CHD,16,C
1667,BCH_CHD,16,C
1668,BCH_CHD,16,A
1669,BCH_CHD,16,A
1670,BCH_CHD,16,A
1671,BCH_CHD,16,A
1672,BCH_CHD,16,C
1673,BCH_CHD,16,C
1674,BCH_CHD,16,C
1675,BCH_CHD,16,C
1676,BCH_CHD,16,S
1677,BCH_CHD,16,U
1678,BCH_CHD,16,S
1679,BCH_CHD,16,S
1680,BCH_CHD,16,A
1681,BCH_CHD,16,A
1682,BCH_CHD,16,A
1683,BCH_CHD,16,A
1684,BCH_CHD,16,S
1685,BCH_CHD,16,S
1686,BCH_CHD,16,S
1687,BCH_CHD,16,S
1688,BCH_CHD,16,C
1689,BCH_CHD,16,C
1690,BCH_CHD,16,C
1691,BCH_CHD,16,C
1692,BCH_CHD,16,S
1693,BCH_CHD,16,S
1694,BCH_CHD,16,S
1695,BCH_CHD,16,S
1696,BCH_CHD,16,C
1697,BCH_CHD,16,C
1698,BCH_CHD,16,C
1699,BCH_CHD,16,C
1700,BCH_CHD,17,A
1701,BCH_CHD,17,A
1702,BCH_CHD,17,A
1703,BCH_CHD,17,A
1704,BCH_CHD,17,C
1705,BCH_CHD,17,C
1706,BCH_CHD,17,C
1707,BCH_CHD,17,C
1708,BCH_CHD,17,C
1709,BCH_CHD,17,U
1710,BCH_CHD,17,C
1711,BCH_CHD,17,C
1712,BCH_CHD,17,A
1713,BCH_CHD,17,A
1714,BCH_CHD,17,A
1715,BCH_CHD,17,A
1716,BCH_CHD,17,U
1717,BCH_CHD,17,C
1718,BCH_CHD,17,C
1719,BCH_CHD,17,C
1720,BCH_CHD,17,U
1721,BCH_CHD,17,S
1722,BCH_CHD,17,S
1723,BCH_CHD,17,S
1724,BCH_CHD,17,C
1725,BCH_CHD,17,C
1726,BCH_CHD,17,C
1727,BCH_CHD,17,C
1728,BCH_CHD,17,A
1729,BCH_CHD,17,A
1730,BCH_CHD,17,A
1731,BCH_CHD,17,A
1732,BCH_CHD,17,C
1733,BCH_CHD,17,C
1734,BCH_CHD,17,C
1735,BCH_CHD,17,C
1736,BCH_CHD,17,U
1737,BCH_CHD,17,S
1738,BCH_CHD,17,S
1739,BCH_CHD,17,S
1740,BCH_CHD,17,C
1741,BCH_CHD,17,C
1742,BCH_CHD,17,C
1743,BCH_CHD,17,C
1744,BCH_CHD,17,C
1745,BCH_CHD,17,C
1746,BCH_CHD,17,C
1747,BCH_CHD,17,C
1748,BCH_CHD,17,S
1749,BCH_CHD,17,S
1750,BCH_CHD,17,S
1751,BCH_CHD,17,S
1752,BCH_CHD,17,A
1753,BCH_CHD,17,A
1754,BCH_CHD,17,A
1755,BCH_CHD,17,A
1756,BCH_CHD,17,S
1757,BCH_CHD,17,S
1758,BCH_CHD,17,S
1759,BCH_CHD,17,S
1760,BCH_CHD,17,A
1761,BCH_CHD,17,A
1762,BCH_CHD,17,A
1763,BCH_CHD,17,A
1764,BCH_CHD,17,S
1765,BCH_CHD,17,U
1766,BCH_CHD,17,S
1767,BCH_CHD,17,S
1768,BCH_CHD,17,C
1769,BCH_CHD,17,C
1770,BCH_CHD,17,C
1771,BCH_CHD,17,C
1772,BCH_CHD,17,C
1773,BCH_CHD,17,C
1774,BCH_CHD,17,C
1775,BCH_CHD,17,C
1776,BCH_CHD,17,S
1777,BCH_CHD,17,S
1778,BCH_CHD,17,S
1779,BCH_CHD,17,S
1780,BCH_CHD,17,A
1781,BCH_CHD,17,A
1782,BCH_CHD,17,A
1783,BCH_CHD,17,A
1784,BCH_CHD,17,C
1785,BCH_CHD,17,C
1786,BCH_CHD,17,C
1787,BCH_CHD,17,C
1788,BCH_CHD,17,C
1789,BCH_CHD,17,C
1790,BCH_CHD,17,C
1791,BCH_CHD,17,C
1792,BCH_CHD,17,A
1793,BCH_CHD,17,A
1794,BCH_CHD,17,A
1795,BCH_CHD,17,A
1796,BCH_CHD,17,S
1797,BCH_CHD,17,S
1798,BCH_CHD,17,S
1799,BCH_CHD,17,S
1800,BCH_CHD,18,C
1801,BCH_CHD,18,C
1802,BCH_CHD,18,C
1803,BCH_CHD,18,C
1804,BCH_CHD,18,A
1805,BCH_CHD,18,A
1806,BCH_CHD,18,A
1807,BCH_CHD,18,A
1808,BCH_CHD,18,S
1809,BCH_CHD,18,S
1810,BCH_CHD,18,S
1811,BCH_CHD,18,S
1812,BCH_CHD,18,C
1813,BCH_CHD,18,C
1814,BCH_CHD,18,C
1815,BCH_CHD,18,C
1816,BCH_CHD,18,A
1817,BCH_CHD,18,A
1818,BCH_CHD,18,A
1819,BCH_CHD,18,A
1820,BCH_CHD,18,S
1821,BCH_CHD,18,S
1822,BCH_CHD,18,S
1823,BCH_CHD,18,S
1824,BCH_CHD,18,C
1825,BCH_CHD,18,C
1826,BCH_CHD,18,C
1827,BCH_CHD,18,C
1828,BCH_CHD,18,S
1829,BCH_CHD,18,S
1830,BCH_CHD,18,S
1831,BCH_CHD,18,S
1832,BCH_CHD,18,U
1833,BCH_CHD,18,S
1834,BCH_CHD,18,S
1835,BCH_CHD,18,S
1836,BCH_CHD,18,C
1837,BCH_CHD,18,C
1838,BCH_CHD,18,C
1839,BCH_CHD,18,C
1840,BCH_CHD,18,S
1841,BCH_CHD,18,S
1842,BCH_CHD,18,S
1843,BCH_CHD,18,S
1844,BCH_CHD,18,C
1845,BCH_CHD,18,C
1846,BCH_CHD,18,U
1847,BCH_CHD,18,C
1848,BCH_CHD,18,C
1849,BCH_CHD,18,C
1850,BCH_CHD,18,C
1851,BCH_CHD,18,C
1852,BCH_CHD,18,C
1853,BCH_CHD,18,C
1854,BCH_CHD,18,C
1855,BCH_CHD,18,C
1856,BCH_CHD,18,U
1857,BCH_CHD,18,S
1858,BCH_CHD,18,U
1859,BCH_CHD,18,S
1860,BCH_CHD,18,S
1861,BCH_CHD,18,S
1862,BCH_CHD,18,S
1863,BCH_CHD,18,S
1864,BCH_CHD,18,A
1865,BCH_CHD,18,A
1866,BCH_CHD,18,A
1867,BCH_CHD,18,A
1868,BCH_CHD,18,A
1869,BCH_CHD,18,A
1870,BCH_CHD,18,U
1871,BCH_CHD,18,A
1872,BCH_CHD,18,S
1873,BCH_CHD,18,S
1874,BCH_CHD,18,S
1875,BCH_CHD,18,S
1876,BCH_CHD,18,S
1877,BCH_CHD,18,S
1878,BCH_CHD,18,S
1879,BCH_CHD,18,S
1880,BCH_CHD,18,C
1881,BCH_CHD,18,C
1882,BCH_CHD,18,U
1883,BCH_CHD,18,C
1884,BCH_CHD,18,S
1885,BCH_CHD,18,S
1886,BCH_CHD,18,S
1887,BCH_CHD,18,S
1888,BCH_CHD,18,A
1889,BCH_CHD,18,A
1890,BCH_CHD,18,A
1891,BCH_CHD,18,A
1892,BCH_CHD,18,S
1893,BCH_CHD,18,S
1894,BCH_CHD,18,S
1895,BCH_CHD,18,S
1896,BCH_CHD,18,U
1897,BCH_CHD,18,A
1898,BCH_CHD,18,A
1899,BCH_CHD,18,A
1900,BCH_CHD,19,C
1901,BCH_CHD,19,C
1902,BCH_CHD,19,C
1903,BCH_CHD,19,C
1904,BCH_CHD,19,S
1905,BCH_CHD,19,S
1906,BCH_CHD,19,S
1907,BCH_CHD,19,S
1908,BCH_CHD,19,C
1909,BCH_CHD,19,C
1910,BCH_CHD,19,C
1911,BCH_CHD,19,C
1912,BCH_CHD,19,S
1913,BCH_CHD,19,S
1914,BCH_CHD,19,S
1915,BCH_CHD,19,S
1916,BCH_CHD,19,A
1917,BCH_CHD,19,A
1918,BCH_CHD,19,A
1919,BCH_CHD,19,A
1920,BCH_CHD,19,A
1921,BCH_CHD,19,A
1922,BCH_CHD,19,U
1923,BCH_CHD,19,A
1924,BCH_CHD,19,S
1925,BCH_CHD,19,S
1926,BCH_CHD,19,S
1927,BCH_CHD,19,S
1928,BCH_CHD,19,C
1929,BCH_CHD,19,C
1930,BCH_CHD,19,C
1931,BCH_CHD,19,C
1932,BCH_CHD,19,C
1933,BCH_CHD,19,C
1934,BCH_CHD,19,C
1935,BCH_CHD,19,C
1936,BCH_CHD,19,C
1937,BCH_CHD,19,C
1938,BCH_CHD,19,C
1939,BCH_CHD,19,C
1940,BCH_CHD,19,A
1941,BCH_CHD,19,A
1942,BCH_CHD,19,A
1943,BCH_CHD,19,A
1944,BCH_CHD,19,A
1945,BCH_CHD,19,A
1946,BCH_CHD,19,A
1947,BCH_CHD,19,A
1948,BCH_CHD,19,S
1949,BCH_CHD,19,S
1950,BCH_CHD,19,S
1951,BCH_CHD,19,S
1952,BCH_CHD,19,A
1953,BCH_CHD,19,A
1954,BCH_CHD,19,A
1955,BCH_CHD,19,A
1956,BCH_CHD,19,U
1957,BCH_CHD,19,S
1958,BCH_CHD,19,S
1959,BCH_CHD,19,S
1960,BCH_CHD,19,S
1961,BCH_CHD,19,S
1962,BCH_CHD,19,U
1963,BCH_CHD,19,S
1964,BCH_CHD,19,A
1965,BCH_CHD,19,A
1966,BCH_CHD,19,A
1967,BCH_CHD,19,A
1968,BCH_CHD,19,A
1969,BCH_CHD,19,A
1970,BCH_CHD,19,A
1971,BCH_CHD,19,A
1972,BCH_CHD,19,S
1973,BCH_CHD,19,S
1974,BCH_CHD,19,S
1975,BCH_CHD,19,S
1976,BCH_CHD,19,A
1977,BCH_CHD,19,A
1978,BCH_CHD,19,A
1979,BCH_CHD,19,A
1980,BCH_CHD,19,S
1981,BCH_CHD,19,S
1982,BCH_CHD,19,S
1983,BCH_CHD,19,S
1984,BCH_CHD,19,C
1985,BCH_CHD,19,C
1986,BCH_CHD,19,C
1987,BCH_CHD,19,C
1988,BCH_CHD,19,A
1989,BCH_CHD,19,A
1990,BCH_CHD,19,A
1991,BCH_CHD,19,A
1992,BCH_CHD,19,S
1993,BCH_CHD,19,S
1994,BCH_CHD,19,S
1995,BCH_CHD,19,S
1996,BCH_CHD,19,C
1997,BCH_CHD,19,C
1998,BCH_CHD,19,C
1999,BCH_CHD,19,C
2000,BCH_CHD,20,A
2001,BCH_CHD,20,A
2002,BCH_CHD,20,A
2003,BCH_CHD,20,A
2004,BCH_CHD,20,S
2005,BCH_CHD,20,S
2006,BCH_CHD,20,S
2007,BCH_CHD,20,S
2008,BCH_CHD,20,C
2009,BCH_CHD,20,C
2010,BCH_CHD,20,C
2011,BCH_CHD,20,C
2012,BCH_CHD,20,A
2013,BCH_CHD,20,A
2014,BCH_CHD,20,A
2015,BCH_CHD,20,A
2016,BCH_CHD,20,S
2017,BCH_CHD,20,S
2018,BCH_CHD,20,S
2019,BCH_CHD,20,S
2020,BCH_CHD,20,C
2021,BCH_CHD,20,C
2022,BCH_CHD,20,C
2023,BCH_CHD,20,C
2024,BCH_CHD,20,A
2025,BCH_CHD,20,A
2026,BCH_CHD,20,A
2027,BCH_CHD,20,A
2028,BCH_CHD,20,S
2029,BCH_CHD,20,S
2030,BCH_CHD,20,S
2031,BCH_CHD,20,S
2032,BCH_CHD,20,C
2033,BCH_CHD,20,C
2034,BCH_CHD,20,C
2035,BCH_CHD,20,C
2036,BCH_CHD,20,S
2037,BCH_CHD,20,S
2038,BCH_CHD,20,S
2039,BCH_CHD,20,S
2040,BCH_CHD,20,S
2041,BCH_CHD,20,S
2042,BCH_CHD,20,S
2043,BCH_CHD,20,S
2044,BCH_CHD,20,A
2045,BCH_CHD,20,A
2046,BCH_CHD,20,A
2047,BCH_CHD,20,A
2048,BCH_CHD,20,S
2049,BCH_CHD,20,S
2050,BCH_CHD,20,S
2051,BCH_CHD,20,S
2052,BCH_CHD,20,A
2053,BCH_CHD,20,A
2054,BCH_CHD,20,A
2055,BCH_CHD,20,A
2056,BCH_CHD,20,S
2057,BCH_CHD,20,S
2058,BCH_CHD,20,S
2059,BCH_CHD,20,S
2060,BCH_CHD,20,A
2061,BCH_CHD,20,A
2062,BCH_CHD,20,A
2063,BCH_CHD,20,A
2064,BCH_CHD,20,C
2065,BCH_CHD,20,C
2066,BCH_CHD,20,C
2067,BCH_CHD,20,C
2068,BCH_CHD,20,A
2069,BCH_CHD,20,A
2070,BCH_CHD,20,A
2071,BCH_CHD,20,A
2072,BCH_CHD,20,A
2073,BCH_CHD,20,U
2074,BCH_CHD,20,A
2075,BCH_CHD,20,A
2076,BCH_CHD,20,C
2077,BCH_CHD,20,C
2078,BCH_CHD,20,C
2079,BCH_CHD,20,C
2080,BCH_CHD,20,C
2081,BCH_CHD,20,C
2082,BCH_CHD,20,C
2083,BCH_CHD,20,C
2084,BCH_CHD,20,C
2085,BCH_CHD,20,C
2086,BCH_CHD,20,C
2087,BCH_CHD,20,C
2088,BCH_CHD,20,S
2089,BCH_CHD,20,S
2090,BCH_CHD,20,S
2091,BCH_CHD,20,S
2092,BCH_CHD,20,S
2093,BCH_CHD,20,S
2094,BCH_CHD,20,S
2095,BCH_CHD,20,S
2096,BCH_CHD,20,C
2097,BCH_CHD,20,C
2098,BCH_CHD,20,C
2099,BCH_CHD,20,C
2100,BCH_CHD,21,S
2101,BCH_CHD,21,S
2102,BCH_CHD,21,S
2103,BCH_CHD,21,S
2104,BCH_CHD,21,A
2105,BCH_CHD,21,A
2106,BCH_CHD,21,A
2107,BCH_CHD,21,A
2108,BCH_CHD,21,S
2109,BCH_CHD,21,S
2110,BCH_CHD,21,S
2111,BCH_CHD,21,S
2112,BCH_CHD,21,C
2113,BCH_CHD,21,C
2114,BCH_CHD,21,C
2115,BCH_CHD,21,C
2116,BCH_CHD,21,A
2117,BCH_CHD,21,A
2118,BCH_CHD,21,A
2119,BCH_CHD,21,A
2120,BCH_CHD,21,S
2121,BCH_CHD,21,S
2122,BCH_CHD,21,S
2123,BCH_CHD,21,S
2124,BCH_CHD,21,C
2125,BCH_CHD,21,C
2126,BCH_CHD,21,C
2127,BCH_CHD,21,C
2128,BCH_CHD,21,A
2129,BCH_CHD,21,A
2130,BCH_CHD,21,A
2131,BCH_CHD,21,A
2132,BCH_CHD,21,S
2133,BCH_CHD,21,S
2134,BCH_CHD,21,S
2135,BCH_CHD,21,S
2136,BCH_CHD,21,C
2137,BCH_CHD,21,C
2138,BCH_CHD,21,C
2139,BCH_CHD,21,C
2140,BCH_CHD,21,S
2141,BCH_CHD,21,S
2142,BCH_CHD,21,S
2143,BCH_CHD,21,S
2144,BCH_CHD,21,S
2145,BCH_CHD,21,S
2146,BCH_CHD,21,S
2147,BCH_CHD,21,S
2148,BCH_CHD,21,C
2149,BCH_CHD,21,C
2150,BCH_CHD,21,C
2151,BCH_CHD,21,C
2152,BCH_CHD,21,A
2153,BCH_CHD,21,A
2154,BCH_CHD,21,U
2155,BCH_CHD,21,A
2156,BCH_CHD,21,A
2157,BCH_CHD,21,A
2158,BCH_CHD,21,A
2159,BCH_CHD,21,A
2160,BCH_CHD,21,C
2161,BCH_CHD,21,C
2162,BCH_CHD,21,C
2163,BCH_CHD,21,C
2164,BCH_CHD,21,C
2165,BCH_CHD,21,C
2166,BCH_CHD,21,C
2167,BCH_CHD,21,C
2168,BCH_CHD,21,A
2169,BCH_CHD,21,A
2170,BCH_CHD,21,A
2171,BCH_CHD,21,A
2172,BCH_CHD,21,S
2173,BCH_CHD,21,S
2174,BCH_CHD,21,S
2175,BCH_CHD,21,S
2176,BCH_CHD,21,C
2177,BCH_CHD,21,C
2178,BCH_CHD,21,C
2179,BCH_CHD,21,C
2180,BCH_CHD,21,C
2181,BCH_CHD,21,C
2182,BCH_CHD,21,C
2183,BCH_CHD,21,C
2184,BCH_CHD,21,S
2185,BCH_CHD,21,S
2186,BCH_CHD,21,S
2187,BCH_CHD,21,S
2188,BCH_CHD,21,C
2189,BCH_CHD,21,C
2190,BCH_CHD,21,C
2191,BCH_CHD,21,C
2192,BCH_CHD,21,C
2193,BCH_CHD,21,C
2194,BCH_CHD,21,C
2195,BCH_CHD,21,C
2196,BCH_CHD,21,U
2197,BCH_CHD,21,S
2198,BCH_CHD,21,S
2199,BCH_CHD,21,S
2200,BCH_CHD,22,C
2201,BCH_CHD,22,C
2202,BCH_CHD,22,C
2203,BCH_CHD,22,C
2204,BCH_CHD,22,A
2205,BCH_CHD,22,A
2206,BCH_CHD,22,A
2207,BCH_CHD,22,A
2208,BCH_CHD,22,S
2209,BCH_CHD,22,S
2210,BCH_CHD,22,S
2211,BCH_CHD,22,S
2212,BCH_CHD,22,C
2213,BCH_CHD,22,C
2214,BCH_CHD,22,C
2215,BCH_CHD,22,C
2216,BCH_CHD,22,A
2217,BCH_CHD,22,A
2218,BCH_CHD,22,A
2219,BCH_CHD,22,A
2220,BCH_CHD,22,S
2221,BCH_CHD,22,S
2222,BCH_CHD,22,S
2223,BCH_CHD,22,S
2224,BCH_CHD,22,C
2225,BCH_CHD,22,C
2226,BCH_CHD,22,C
2227,BCH_CHD,22,C
2228,BCH_CHD,22,A
2229,BCH_CHD,22,A
2230,BCH_CHD,22,A
2231,BCH_CHD,22,A
2232,BCH_CHD,22,S
2233,BCH_CHD,22,S
2234,BCH_CHD,22,S
2235,BCH_CHD,22,S
2236,BCH_CHD,22,C
2237,BCH_CHD,22,C
2238,BCH_CHD,22,C
2239,BCH_CHD,22,C
2240,BCH_CHD,22,A
2241,BCH_CHD,22,A
2242,BCH_CHD,22,A
2243,BCH_CHD,22,A
2244,BCH_CHD,22,C
2245,BCH_CHD,22,C
2246,BCH_CHD,22,C
2247,BCH_CHD,22,C
2248,BCH_CHD,22,A
2249,BCH_CHD,22,A
2250,BCH_CHD,22,A
2251,BCH_CHD,22,A
2252,BCH_CHD,22,S
2253,BCH_CHD,22,S
2254,BCH_CHD,22,S
2255,BCH_CHD,22,S
2256,BCH_CHD,22,C
2257,BCH_CHD,22,C
2258,BCH_CHD,22,C
2259,BCH_CHD,22,C
2260,BCH_CHD,22,A
2261,BCH_CHD,22,A
2262,BCH_CHD,22,A
2263,BCH_CHD,22,A
2264,BCH_CHD,22,S
2265,BCH_CHD,22,S
2266,BCH_CHD,22,S
2267,BCH_CHD,22,S
2268,BCH_CHD,22,C
2269,BCH_CHD,22,C
2270,BCH_CHD,22,C
2271,BCH_CHD,22,C
2272,BCH_CHD,22,A
2273,BCH_CHD,22,A
2274,BCH_CHD,22,A
2275,BCH_CHD,22,A
2276,BCH_CHD,22,S
2277,BCH_CHD,22,S
2278,BCH_CHD,22,S
2279,BCH_CHD,22,S
2280,BCH_CHD,22,C
2281,BCH_CHD,22,C
2282,BCH_CHD,22,C
2283,BCH_CHD,22,C
2284,BCH_CHD,22,A
2285,BCH_CHD,22,A
2286,BCH_CHD,22,A
2287,BCH_CHD,22,A
2288,BCH_CHD,22,S
2289,BCH_CHD,22,S
2290,BCH_CHD,22,S
2291,BCH_CHD,22,S
2292,BCH_CHD,22,C
2293,BCH_CHD,22,C
2294,BCH_CHD,22,C
2295,BCH_CHD,22,C
2296,BCH_CHD,22,S
2297,BCH_CHD,22,S
2298,BCH_CHD,22,S
2299,BCH_CHD,22,S
2300,BCH_CHD,23,C
2301,BCH_CHD,23,C
2302,BCH_CHD,23,U
2303,BCH_CHD,23,C
2304,BCH_CHD,23,C
2305,BCH_CHD,23,C
2306,BCH_CHD,23,C
2307,BCH_CHD,23,C
2308,BCH_CHD,23,S
2309,BCH_CHD,23,S
2310,BCH_CHD,23,S
2311,BCH_CHD,23,S
2312,BCH_CHD,23,A
2313,BCH_CHD,23,A
2314,BCH_CHD,23,A
2315,BCH_CHD,23,A
2316,BCH_CHD,23,S
2317,BCH_CHD,23,S
2318,BCH_CHD,23,S
2319,BCH_CHD,23,S
2320,BCH_CHD,23,A
2321,BCH_CHD,23,A
2322,BCH_CHD,23,A
2323,BCH_CHD,23,A
2324,BCH_CHD,23,S
2325,BCH_CHD,23,S
2326,BCH_CHD,23,S
2327,BCH_CHD,23,S
2328,BCH_CHD,23,A
2329,BCH_CHD,23,A
2330,BCH_CHD,23,A
2331,BCH_CHD,23,A
2332,BCH_CHD,23,C
2333,BCH_CHD,23,C
2334,BCH_CHD,23,C
2335,BCH_CHD,23,C
2336,BCH_CHD,23,U
2337,BCH_CHD,23,C
2338,BCH_CHD,23,C
2339,BCH_CHD,23,C
2340,BCH_CHD,23,A
2341,BCH_CHD,23,A
2342,BCH_CHD,23,A
2343,BCH_CHD,23,A
2344,BCH_CHD,23,S
2345,BCH_CHD,23,S
2346,BCH_CHD,23,S
2347,BCH_CHD,23,S
2348,BCH_CHD,23,A
2349,BCH_CHD,23,A
2350,BCH_CHD,23,A
2351,BCH_CHD,23,A
2352,BCH_CHD,23,C
2353,BCH_CHD,23,C
2354,BCH_CHD,23,C
2355,BCH_CHD,23,C
2356,BCH_CHD,23,C
2357,BCH_CHD,23,C
2358,BCH_CHD,23,C
2359,BCH_CHD,23,C
2360,BCH_CHD,23,S
2361,BCH_CHD,23,S
2362,BCH_CHD,23,S
2363,BCH_CHD,23,S
2364,BCH_CHD,23,S
2365,BCH_CHD,23,S
2366,BCH_CHD,23,S
2367,BCH_CHD,23,S
2368,BCH_CHD,23,S
2369,BCH_CHD,23,S
2370,BCH_CHD,23,S
2371,BCH_CHD,23,S
2372,BCH_CHD,23,A
2373,BCH_CHD,23,A
2374,BCH_CHD,23,A
2375,BCH_CHD,23,A
2376,BCH_CHD,23,S
2377,BCH_CHD,23,S
2378,BCH_CHD,23,S
2379,BCH_CHD,23,S
2380,BCH_CHD,23,A
2381,BCH_CHD,23,A
2382,BCH_CHD,23,A
2383,BCH_CHD,23,A
2384,BCH_CHD,23,C
2385,BCH_CHD,23,C
2386,BCH_CHD,23,C
2387,BCH_CHD,23,C
2388,BCH_CHD,23,C
2389,BCH_CHD,23,C
2390,BCH_CHD,23,C
2391,BCH_CHD,23,C
2392,BCH_CHD,23,S
2393,BCH_CHD,23,S
2394,BCH_CHD,23,S
2395,BCH_CHD,23,S
2396,BCH_CHD,23,C
2397,BCH_CHD,23,C
2398,BCH_CHD,23,C
2399,BCH_CHD,23,C
2400,BCH_CHD,24,S
2401,BCH_CHD,24,S
2402,BCH_CHD,24,S
2403,BCH_CHD,24,S
2404,BCH_CHD,24,C
2405,BCH_CHD,24,C
2406,BCH_CHD,24,C
2407,BCH_CHD,24,C
2408,BCH_CHD,24,A
2409,BCH_CHD,24,A
2410,BCH_CHD,24,A
2411,BCH_CHD,24,A
2412,BCH_CHD,24,S
2413,BCH_CHD,24,S
2414,BCH_CHD,24,S
2415,BCH_CHD,24,S
2416,BCH_CHD,24,C
2417,BCH_CHD,24,C
2418,BCH_CHD,24,C
2419,BCH_CHD,24,C
2420,BCH_CHD,24,C
2421,BCH_CHD,24,C
2422,BCH_CHD,24,C
2423,BCH_CHD,24,C
2424,BCH_CHD,24,A
2425,BCH_CHD,24,A
2426,BCH_CHD,24,A
2427,BCH_CHD,24,A
2428,BCH_CHD,24,C
2429,BCH_CHD,24,C
2430,BCH_CHD,24,C
2431,BCH_CHD,24,C
2432,BCH_CHD,24,A
2433,BCH_CHD,24,A
2434,BCH_CHD,24,A
2435,BCH_CHD,24,A
2436,BCH_CHD,24,S
2437,BCH_CHD,24,S
2438,BCH_CHD,24,S
2439,BCH_CHD,24,S
2440,BCH_CHD,24,A
2441,BCH_CHD,24,A
2442,BCH_CHD,24,A
2443,BCH_CHD,24,A
2444,BCH_CHD,24,C
2445,BCH_CHD,24.C
2446,BCH_CHD,24,C
2447,BCH_CHD,24,C
2448,BCH_CHD,24,A
2449,BCH_CHD,24,A
2450,BCH_CHD,24,A
2451,BCH_CHD,24,A
2452,BCH_CHD,24,C
2453,BCH_CHD,24,C
2454,BCH_CHD,24,C
2455,BCH_CHD,24,C
2456,BCH_CHD,24,C
2457,BCH_CHD,24,C
2458,BCH_CHD,24,C
2459,BCH_CHD,24,C
2460,BCH_CHD,24,S
2461,BCH_CHD,24,S
2462,BCH_CHD,24,S
2463,BCH_CHD,24,S
2464,BCH_CHD,24,C
2465,BCH_CHD,24,C
2466,BCH_CHD,24,C
2467,BCH_CHD,24,C
2468,BCH_CHD,24,S
2469,BCH_CHD,24,S
2470,BCH_CHD,24,S
2471,BCH_CHD,24,S
2472,BCH_CHD,24,S
2473,BCH_CHD,24,S
2474,BCH_CHD,24,S
2475,BCH_CHD,24,S
2476,BCH_CHD,24,A
2477,BCH_CHD,24,A
2478,BCH_CHD,24,A
2479,BCH_CHD,24,A
2480,BCH_CHD,24,S
2481,BCH_CHD,24,S
2482,BCH_CHD,24,S
2483,BCH_CHD,24,S
2484,BCH_CHD,24,C
2485,BCH_CHD,24,C
2486,BCH_CHD,24,C
2487,BCH_CHD,24,U
2488,BCH_CHD,24,S
2489,BCH_CHD,24,S
2490,BCH_CHD,24,S
2491,BCH_CHD,24,S
2492,BCH_CHD,24,A
2493,BCH_CHD,24,A
2494,BCH_CHD,24,A
2495,BCH_CHD,24,A
2496,BCH_CHD,24,S
2497,BCH_CHD,24,S
2498,BCH_CHD,24,S
2499,BCH_CHD,24,S
2500,BCH_CHD,25,A
2501,BCH_CHD,25,A
2502,BCH_CHD,25,A
2503,BCH_CHD,25,A
2504,BCH_CHD,25,S
2505,BCH_CHD,25,S
2506,BCH_CHD,25,S
2507,BCH_CHD,25,S
2508,BCH_CHD,25,C
2509,BCH_CHD,25,C
2510,BCH_CHD,25,C
2511,BCH_CHD,25,C
2512,BCH_CHD,25,A
2513,BCH_CHD,25,A
2514,BCH_CHD,25,A
2515,BCH_CHD,25,A
2516,BCH_CHD,25,S
2517,BCH_CHD,25,S
2518,BCH_CHD,25,S
2519,BCH_CHD,25,S
2520,BCH_CHD,25,A
2521,BCH_CHD,25,A
2522,BCH_CHD,25,A
2523,BCH_CHD,25,A
2524,BCH_CHD,25,S
2525,BCH_CHD,25,S
2526,BCH_CHD,25,S
2527,BCH_CHD,25,S
2528,BCH_CHD,25,A
2529,BCH_CHD,25,A
2530,BCH_CHD,25,A
2531,BCH_CHD,25,A
2532,BCH_CHD,25,C
2533,BCH_CHD,25,C
2534,BCH_CHD,25,C
2535,BCH_CHD,25,C
2536,BCH_CHD,25,S
2537,BCH_CHD,25,S
2538,BCH_CHD,25,S
2539,BCH_CHD,25,S
2540,BCH_CHD,25,C
2541,BCH_CHD,25,C
2542,BCH_CHD,25,C
2543,BCH_CHD,25,C
2544,BCH_CHD,25,C
2545,BCH_CHD,25,C
2546,BCH_CHD,25,C
2547,BCH_CHD,25,C
2548,BCH_CHD,25,S
2549,BCH_CHD,25,S
2550,BCH_CHD,25,S
2551,BCH_CHD,25,S
2552,BCH_CHD,25,A
2553,BCH_CHD,25,A
2554,BCH_CHD,25,A
2555,BCH_CHD,25,A
2556,BCH_CHD,25,C
2557,BCH_CHD,25,C
2558,BCH_CHD,25,C
2559,BCH_CHD,25,C
2560,BCH_CHD,25,C
2561,BCH_CHD,25,C
2562,BCH_CHD,25,C
2563,BCH_CHD,25,C
2564,BCH_CHD,25,A
2565,BCH_CHD,25,A
2566,BCH_CHD,25,A
2567,BCH_CHD,25,A
2568,BCH_CHD,25,S
2569,BCH_CHD,25,S
2570,BCH_CHD,25,S
2571,BCH_CHD,25,S
2572,BCH_CHD,25,S
2573,BCH_CHD,25,S
2574,BCH_CHD,25,S
2575,BCH_CHD,25,S
2576,BCH_CHD,25,C
2577,BCH_CHD,25,C
2578,BCH_CHD,25,C
2579,BCH_CHD,25,C
2580,BCH_CHD,25,S
2581,BCH_CHD,25,S
2582,BCH_CHD,25,S
2583,BCH_CHD,25,S
2584,BCH_CHD,25,C
2585,BCH_CHD,25,C
2586,BCH_CHD,25,C
2587,BCH_CHD,25,C
2588,BCH_CHD,25,A
2589,BCH_CHD,25,A
2590,BCH_CHD,25,A
2591,BCH_CHD,25,A
2592,BCH_CHD,25,C
2593,BCH_CHD,25,C
2594,BCH_CHD,25,C
2595,BCH_CHD,25,C
2596,BCH_CHD,25,S
2597,BCH_CHD,25,S
2598,BCH_CHD,25,S
2599,BCH_CHD,25,S
2600,BCH_CHD,26,C
2601,BCH_CHD,26,C
2602,BCH_CHD,26,U
2603,BCH_CHD,26,C
2604,BCH_CHD,26,A
2605,BCH_CHD,26,A
2606,BCH_CHD,26,A
2607,BCH_CHD,26,A
2608,BCH_CHD,26,S
2609,BCH_CHD,26,S
2610,BCH_CHD,26,S
2611,BCH_CHD,26,S
2612,BCH_CHD,26,U
2613,BCH_CHD,26,C
2614,BCH_CHD,26,C
2615,BCH_CHD,26,C
2616,BCH_CHD,26,A
2617,BCH_CHD,26,A
2618,BCH_CHD,26,A
2619,BCH_CHD,26,A
2620,BCH_CHD,26,C
2621,BCH_CHD,26,C
2622,BCH_CHD,26,C
2623,BCH_CHD,26,C
2624,BCH_CHD,26,S
2625,BCH_CHD,26,S
2626,BCH_CHD,26,S
2627,BCH_CHD,26,S
2628,BCH_CHD,26,C
2629,BCH_CHD,26,C
2630,BCH_CHD,26,C
2631,BCH_CHD,26,C
2632,BCH_CHD,26,C
2633,BCH_CHD,26,C
2634,BCH_CHD,26,C
2635,BCH_CHD,26,C
2636,BCH_CHD,26,A
2637,BCH_CHD,26,A
2638,BCH_CHD,26,A
2639,BCH_CHD,26,A
2640,BCH_CHD,26,C
2641,BCH_CHD,26,C
2642,BCH_CHD,26,C
2643,BCH_CHD,26,C
2644,BCH_CHD,26,U
2645,BCH_CHD,26,U
2646,BCH_CHD,26,U
2647,BCH_CHD,26,U
2648,BCH_CHD,26,S
2649,BCH_CHD,26,S
2650,BCH_CHD,26,S
2651,BCH_CHD,26,S
2652,BCH_CHD,26,U
2653,BCH_CHD,26,U
2654,BCH_CHD,26,U
2655,BCH_CHD,26,U
2656,BCH_CHD,26,A
2657,BCH_CHD,26,A
2658,BCH_CHD,26,A
2659,BCH_CHD,26,A
2660,BCH_CHD,26,U
2661,BCH_CHD,26,U
2662,BCH_CHD,26,U
2663,BCH_CHD,26,U
2664,BCH_CHD,26,C
2665,BCH_CHD,26,C
2666,BCH_CHD,26,C
2667,BCH_CHD,26,C
2668,BCH_CHD,26,U
2669,BCH_CHD,26,U
2670,BCH_CHD,26,U
2671,BCH_CHD,26,U
2672,BCH_CHD,26,S
2673,BCH_CHD,26,S
2674,BCH_CHD,26,S
2675,BCH_CHD,26,S
2676,BCH_CHD,26,U
2677,BCH_CHD,26,U
2678,BCH_CHD,26,U
2679,BCH_CHD,26,U
2680,BCH_CHD,26,A
2681,BCH_CHD,26,A
2682,BCH_CHD,26,A
2683,BCH_CHD,26,A
2684,BCH_CHD,26,U
2685,BCH_CHD,26,U
2686,BCH_CHD,26,U
2687,BCH_CHD,26,U
2688,BCH_CHD,26,C
2689,BCH_CHD,26,C
2690,BCH_CHD,26,C
2691,BCH_CHD,26,C
2692,BCH_CHD,26,U
2693,BCH_CHD,26,U
2694,BCH_CHD,26,U
2695,BCH_CHD,26,U
2696,BCH_CHD,26,S
2697,BCH_CHD,26,S
2698,BCH_CHD,26,S
2699,BCH_CHD,26,S
2700,BCH_CHD,27,U
2701,BCH_CHD,27,U
2702,BCH_CHD,27,U
2703,BCH_CHD,27,U
2704,BCH_CHD,27,A
2705,BCH_CHD,27,A
2706,BCH_CHD,27,A
2707,BCH_CHD,27,A
2708,BCH_CHD,27,U
2709,BCH_CHD,27,U
2710,BCH_CHD,27,U
2711,BCH_CHD,27,U
2712,BCH_CHD,27,C
2713,BCH_CHD,27,C
2714,BCH_CHD,27,C
2715,BCH_CHD,27,C
2716,BCH_CHD,27,U
2717,BCH_CHD,27,U
2718,BCH_CHD,27,U
2719,BCH_CHD,27,U
2720,BCH_CHD,27,S
2721,BCH_CHD,27,S
2722,BCH_CHD,27,S
2723,BCH_CHD,27,S
2724,BCH_CHD,27,U
2725,BCH_CHD,27,U
2726,BCH_CHD,27,U
2727,BCH_CHD,27,U
2728,BCH_CHD,27,A
2729,BCH_CHD,27,A
2730,BCH_CHD,27,A
2731,BCH_CHD,27,A
2732,BCH_CHD,27,U
2733,BCH_CHD,27,U
2734,BCH_CHD,27,U
2735,BCH_CHD,27,U
2736,BCH_CHD,27,C
2737,BCH_CHD,27,C
2738,BCH_CHD,27,C
2739,BCH_CHD,27,C
2740,BCH_CHD,27,U
2741,BCH_CHD,27,U
2742,BCH_CHD,27,U
2743,BCH_CHD,27,U
2744,BCH_CHD,27,C
2745,BCH_CHD,27,C
2746,BCH_CHD,27,C
2747,BCH_CHD,27,C
2748,BCH_CHD,27,U
2749,BCH_CHD,27,U
2750,BCH_CHD,27,U
2751,BCH_CHD,27,U
2752,BCH_CHD,27,S
2753,BCH_CHD,27,S
2754,BCH_CHD,27,S
2755,BCH_CHD,27,S
2756,BCH_CHD,27,A
2757,BCH_CHD,27,A
2758,BCH_CHD,27,A
2759,BCH_CHD,27,A
2760,BCH_CHD,27,S
2761,BCH_CHD,27,S
2762,BCH_CHD,27,S
2763,BCH_CHD,27,S
2764,BCH_CHD,27,A
2765,BCH_CHD,27,A
2766,BCH_CHD,27,A
2767,BCH_CHD,27,A
2768,BCH_CHD,27,C
2769,BCH_CHD,27,C
2770,BCH_CHD,27,C
2771,BCH_CHD,27,C
2772,BCH_CHD,27,S
2773,BCH_CHD,27,S
2774,BCH_CHD,27,S
2775,BCH_CHD,27,S
2776,BCH_CHD,27,A
2777,BCH_CHD,27,A
2778,BCH_CHD,27,A
2779,BCH_CHD,27,A
2780,BCH_CHD,27,C
2781,BCH_CHD,27,C
2782,BCH_CHD,27,C
2783,BCH_CHD,27,C
2784,BCH_CHD,27,S
2785,BCH_CHD,27,S
2786,BCH_CHD,27,S
2787,BCH_CHD,27,S
2788,BCH_CHD,27,A
2789,BCH_CHD,27,A
2790,BCH_CHD,27,A
2791,BCH_CHD,27,A
2792,BCH_CHD,27,S
2793,BCH_CHD,27,S
2794,BCH_CHD,27,S
2795,BCH_CHD,27,S
2796,BCH_CHD,27,C
2797,BCH_CHD,27,C
2798,BCH_CHD,27,C
2799,BCH_CHD,27,C
2800,BCH_CHD,28,C
2801,BCH_CHD,28,C
2802,BCH_CHD,28,C
2803,BCH_CHD,28,C
2804,BCH_CHD,28,A
2805,BCH_CHD,28,A
2806,BCH_CHD,28,A
2807,BCH_CHD,28,A
2808,BCH_CHD,28,S
2809,BCH_CHD,28,S
2810,BCH_CHD,28,S
2811,BCH_CHD,28,S
2812,BCH_CHD,28,C
2813,BCH_CHD,28,C
2814,BCH_CHD,28,C
2815,BCH_CHD,28,C
2816,BCH_CHD,28,C
2817,BCH_CHD,28,C
2818,BCH_CHD,28,C
2819,BCH_CHD,28,C
2820,BCH_CHD,28,C
2821,BCH_CHD,28,C
2822,BCH_CHD,28,C
2823,BCH_CHD,28,C
2824,BCH_CHD,28,A
2825,BCH_CHD,28,A
2826,BCH_CHD,28,A
2827,BCH_CHD,28,A
2828,BCH_CHD,28,S
2829,BCH_CHD,28,S
2830,BCH_CHD,28,S
2831,BCH_CHD,28,S
2832,BCH_CHD,28,C
2833,BCH_CHD,28,C
2834,BCH_CHD,28,C
2835,BCH_CHD,28,C
2836,BCH_CHD,28,S
2837,BCH_CHD,28,S
2838,BCH_CHD,28,S
2839,BCH_CHD,28,S
2840,BCH_CHD,28,S
2841,BCH_CHD,28,S
2842,BCH_CHD,28,S
2843,BCH_CHD,28,S
2844,BCH_CHD,28,C
2845,BCH_CHD,28,C
2846,BCH_CHD,28,C
2847,BCH_CHD,28,C
2848,BCH_CHD,28,S
2849,BCH_CHD,28,S
2850,BCH_CHD,28,S
2851,BCH_CHD,28,S
2852,BCH_CHD,28,C
2853,BCH_CHD,28,C
2854,BCH_CHD,28,C
2855,BCH_CHD,28,C
2856,BCH_CHD,28,C
2857,BCH_CHD,28,C
2858,BCH_CHD,28,C
2859,BCH_CHD,28,C
2860,BCH_CHD,28,S
2861,BCH_CHD,28,S
2862,BCH_CHD,28,S
2863,BCH_CHD,28,S
2864,BCH_CHD,28,A
2865,BCH_CHD,28,A
2866,BCH_CHD,28,A
2867,BCH_CHD,28,A
2868,BCH_CHD,28,S
2869,BCH_CHD,28,S
2870,BCH_CHD,28,S
2871,BCH_CHD,28,S
2872,BCH_CHD,28,C
2873,BCH_CHD,28,C
2874,BCH_CHD,28,C
2875,BCH_CHD,28,C
2876,BCH_CHD,28,A
2877,BCH_CHD,28,A
2878,BCH_CHD,28,A
2879,BCH_CHD,28,A
2880,BCH_CHD,28,S
2881,BCH_CHD,28,S
2882,BCH_CHD,28,S
2883,BCH_CHD,28,S
2884,BCH_CHD,28,C
2885,BCH_CHD,28,C
2886,BCH_CHD,28,C
2887,BCH_CHD,28,C
2888,BCH_CHD,28,A
2889,BCH_CHD,28,A
2890,BCH_CHD,28,A
2891,BCH_CHD,28,A
2892,BCH_CHD,28,S
2893,BCH_CHD,28,S
2894,BCH_CHD,28,S
2895,BCH_CHD,28,S
2896,BCH_CHD,28,C
2897,BCH_CHD,28,C
2898,BCH_CHD,28,C
2899,BCH_CHD,28,C
2900,BCH_CHD,29,S
2901,BCH_CHD,29,S
2902,BCH_CHD,29,S
2903,BCH_CHD,29,S
2904,BCH_CHD,29,C
2905,BCH_CHD,29,C
2906,BCH_CHD,29,C
2907,BCH_CHD,29,C
2908,BCH_CHD,29,A
2909,BCH_CHD,29,A
2910,BCH_CHD,29,A
2911,BCH_CHD,29,A
2912,BCH_CHD,29,S
2913,BCH_CHD,29,S
2914,BCH_CHD,29,S
2915,BCH_CHD,29,S
2916,BCH_CHD,29,C
2917,BCH_CHD,29,C
2918,BCH_CHD,29,C
2919,BCH_CHD,29,C
2920,BCH_CHD,29,A
2921,BCH_CHD,29,A
2922,BCH_CHD,29,A
2923,BCH_CHD,29,A
2924,BCH_CHD,29,S
2925,BCH_CHD,29,S
2926,BCH_CHD,29,S
2927,BCH_CHD,29,S
2928,BCH_CHD,29,C
2929,BCH_CHD,29,C
2930,BCH_CHD,29,C
2931,BCH_CHD,29,C
2932,BCH_CHD,29,A
2933,BCH_CHD,29,A
2934,BCH_CHD,29,A
2935,BCH_CHD,29,A
2936,BCH_CHD,29,C
2937,BCH_CHD,29,C
2938,BCH_CHD,29,C
2939,BCH_CHD,29,C
2940,BCH_CHD,29,C
2941,BCH_CHD,29,C
2942,BCH_CHD,29,C
2943,BCH_CHD,29,C
2944,BCH_CHD,29,S
2945,BCH_CHD,29,S
2946,BCH_CHD,29,S
2947,BCH_CHD,29,S
2948,BCH_CHD,29,C
2949,BCH_CHD,29,C
2950,BCH_CHD,29,C
2951,BCH_CHD,29,C
2952,BCH_CHD,29,A
2953,BCH_CHD,29,A
2954,BCH_CHD,29,A
2955,BCH_CHD,29,A
2956,BCH_CHD,29,A
2957,BCH_CHD,29,A
2958,BCH_CHD,29,A
2959,BCH_CHD,29,A
2960,BCH_CHD,29,A
2961,BCH_CHD,29,A
2962,BCH_CHD,29,A
2963,BCH_CHD,29,A
2964,BCH_CHD,29,S
2965,BCH_CHD,29,S
2966,BCH_CHD,29,S
2967,BCH_CHD,29,S
2968,BCH_CHD,29,S
2969,BCH_CHD,29,S
2970,BCH_CHD,29,S
2971,BCH_CHD,29,S
2972,BCH_CHD,29,C
2973,BCH_CHD,29,C
2974,BCH_CHD,29,C
2975,BCH_CHD,29,C
2976,BCH_CHD,29,C
2977,BCH_CHD,29,C
2978,BCH_CHD,29,C
2979,BCH_CHD,29,C
2980,BCH_CHD,29,A
2981,BCH_CHD,29,A
2982,BCH_CHD,29,A
2983,BCH_CHD,29,A
2984,BCH_CHD,29,S
2985,BCH_CHD,29,S
2986,BCH_CHD,29,S
2987,BCH_CHD,29,S
2988,BCH_CHD,29,A
2989,BCH_CHD,29,A
2990,BCH_CHD,29,A
2991,BCH_CHD,29,A
2992,BCH_CHD,29,C
2993,BCH_CHD,29,C
2994,BCH_CHD,29,C
2995,BCH_CHD,29,C
2996,BCH_CHD,29,C
2997,BCH_CHD,29,C
2998,BCH_CHD,29,C
2999,BCH_CHD,29,C
3000,BCH_CHD,30,S
3001,BCH_CHD,30,S
3002,BCH_CHD,30,S
3003,BCH_CHD,30,S
3004,BCH_CHD,30,C
3005,BCH_CHD,30,C
3006,BCH_CHD,30,C
3007,BCH_CHD,30,C
3008,BCH_CHD,30,S
3009,BCH_CHD,30,S
3010,BCH_CHD,30,S
3011,BCH_CHD,30,S
3012,BCH_CHD,30,C
3013,BCH_CHD,30,C
3014,BCH_CHD,30,C
3015,BCH_CHD,30,C
3016,BCH_CHD,30,S
3017,BCH_CHD,30,S
3018,BCH_CHD,30,S
3019,BCH_CHD,30,S
3020,BCH_CHD,30,C
3021,BCH_CHD,30,C
3022,BCH_CHD,30,C
3023,BCH_CHD,30,C
3024,BCH_CHD,30,A
3025,BCH_CHD,30,A
3026,BCH_CHD,30,A
3027,BCH_CHD,30,A
3028,BCH_CHD,30,A
3029,BCH_CHD,30,A
3030,BCH_CHD,30,A
3031,BCH_CHD,30,A
3032,BCH_CHD,30,S
3033,BCH_CHD,30,S
3034,BCH_CHD,30,S
3035,BCH_CHD,30,S
3036,BCH_CHD,30,C
3037,BCH_CHD,30,C
3038,BCH_CHD,30,C
3039,BCH_CHD,30,C
3040,BCH_CHD,30,C
3041,BCH_CHD,30,C
3042,BCH_CHD,30,C
3043,BCH_CHD,30,C
3044,BCH_CHD,30,S
3045,BCH_CHD,30,S
3046,BCH_CHD,30,S
3047,BCH_CHD,30,S
3048,BCH_CHD,30,C
3049,BCH_CHD,30,C
3050,BCH_CHD,30,C
3051,BCH_CHD,30,C
3052,BCH_CHD,30,C
3053,BCH_CHD,30,C
3054,BCH_CHD,30,C
3055,BCH_CHD,30,C
3056,BCH_CHD,30,C
3057,BCH_CHD,30,C
3058,BCH_CHD,30,C
3059,BCH_CHD,30,C
3060,BCH_CHD,30,S
3061,BCH_CHD,30,S
3062,BCH_CHD,30,S
3063,BCH_CHD,30,S
3064,BCH_CHD,30,S
3065,BCH_CHD,30,S
3066,BCH_CHD,30,S
3067,BCH_CHD,30,S
3068,BCH_CHD,30,S
3069,BCH_CHD,30,S
3070,BCH_CHD,30,S
3071,BCH_CHD,30,U
3072,BCH_CHD,30,S
3073,BCH_CHD,30,S
3074,BCH_CHD,30,S
3075,BCH_CHD,30,S
3076,BCH_CHD,30,C
3077,BCH_CHD,30,C
3078,BCH_CHD,30,C
3079,BCH_CHD,30,C
3080,BCH_CHD,30,A
3081,BCH_CHD,30,A
3082,BCH_CHD,30,A
3083,BCH_CHD,30,A
3084,BCH_CHD,30,A
3085,BCH_CHD,30,A
3086,BCH_CHD,30,A
3087,BCH_CHD,30,A
3088,BCH_CHD,30,S
3089,BCH_CHD,30,S
3090,BCH_CHD,30,S
3091,BCH_CHD,30,S
3092,BCH_CHD,30,C
3093,BCH_CHD,30,C
3094,BCH_CHD,30,C
3095,BCH_CHD,30,C
3096,BCH_CHD,30,A
3097,BCH_CHD,30,A
3098,BCH_CHD,30,A
3099,BCH_CHD,30,A
3100,BCH_CHD,31,S
3101,BCH_CHD,31,S
3102,BCH_CHD,31,S
3103,BCH_CHD,31,S
3104,BCH_CHD,31,C
3105,BCH_CHD,31,C
3106,BCH_CHD,31,C
3107,BCH_CHD,31,C
3108,BCH_CHD,31,A
3109,BCH_CHD,31,A
3110,BCH_CHD,31,A
3111,BCH_CHD,31,A
3112,BCH_CHD,31,S
3113,BCH_CHD,31,S
3114,BCH_CHD,31,S
3115,BCH_CHD,31,S
3116,BCH_CHD,31,C
3117,BCH_CHD,31,C
3118,BCH_CHD,31,U
3119,BCH_CHD,31,C
3120,BCH_CHD,31,C
3121,BCH_CHD,31,C
3122,BCH_CHD,31,C
3123,BCH_CHD,31,C
3124,BCH_CHD,31,S
3125,BCH_CHD,31,S
3126,BCH_CHD,31,S
3127,BCH_CHD,31,S
3128,BCH_CHD,31,A
3129,BCH_CHD,31,A
3130,BCH_CHD,31,A
3131,BCH_CHD,31,A
3132,BCH_CHD,31,A
3133,BCH_CHD,31,A
3134,BCH_CHD,31,A
3135,BCH_CHD,31,A
3136,BCH_CHD,31,A
3137,BCH_CHD,31,A
3138,BCH_CHD,31,A
3139,BCH_CHD,31,A
3140,BCH_CHD,31,C
3141,BCH_CHD,31,C
3142,BCH_CHD,31,C
3143,BCH_CHD,31,C
3144,BCH_CHD,31,C
3145,BCH_CHD,31,C
3146,BCH_CHD,31,C
3147,BCH_CHD,31,C
3148,BCH_CHD,31,A
3149,BCH_CHD,31,A
3150,BCH_CHD,31,A
3151,BCH_CHD,31,A
3152,BCH_CHD,31,S
3153,BCH_CHD,31,S
3154,BCH_CHD,31,S
3155,BCH_CHD,31,S
3156,BCH_CHD,31,C
3157,BCH_CHD,31,C
3158,BCH_CHD,31,C
3159,BCH_CHD,31,C
3160,BCH_CHD,31,S
3161,BCH_CHD,31,S
3162,BCH_CHD,31,S
3163,BCH_CHD,31,S
3164,BCH_CHD,31,C
3165,BCH_CHD,31,C
3166,BCH_CHD,31,C
3167,BCH_CHD,31,C
3168,BCH_CHD,31,S
3169,BCH_CHD,31,S
3170,BCH_CHD,31,S
3171,BCH_CHD,31,S
3172,BCH_CHD,31,C
3173,BCH_CHD,31,C
3174,BCH_CHD,31,C
3175,BCH_CHD,31,C
3176,BCH_CHD,31,S
3177,BCH_CHD,31,S
3178,BCH_CHD,31,S
3179,BCH_CHD,31,S
3180,BCH_CHD,31,A
3181,BCH_CHD,31,A
3182,BCH_CHD,31,A
3183,BCH_CHD,31,A
3184,BCH_CHD,31,S
3185,BCH_CHD,31,S
3186,BCH_CHD,31,S
3187,BCH_CHD,31,S
3188,BCH_CHD,31,C
3189,BCH_CHD,31,C
3190,BCH_CHD,31,C
3191,BCH_CHD,31,C
3192,BCH_CHD,31,S
3193,BCH_CHD,31,S
3194,BCH_CHD,31,S
3195,BCH_CHD,31,S
3196,BCH_CHD,31,C
3197,BCH_CHD,31,C
3198,BCH_CHD,31,C
3199,BCH_CHD,31,C
3200,BCH_CHD,32,A
3201,BCH_CHD,32,A
3202,BCH_CHD,32,A
3203,BCH_CHD,32,A
3204,BCH_CHD,32,S
3205,BCH_CHD,32,S
3206,BCH_CHD,32,S
3207,BCH_CHD,32,S
3208,BCH_CHD,32,C
3209,BCH_CHD,32,C
3210,BCH_CHD,32,C
3211,BCH_CHD,32,C
3212,BCH_CHD,32,C
3213,BCH_CHD,32,C
3214,BCH_CHD,32,C
3215,BCH_CHD,32,C
3216,BCH_CHD,32,C
3217,BCH_CHD,32,C
3218,BCH_CHD,32,C
3219,BCH_CHD,32,C
3220,BCH_CHD,32,A
3221,BCH_CHD,32,A
3222,BCH_CHD,32,A
3223,BCH_CHD,32,A
3224,BCH_CHD,32,C
3225,BCH_CHD,32,C
3226,BCH_CHD,32,C
3227,BCH_CHD,32,C
3228,BCH_CHD,32,C
3229,BCH_CHD,32,C
3230,BCH_CHD,32,C
3231,BCH_CHD,32,C
3232,BCH_CHD,32,A
3233,BCH_CHD,32,A
3234,BCH_CHD,32,A
3235,BCH_CHD,32,A
3236,BCH_CHD,32,A
3237,BCH_CHD,32,A
3238,BCH_CHD,32,A
3239,BCH_CHD,32,A
3240,BCH_CHD,32,C
3241,BCH_CHD,32,C
3242,BCH_CHD,32,C
3243,BCH_CHD,32,C
3244,BCH_CHD,32,A
3245,BCH_CHD,32,A
3246,BCH_CHD,32,A
3247,BCH_CHD,32,A
3248,BCH_CHD,32,C
3249,BCH_CHD,32,C
3250,BCH_CHD,32,C
3251,BCH_CHD,32,C
3252,BCH_CHD,32,
3253,BCH_CHD,32,S
3254,BCH_CHD,32,S
3255,BCH_CHD,32,S
3256,BCH_CHD,32,S
3257,BCH_CHD,32,C
3258,BCH_CHD,32,C
3259,BCH_CHD,32,C
3260,BCH_CHD,32,C
3261,BCH_CHD,32,S
3262,BCH_CHD,32,S
3263,BCH_CHD,32,S
3264,BCH_CHD,32,S
3265,BCH_CHD,32,A
3266,BCH_CHD,32,A
3267,BCH_CHD,32,A
3268,BCH_CHD,32,A
3269,BCH_CHD,32,C
3270,BCH_CHD,32,C
3271,BCH_CHD,32,C
3272,BCH_CHD,32,S
3273,BCH_CHD,32,S
3274,BCH_CHD,32,S
3275,BCH_CHD,32,S
3276,BCH_CHD,32,S
3277,BCH_CHD,32,S
3278,BCH_CHD,32,S
3279,BCH_CHD,32,S
3280,BCH_CHD,32,C
3281,BCH_CHD,32,C
3282,BCH_CHD,32,C
3283,BCH_CHD,32,C
3284,BCH_CHD,32,S
3285,BCH_CHD,32,S
3286,BCH_CHD,32,S
3287,BCH_CHD,32,S
3288,BCH_CHD,32,A
3289,BCH_CHD,32,A
3290,BCH_CHD,32,A
3291,BCH_CHD,32,A
3292,BCH_CHD,32,A
3293,BCH_CHD,32,A
3294,BCH_CHD,32,A
3295,BCH_CHD,32,A
3296,BCH_CHD,32,C
3297,BCH_CHD,32,C
3298,BCH_CHD,32,C
3299,BCH_CHD,32,C
3300,BCH_CHD,33,C
3301,BCH_CHD,33,C
3302,BCH_CHD,33,C
3303,BCH_CHD,33,U
3304,BCH_CHD,33,C
3305,BCH_CHD,33,C
3306,BCH_CHD,33,C
3307,BCH_CHD,33,U
3308,BCH_CHD,33,C
3309,BCH_CHD,33,C
3310,BCH_CHD,33,C
3311,BCH_CHD,33,C
3312,BCH_CHD,33,S
3313,BCH_CHD,33,S
3314,BCH_CHD,33,S
3315,BCH_CHD,33,S
3316,BCH_CHD,33,S
3317,BCH_CHD,33,S
3318,BCH_CHD,33,S
3319,BCH_CHD,33,S
3320,BCH_CHD,33,C
3321,BCH_CHD,33,C
3322,BCH_CHD,33,C
3323,BCH_CHD,33,C
3324,BCH_CHD,33,S
3325,BCH_CHD,33,S
3326,BCH_CHD,33,S
3327,BCH_CHD,33,S
3328,BCH_CHD,33,C
3329,BCH_CHD,33,C
3330,BCH_CHD,33,C
3331,BCH_CHD,33,C
3332,BCH_CHD,33,C
3333,BCH_CHD,33,C
3334,BCH_CHD,33,C
3335,BCH_CHD,33,C
3336,BCH_CHD,33,S
3337,BCH_CHD,33,S
3338,BCH_CHD,33,U
3339,BCH_CHD,33,S
3340,BCH_CHD,33,A
3341,BCH_CHD,33,A
3342,BCH_CHD,33,A
3343,BCH_CHD,33,A
3344,BCH_CHD,33,C
3345,BCH_CHD,33,C
3346,BCH_CHD,33,C
3347,BCH_CHD,33,C
3348,BCH_CHD,33,C
3349,BCH_CHD,33,C
3350,BCH_CHD,33,C
3351,BCH_CHD,33,C
3352,BCH_CHD,33,S
3353,BCH_CHD,33,S
3354,BCH_CHD,33,S
3355,BCH_CHD,33,S
3356,BCH_CHD,33,C
3357,BCH_CHD,33,C
3358,BCH_CHD,33,C
3359,BCH_CHD,33,C
3360,BCH_CHD,33,A
3361,BCH_CHD,33,A
3362,BCH_CHD,33,A
3363,BCH_CHD,33,A
3364,BCH_CHD,33,C
3365,BCH_CHD,33,C
3366,BCH_CHD,33,C
3367,BCH_CHD,33,C
3368,BCH_CHD,33,A
3369,BCH_CHD,33,A
3370,BCH_CHD,33,A
3371,BCH_CHD,33,A
3372,BCH_CHD,33,S
3373,BCH_CHD,33,S
3374,BCH_CHD,33,S
3375,BCH_CHD,33,S
3376,BCH_CHD,33,C
3377,BCH_CHD,33,C
3378,BCH_CHD,33,C
3379,BCH_CHD,33,C
3380,BCH_CHD,33,A
3381,BCH_CHD,33,A
3382,BCH_CHD,33,A
3383,BCH_CHD,33,A
3384,BCH_CHD,33,C
3385,BCH_CHD,33,C
3386,BCH_CHD,33,C
3387,BCH_CHD,33,C
3388,BCH_CHD,33,C
3389,BCH_CHD,33,C
3390,BCH_CHD,33,C
3391,BCH_CHD,33,C
3392,BCH_CHD,33,S
3393,BCH_CHD,33,S
3394,BCH_CHD,33,S
3395,BCH_CHD,33,S
3396,BCH_CHD,33,S
3397,BCH_CHD,33,S
3398,BCH_CHD,33,S
3399,BCH_CHD,33,S
3400,BCH_CHD,34,C
3401,BCH_CHD,34,C
3402,BCH_CHD,34,C
3403,BCH_CHD,34,C
3404,BCH_CHD,34,S
3405,BCH_CHD,34,S
3406,BCH_CHD,34,S
3407,BCH_CHD,34,S
3408,BCH_CHD,34,S
3409,BCH_CHD,34,S
3410,BCH_CHD,34,S
3411,BCH_CHD,34,S
3412,BCH_CHD,34,C
3413,BCH_CHD,34,C
3414,BCH_CHD,34,C
3415,BCH_CHD,34,C
3416,BCH_CHD,34,C
3417,BCH_CHD,34,C
3418,BCH_CHD,34,C
3419,BCH_CHD,34,C
3420,BCH_CHD,34,S
3421,BCH_CHD,34,S
3422,BCH_CHD,34,S
3423,BCH_CHD,34,S
3424,BCH_CHD,34,C
3425,BCH_CHD,34,C
3426,BCH_CHD,34,U
3427,BCH_CHD,34,C
3428,BCH_CHD,34,C
3429,BCH_CHD,34,C
3430,BCH_CHD,34,C
3431,BCH_CHD,34,C
3432,BCH_CHD,34,A
3433,BCH_CHD,34,A
3434,BCH_CHD,34,A
3435,BCH_CHD,34,A
3436,BCH_CHD,34,S
3437,BCH_CHD,34,S
3438,BCH_CHD,34,S
3439,BCH_CHD,34,S
3440,BCH_CHD,34,C
3441,BCH_CHD,34,C
3442,BCH_CHD,34,C
3443,BCH_CHD,34,C
3444,BCH_CHD,34,C
3445,BCH_CHD,34,C
3446,BCH_CHD,34,C
3447,BCH_CHD,34,C
3448,BCH_CHD,34,C
3449,BCH_CHD,34,C
3450,BCH_CHD,34,C
3451,BCH_CHD,34,S
3452,BCH_CHD,34,S
3453,BCH_CHD,34,S
3454,BCH_CHD,34,S
3455,BCH_CHD,34,A
3456,BCH_CHD,34,A
3457,BCH_CHD,34,A
3458,BCH_CHD,34,A
3459,BCH_CHD,34,S
3460,BCH_CHD,34,S
3461,BCH_CHD,34,S
3462,BCH_CHD,34,S
3463,BCH_CHD,34,A
3464,BCH_CHD,34,A
3465,BCH_CHD,34,A
3466,BCH_CHD,34,A
3467,BCH_CHD,34,A
3468,BCH_CHD,34,A
3469,BCH_CHD,34,A
3470,BCH_CHD,34,A
3471,BCH_CHD,34,C
3472,BCH_CHD,34,C
3473,BCH_CHD,34,C
3474,BCH_CHD,34,C
3475,BCH_CHD,34,S
3476,BCH_CHD,34,S
3477,BCH_CHD,34,S
3478,BCH_CHD,34,S
3479,BCH_CHD,34,S
3480,BCH_CHD,34,S
3481,BCH_CHD,34,S
3482,BCH_CHD,34,S
3483,BCH_CHD,34,C
3484,BCH_CHD,34,C
3485,BCH_CHD,34,C
3486,BCH_CHD,34,C
3487,BCH_CHD,34,U
3488,BCH_CHD,34,A
3489,BCH_CHD,34,A
3490,BCH_CHD,34,A
3491,BCH_CHD,34,A
3492,BCH_CHD,34,S
3493,BCH_CHD,34,S
3494,BCH_CHD,34,S
3495,BCH_CHD,34,S
3496,BCH_CHD,34,C
3497,BCH_CHD,34,C
3498,BCH_CHD,34,C
3499,BCH_CHD,34,C
3500,BCH_CHD,35,C
3501,BCH_CHD,35,C
3502,BCH_CHD,35,C
3503,BCH_CHD,35,C
3504,BCH_CHD,35,A
3505,BCH_CHD,35,A
3506,BCH_CHD,35,A
3507,BCH_CHD,35,A
3508,BCH_CHD,35,S
3509,BCH_CHD,35,S
3510,BCH_CHD,35,S
3511,BCH_CHD,35,S
3512,BCH_CHD,35,C
3513,BCH_CHD,35,C
3514,BCH_CHD,35,C
3515,BCH_CHD,35,C
3516,BCH_CHD,35,S
3517,BCH_CHD,35,S
3518,BCH_CHD,35,S
3519,BCH_CHD,35,S
3520,BCH_CHD,35,A
3521,BCH_CHD,35,A
3522,BCH_CHD,35,A
3523,BCH_CHD,35,A
3524,BCH_CHD,35,C
3525,BCH_CHD,35,C
3526,BCH_CHD,35,C
3527,BCH_CHD,35,C
3528,BCH_CHD,35,S
3529,BCH_CHD,35,S
3530,BCH_CHD,35,S
3531,BCH_CHD,35,S
3532,BCH_CHD,35,A
3533,BCH_CHD,35,A
3534,BCH_CHD,35,A
3535,BCH_CHD,35,A
3536,BCH_CHD,35,C
3537,BCH_CHD,35,U
3538,BCH_CHD,35,C
3539,BCH_CHD,35,C
3540,BCH_CHD,35,S
3541,BCH_CHD,35,S
3542,BCH_CHD,35,S
3543,BCH_CHD,35,S
3544,BCH_CHD,35,C
3545,BCH_CHD,35,C
3546,BCH_CHD,35,C
3547,BCH_CHD,35,C
3548,BCH_CHD,35,S
3549,BCH_CHD,35,S
3550,BCH_CHD,35,S
3551,BCH_CHD,35,S
3552,BCH_CHD,35,A
3553,BCH_CHD,35,A
3554,BCH_CHD,35,A
3555,BCH_CHD,35,A
3556,BCH_CHD,35,S
3557,BCH_CHD,35,S
3558,BCH_CHD,35,S
3559,BCH_CHD,35,S
3560,BCH_CHD,35,S
3561,BCH_CHD,35,S
3562,BCH_CHD,35,S
3563,BCH_CHD,35,S
3564,BCH_CHD,35,S
3565,BCH_CHD,35,S
3566,BCH_CHD,35,S
3567,BCH_CHD,35,S
3568,BCH_CHD,35,S
3569,BCH_CHD,35,S
3570,BCH_CHD,35,S
3571,BCH_CHD,35,S
3572,BCH_CHD,35,S
3573,BCH_CHD,35,S
3574,BCH_CHD,35,S
3575,BCH_CHD,35,S
3576,BCH_CHD,35,S
3577,BCH_CHD,35,S
3578,BCH_CHD,35,S
3579,BCH_CHD,35,S
3580,BCH_CHD,35,A
3581,BCH_CHD,35,A
3582,BCH_CHD,35,A
3583,BCH_CHD,35,A
3584,BCH_CHD,35,U
3585,BCH_CHD,35,S
3586,BCH_CHD,35,S
3587,BCH_CHD,35,S
3588,BCH_CHD,35,S
3589,BCH_CHD,35,S
3590,BCH_CHD,35,S
3591,BCH_CHD,35,S
3592,BCH_CHD,35,C
3593,BCH_CHD,35,C
3594,BCH_CHD,35,C
3595,BCH_CHD,35,C
3596,BCH_CHD,35,A
3597,BCH_CHD,35,A
3598,BCH_CHD,35,U
3599,BCH_CHD,35,A
3600,BCH_CHD,36,S
3601,BCH_CHD,36,S
3602,BCH_CHD,36,S
3603,BCH_CHD,36,S
3604,BCH_CHD,36,C
3605,BCH_CHD,36,C
3606,BCH_CHD,36,C
3607,BCH_CHD,36,C
3608,BCH_CHD,36,S
3609,BCH_CHD,36,S
3610,BCH_CHD,36,S
3611,BCH_CHD,36,S
3612,BCH_CHD,36,C
3613,BCH_CHD,36,C
3614,BCH_CHD,36,C
3615,BCH_CHD,36,C
3616,BCH_CHD,36,A
3617,BCH_CHD,36,A
3618,BCH_CHD,36,A
3619,BCH_CHD,36,A
3620,BCH_CHD,36,C
3621,BCH_CHD,36,C
3622,BCH_CHD,36,C
3623,BCH_CHD,36,C
3624,BCH_CHD,36,A
3625,BCH_CHD,36,A
3626,BCH_CHD,36,A
3627,BCH_CHD,36,A
3628,BCH_CHD,36,C
3629,BCH_CHD,36,C
3630,BCH_CHD,36,C
3631,BCH_CHD,36,C
3632,BCH_CHD,36,A
3633,BCH_CHD,36,A
3634,BCH_CHD,36,A
3635,BCH_CHD,36,A
3636,BCH_CHD,36,A
3637,BCH_CHD,36,A
3638,BCH_CHD,36,A
3639,BCH_CHD,36,A
3640,BCH_CHD,36,S
3641,BCH_CHD,36,S
3642,BCH_CHD,36,S
3643,BCH_CHD,36,S
3644,BCH_CHD,36,A
3645,BCH_CHD,36,A
3646,BCH_CHD,36,A
3647,BCH_CHD,36,A
3648,BCH_CHD,36,S
3649,BCH_CHD,36,S
3650,BCH_CHD,36,S
3651,BCH_CHD,36,S
3652,BCH_CHD,36,C
3653,BCH_CHD,36,C
3654,BCH_CHD,36,U
3655,BCH_CHD,36,U
3656,BCH_CHD,36,A
3657,BCH_CHD,36,A
3658,BCH_CHD,36,A
3659,BCH_CHD,36,A
3660,BCH_CHD,36,S
3661,BCH_CHD,36,S
3662,BCH_CHD,36,S
3663,BCH_CHD,36,S
3664,BCH_CHD,36,C
3665,BCH_CHD,36,C
3666,BCH_CHD,36,C
3667,BCH_CHD,36,C
3668,BCH_CHD,36,S
3669,BCH_CHD,36,S
3670,BCH_CHD,36,S
3671,BCH_CHD,36,S
3672,BCH_CHD,36,C
3673,BCH_CHD,36,C
3674,BCH_CHD,36,C
3675,BCH_CHD,36,C
3676,BCH_CHD,36,A
3677,BCH_CHD,36,A
3678,BCH_CHD,36,A
3679,BCH_CHD,36,A
3680,BCH_CHD,36,C
3681,BCH_CHD,36,C
3682,BCH_CHD,36,C
3683,BCH_CHD,36,C
3684,BCH_CHD,36,A
3685,BCH_CHD,36,A
3686,BCH_CHD,36,A
3687,BCH_CHD,36,A
3688,BCH_CHD,36,A
3689,BCH_CHD,36,A
3690,BCH_CHD,36,A
3691,BCH_CHD,36,A
3692,BCH_CHD,36,S
3693,BCH_CHD,36,S
3694,BCH_CHD,36,S
3695,BCH_CHD,36,S
3696,BCH_CHD,36,C
3697,BCH_CHD,36,C
3698,BCH_CHD,36,C
3699,BCH_CHD,36,C
3700,BCH_CHD,37,C
3701,BCH_CHD,37,C
3702,BCH_CHD,37,U
3703,BCH_CHD,37,C
3704,BCH_CHD,37,S
3705,BCH_CHD,37,S
3706,BCH_CHD,37,S
3707,BCH_CHD,37,S
3708,BCH_CHD,37,A
3709,BCH_CHD,37,A
3710,BCH_CHD,37,A
3711,BCH_CHD,37,A
3712,BCH_CHD,37,A
3713,BCH_CHD,37,A
3714,BCH_CHD,37,A
3715,BCH_CHD,37,A
3716,BCH_CHD,37,S
3717,BCH_CHD,37,S
3718,BCH_CHD,37,S
3719,BCH_CHD,37,S
3720,BCH_CHD,37,S
3721,BCH_CHD,37,S
3722,BCH_CHD,37,S
3723,BCH_CHD,37,S
3724,BCH_CHD,37,S
3725,BCH_CHD,37,U
3726,BCH_CHD,37,S
3727,BCH_CHD,37,S
3728,BCH_CHD,37,C
3729,BCH_CHD,37,C
3730,BCH_CHD,37,C
3731,BCH_CHD,37,C
3732,BCH_CHD,37,A
3733,BCH_CHD,37,A
3734,BCH_CHD,37,A
3735,BCH_CHD,37,A
3736,BCH_CHD,37,A
3737,BCH_CHD,37,A
3738,BCH_CHD,37,A
3739,BCH_CHD,37,A
3740,BCH_CHD,37,U
3741,BCH_CHD,37,A
3742,BCH_CHD,37,A
3743,BCH_CHD,37,A
3744,BCH_CHD,37,S
3745,BCH_CHD,37,S
3746,BCH_CHD,37,S
3747,BCH_CHD,37,S
3748,BCH_CHD,37,S
3749,BCH_CHD,37,S
3750,BCH_CHD,37,S
3751,BCH_CHD,37,S
3752,BCH_CHD,37,C
3753,BCH_CHD,37,C
3754,BCH_CHD,37,C
3755,BCH_CHD,37,C
3756,BCH_CHD,37,C
3757,BCH_CHD,37,C
3758,BCH_CHD,37,C
3759,BCH_CHD,37,C
3760,BCH_CHD,37,A
3761,BCH_CHD,37,A
3762,BCH_CHD,37,A
3763,BCH_CHD,37,A
3764,BCH_CHD,37,C
3765,BCH_CHD,37,C
3766,BCH_CHD,37,C
3767,BCH_CHD,37,C
3768,BCH_CHD,37,S
3769,BCH_CHD,37,S
3770,BCH_CHD,37,S
3771,BCH_CHD,37,S
3772,BCH_CHD,37,A
3773,BCH_CHD,37,U
3774,BCH_CHD,37,A
3775,BCH_CHD,37,A
3776,BCH_CHD,37,S
3777,BCH_CHD,37,S
3778,BCH_CHD,37,S
3779,BCH_CHD,37,S
3780,BCH_CHD,37,C
3781,BCH_CHD,37,C
3782,BCH_CHD,37,C
3783,BCH_CHD,37,C
3784,BCH_CHD,37,A
3785,BCH_CHD,37,A
3786,BCH_CHD,37,A
3787,BCH_CHD,37,A
3788,BCH_CHD,37,S
3789,BCH_CHD,37,S
3790,BCH_CHD,37,S
3791,BCH_CHD,37,S
3792,BCH_CHD,37,S
3793,BCH_CHD,37,S
3794,BCH_CHD,37,S
3795,BCH_CHD,37,S
3796,BCH_CHD,37,U
3797,BCH_CHD,37,A
3798,BCH_CHD,37,U
3799,BCH_CHD,37,A
3800,BCH_CHD,38,S
3801,BCH_CHD,38,S
3802,BCH_CHD,38,S
3803,BCH_CHD,38,S
3804,BCH_CHD,38,A
3805,BCH_CHD,38,A
3806,BCH_CHD,38,A
3807,BCH_CHD,38,A
3808,BCH_CHD,38,C
3809,BCH_CHD,38,C
3810,BCH_CHD,38,C
3811,BCH_CHD,38,C
3812,BCH_CHD,38,S
3813,BCH_CHD,38,S
3814,BCH_CHD,38,S
3815,BCH_CHD,38,S
3816,BCH_CHD,38,S
3817,BCH_CHD,38,S
3818,BCH_CHD,38,S
3819,BCH_CHD,38,S
3820,BCH_CHD,38,A
3821,BCH_CHD,38,A
3822,BCH_CHD,38,A
3823,BCH_CHD,38,A
3824,BCH_CHD,38,C
3825,BCH_CHD,38,C
3826,BCH_CHD,38,C
3827,BCH_CHD,38,C
3828,BCH_CHD,38,S
3829,BCH_CHD,38,S
3830,BCH_CHD,38,S
3831,BCH_CHD,38,S
3832,BCH_CHD,38,A
3833,BCH_CHD,38,A
3834,BCH_CHD,38,A
3835,BCH_CHD,38,A
3836,BCH_CHD,38,S
3837,BCH_CHD,38,S
3838,BCH_CHD,38,U
3839,BCH_CHD,38,S
3840,BCH_CHD,38,A
3841,BCH_CHD,38,A
3842,BCH_CHD,38,A
3843,BCH_CHD,38,A
3844,BCH_CHD,38,A
3845,BCH_CHD,38,A
3846,BCH_CHD,38,A
3847,BCH_CHD,38,A
3848,BCH_CHD,38,C
3849,BCH_CHD,38,C
3850,BCH_CHD,38,C
3851,BCH_CHD,38,C
3852,BCH_CHD,38,A
3853,BCH_CHD,38,A
3854,BCH_CHD,38,A
3855,BCH_CHD,38,A
3856,BCH_CHD,38,S
3857,BCH_CHD,38,S
3858,BCH_CHD,38,S
3859,BCH_CHD,38,S
3860,BCH_CHD,38,C
3861,BCH_CHD,38,C
3862,BCH_CHD,38,C
3863,BCH_CHD,38,C
3864,BCH_CHD,38,A
3865,BCH_CHD,38,A
3866,BCH_CHD,38,A
3867,BCH_CHD,38,A
3868,BCH_CHD,38,S
3869,BCH_CHD,38,S
3870,BCH_CHD,38,S
3871,BCH_CHD,38,S
3872,BCH_CHD,38,A
3873,BCH_CHD,38,A
3874,BCH_CHD,38,A
3875,BCH_CHD,38,A
3876,BCH_CHD,38,C
3877,BCH_CHD,38,C
3878,BCH_CHD,38,C
3879,BCH_CHD,38,C
3880,BCH_CHD,38,S
3881,BCH_CHD,38,U
3882,BCH_CHD,38,S
3883,BCH_CHD,38,S
3884,BCH_CHD,38,C
3885,BCH_CHD,38,C
3886,BCH_CHD,38,C
3887,BCH_CHD,38,C
3888,BCH_CHD,38,A
3889,BCH_CHD,38,A
3890,BCH_CHD,38,A
3891,BCH_CHD,38,A
3892,BCH_CHD,38,A
3893,BCH_CHD,38,A
3894,BCH_CHD,38,A
3895,BCH_CHD,38,A
3896,BCH_CHD,38,C
3897,BCH_CHD,38,C
3898,BCH_CHD,38,C
3899,BCH_CHD,38,C
3900,BCH_CHD,39,S
3901,BCH_CHD,39,S
3902,BCH_CHD,39,S
3903,BCH_CHD,39,S
3904,BCH_CHD,39,C
3905,BCH_CHD,39,C
3906,BCH_CHD,39,C
3907,BCH_CHD,39,C
3908,BCH_CHD,39,C
3909,BCH_CHD,39,C
3910,BCH_CHD,39,C
3911,BCH_CHD,39,C
3912,BCH_CHD,39,S
3913,BCH_CHD,39,S
3914,BCH_CHD,39,S
3915,BCH_CHD,39,S
3916,BCH_CHD,39,C
3917,BCH_CHD,39,C
3918,BCH_CHD,39,C
3919,BCH_CHD,39,C
3920,BCH_CHD,39,S
3921,BCH_CHD,39,S
3922,BCH_CHD,39,S
3923,BCH_CHD,39,S
3924,BCH_CHD,39,A
3925,BCH_CHD,39,A
3926,BCH_CHD,39,A
3927,BCH_CHD,39,A
3928,BCH_CHD,39,S
3929,BCH_CHD,39,S
3930,BCH_CHD,39,S
3931,BCH_CHD,39,S
3932,BCH_CHD,39,C
3933,BCH_CHD,39,C
3934,BCH_CHD,39,C
3935,BCH_CHD,39,C
3936,BCH_CHD,39,A
3937,BCH_CHD,39,A
3938,BCH_CHD,39,A
3939,BCH_CHD,39,A
3940,BCH_CHD,39,S
3941,BCH_CHD,39,S
3942,BCH_CHD,39,S
3943,BCH_CHD,39,S
3944,BCH_CHD,39,C
3945,BCH_CHD,39,C
3946,BCH_CHD,39,C
3947,BCH_CHD,39,C
3948,BCH_CHD,39,A
3949,BCH_CHD,39,A
3950,BCH_CHD,39,A
3951,BCH_CHD,39,A
3952,BCH_CHD,39,S
3953,BCH_CHD,39,S
3954,BCH_CHD,39,S
3955,BCH_CHD,39,S
3956,BCH_CHD,39,C
3957,BCH_CHD,39,C
3958,BCH_CHD,39,C
3959,BCH_CHD,39,C
3960,BCH_CHD,39,A
3961,BCH_CHD,39,A
3962,BCH_CHD,39,A
3963,BCH_CHD,39,A
3964,BCH_CHD,39,C
3965,BCH_CHD,39,C
3966,BCH_CHD,39,C
3967,BCH_CHD,39,C
3968,BCH_CHD,39,S
3969,BCH_CHD,39,S
3970,BCH_CHD,39,S
3971,BCH_CHD,39,S
3972,BCH_CHD,39,C
3973,BCH_CHD,39,C
3974,BCH_CHD,39,C
3975,BCH_CHD,39,C
3976,BCH_CHD,39,A
3977,BCH_CHD,39,A
3978,BCH_CHD,39,A
3979,BCH_CHD,39,A
3980,BCH_CHD,39,A
3981,BCH_CHD,39,A
3982,BCH_CHD,39,A
3983,BCH_CHD,39,A
3984,BCH_CHD,39,S
3985,BCH_CHD,39,S
3986,BCH_CHD,39,U
3987,BCH_CHD,39,S
3988,BCH_CHD,39,U
3989,BCH_CHD,39,C
3990,BCH_CHD,39,C
3991,BCH_CHD,39,C
3992,BCH_CHD,39,S
3993,BCH_CHD,39,S
3994,BCH_CHD,39,S
3995,BCH_CHD,39,S
3996,BCH_CHD,39,A
3997,BCH_CHD,39,A
3998,BCH_CHD,39,A
3999,BCH_CHD,39,A
4000,BCH_CHD,40,C
4001,BCH_CHD,40,C
4002,BCH_CHD,40,C
4003,BCH_CHD,40,C
4004,BCH_CHD,40,S
4005,BCH_CHD,40,S
4006,BCH_CHD,40,S
4007,BCH_CHD,40,S
4008,BCH_CHD,40,S
4009,BCH_CHD,40,U
4010,BCH_CHD,40,C
4011,BCH_CHD,40,C
4012,BCH_CHD,40,U
4013,BCH_CHD,40,S
4014,BCH_CHD,40,S
4015,BCH_CHD,40,S
4016,BCH_CHD,40,S
4017,BCH_CHD,40,U
4018,BCH_CHD,40,S
4019,BCH_CHD,40,S
4020,BCH_CHD,40,C
4021,BCH_CHD,40,C
4022,BCH_CHD,40,U
4023,BCH_CHD,40,C
4024,BCH_CHD,40,S
4025,BCH_CHD,40,S
4026,BCH_CHD,40,U
4027,BCH_CHD,40,U
4028,BCH_CHD,40,C
4029,BCH_CHD,40,C
4030,BCH_CHD,40,C
4031,BCH_CHD,40,C
4032,BCH_CHD,40,U
4033,BCH_CHD,40,S
4034,BCH_CHD,40,S
4035,BCH_CHD,40,S
4036,BCH_CHD,40,U
4037,BCH_CHD,40,U
4038,BCH_CHD,40,U
4039,BCH_CHD,40,S
4040,BCH_CHD,40,S
4041,BCH_CHD,40,S
4042,BCH_CHD,40,S
4043,BCH_CHD,40,S
4044,BCH_CHD,40,S
4045,BCH_CHD,40,S
4046,BCH_CHD,40,S
4047,BCH_CHD,40,S
4048,BCH_CHD,40,S
4049,BCH_CHD,40,S
4050,BCH_CHD,40,S
4051,BCH_CHD,40,S
4052,BCH_CHD,40,A
4053,BCH_CHD,40,A
4054,BCH_CHD,40,A
4055,BCH_CHD,40,A
4056,BCH_CHD,40,A
4057,BCH_CHD,40,A
4058,BCH_CHD,40,A
4059,BCH_CHD,40,A
4060,BCH_CHD,40,S
4061,BCH_CHD,40,S
4062,BCH_CHD,40,S
4063,BCH_CHD,40,S
4064,BCH_CHD,40,A
4065,BCH_CHD,40,A
4066,BCH_CHD,40,A
4067,BCH_CHD,40,A
4068,BCH_CHD,40,A
4069,BCH_CHD,40,A
4070,BCH_CHD,40,A
4071,BCH_CHD,40,A
4072,BCH_CHD,40,S
4073,BCH_CHD,40,S
4074,BCH_CHD,40,S
4075,BCH_CHD,40,S
4076,BCH_CHD,40,C
4077,BCH_CHD,40,C
4078,BCH_CHD,40,C
4079,BCH_CHD,40,C
4080,BCH_CHD,40,C
4081,BCH_CHD,40,C
4082,BCH_CHD,40,C
4083,BCH_CHD,40,C
4084,BCH_CHD,40,C
4085,BCH_CHD,40,C
4086,BCH_CHD,40,C
4087,BCH_CHD,40,C
4088,BCH_CHD,40,S
4089,BCH_CHD,40,S
4090,BCH_CHD,40,S
4091,BCH_CHD,40,S
4092,BCH_CHD,40,C
4093,BCH_CHD,40,C
4094,BCH_CHD,40,C
4095,BCH_CHD,40,C
4096,BCH_CHD,40,S
4097,BCH_CHD,40,S
4098,BCH_CHD,40,S
4099,BCH_CHD,40,S
4100,BCH_CHD,41,C
4101,BCH_CHD,41,C
4102,BCH_CHD,41,C
4103,BCH_CHD,41,C
4104,BCH_CHD,41,C
4105,BCH_CHD,41,C
4106,BCH_CHD,41,C
4107,BCH_CHD,41,C
4108,BCH_CHD,41,S
4109,BCH_CHD,41,S
4110,BCH_CHD,41,S
4111,BCH_CHD,41,S
4112,BCH_CHD,41,A
4113,BCH_CHD,41,A
4114,BCH_CHD,41,A
4115,BCH_CHD,41,A
4116,BCH_CHD,41,S
4117,BCH_CHD,41,S
4118,BCH_CHD,41,S
4119,BCH_CHD,41,S
4120,BCH_CHD,41,S
4121,BCH_CHD,41,S
4122,BCH_CHD,41,S
4123,BCH_CHD,41,S
4124,BCH_CHD,41,U
4125,BCH_CHD,41,S
4126,BCH_CHD,41,S
4127,BCH_CHD,41,S
4128,BCH_CHD,41,A
4129,BCH_CHD,41,A
4130,BCH_CHD,41,A
4131,BCH_CHD,41,A
4132,BCH_CHD,41,C
4133,BCH_CHD,41,C
4134,BCH_CHD,41,C
4135,BCH_CHD,41,C
4136,BCH_CHD,41,A
4137,BCH_CHD,41,A
4138,BCH_CHD,41,A
4139,BCH_CHD,41,A
4140,BCH_CHD,41,C
4141,BCH_CHD,41,C
4142,BCH_CHD,41,C
4143,BCH_CHD,41,C
4144,BCH_CHD,41,A
4145,BCH_CHD,41,A
4146,BCH_CHD,41,A
4147,BCH_CHD,41,A
4148,BCH_CHD,41,C
4149,BCH_CHD,41,C
4150,BCH_CHD,41,C
4151,BCH_CHD,41,C
4152,BCH_CHD,41,C
4153,BCH_CHD,41,C
4154,BCH_CHD,41,C
4155,BCH_CHD,41,C
4156,BCH_CHD,41,A
4157,BCH_CHD,41,A
4158,BCH_CHD,41,A
4159,BCH_CHD,41,A
4160,BCH_CHD,41,S
4161,BCH_CHD,41,S
4162,BCH_CHD,41,S
4163,BCH_CHD,41,S
4164,BCH_CHD,41,A
4165,BCH_CHD,41,A
4166,BCH_CHD,41,A
4167,BCH_CHD,41,A
4168,BCH_CHD,41,S
4169,BCH_CHD,41,S
4170,BCH_CHD,41,S
4171,BCH_CHD,41,S
4172,BCH_CHD,41,C
4173,BCH_CHD,41,C
4174,BCH_CHD,41,C
4175,BCH_CHD,41,C
4176,BCH_CHD,41,A
4177,BCH_CHD,41,A
4178,BCH_CHD,41,A
4179,BCH_CHD,41,A
4180,BCH_CHD,41,S
4181,BCH_CHD,41,S
4182,BCH_CHD,41,S
4183,BCH_CHD,41,S
4184,BCH_CHD,41,C
4185,BCH_CHD,41,C
4186,BCH_CHD,41,C
4187,BCH_CHD,41,C
4188,BCH_CHD,41,S
4189,BCH_CHD,41,S
4190,BCH_CHD,41,S
4191,BCH_CHD,41,S
4192,BCH_CHD,41,S
4193,BCH_CHD,41,S
4194,BCH_CHD,41,S
4195,BCH_CHD,41,S
4196,BCH_CHD,41,A
4197,BCH_CHD,41,A
4198,BCH_CHD,41,A
4199,BCH_CHD,41,A
4200,BCH_CHD,42,C
4201,BCH_CHD,42,C
4202,BCH_CHD,42,C
4203,BCH_CHD,42,C
4204,BCH_CHD,42,A
4205,BCH_CHD,42,A
4206,BCH_CHD,42,A
4207,BCH_CHD,42,A
4208,BCH_CHD,42,C
4209,BCH_CHD,42,C
4210,BCH_CHD,42,C
4211,BCH_CHD,42,C
4212,BCH_CHD,42,S
4213,BCH_CHD,42,S
4214,BCH_CHD,42,S
4215,BCH_CHD,42,S
4216,BCH_CHD,42,A
4217,BCH_CHD,42,A
4218,BCH_CHD,42,A
4219,BCH_CHD,42,A
4220,BCH_CHD,42,C
4221,BCH_CHD,42,C
4222,BCH_CHD,42,C
4223,BCH_CHD,42,C
4224,BCH_CHD,42,S
4225,BCH_CHD,42,S
4226,BCH_CHD,42,S
4227,BCH_CHD,42,S
4228,BCH_CHD,42,C
4229,BCH_CHD,42,C
4230,BCH_CHD,42,C
4231,BCH_CHD,42,C
4232,BCH_CHD,42,C
4233,BCH_CHD,42,C
4234,BCH_CHD,42,U
4235,BCH_CHD,42,U
4236,BCH_CHD,42,S
4237,BCH_CHD,42,S
4238,BCH_CHD,42,S
4239,BCH_CHD,42,S
4240,BCH_CHD,42,C
4241,BCH_CHD,42,C
4242,BCH_CHD,42,C
4243,BCH_CHD,42,C
4244,BCH_CHD,42,C
4245,BCH_CHD,42,C
4246,BCH_CHD,42,C
4247,BCH_CHD,42,C
4248,BCH_CHD,42,S
4249,BCH_CHD,42,S
4250,BCH_CHD,42,S
4251,BCH_CHD,42,S
4252,BCH_CHD,42,A
4253,BCH_CHD,42,A
4254,BCH_CHD,42,A
4255,BCH_CHD,42,A
4256,BCH_CHD,42,S
4257,BCH_CHD,42,S
4258,BCH_CHD,42,S
4259,BCH_CHD,42,S
4260,BCH_CHD,42,C
4261,BCH_CHD,42,C
4262,BCH_CHD,42,C
4263,BCH_CHD,42,C
4264,BCH_CHD,42,A
4265,BCH_CHD,42,A
4266,BCH_CHD,42,A
4267,BCH_CHD,42,A
4268,BCH_CHD,42,S
4269,BCH_CHD,42,S
4270,BCH_CHD,42,S
4271,BCH_CHD,42,S
4272,BCH_CHD,42,U
4273,BCH_CHD,42,C
4274,BCH_CHD,42,U
4275,BCH_CHD,42,C
4276,BCH_CHD,42,A
4277,BCH_CHD,42,A
4278,BCH_CHD,42,A
4279,BCH_CHD,42,A
4280,BCH_CHD,42,C
4281,BCH_CHD,42,C
4282,BCH_CHD,42,C
4283,BCH_CHD,42,C
4284,BCH_CHD,42,S
4285,BCH_CHD,42,S
4286,BCH_CHD,42,U
4287,BCH_CHD,42,S
4288,BCH_CHD,42,C
4289,BCH_CHD,42,C
4290,BCH_CHD,42,C
4291,BCH_CHD,42,C
4292,BCH_CHD,42,S
4293,BCH_CHD,42,S
4294,BCH_CHD,42,S
4295,BCH_CHD,42,S
4296,BCH_CHD,42,A
4297,BCH_CHD,42,A
4298,BCH_CHD,42,A
4299,BCH_CHD,42,A
4300,BCH_CHD,43,C
4301,BCH_CHD,43,C
4302,BCH_CHD,43,C
4303,BCH_CHD,43,C
4304,BCH_CHD,43,A
4305,BCH_CHD,43,A
4306,BCH_CHD,43,A
4307,BCH_CHD,43,A
4308,BCH_CHD,43,A
4309,BCH_CHD,43,A
4310,BCH_CHD,43,A
4311,BCH_CHD,43,A
4312,BCH_CHD,43,C
4313,BCH_CHD,43,C
4314,BCH_CHD,43,C
4315,BCH_CHD,43,C
4316,BCH_CHD,43,S
4317,BCH_CHD,43,S
4318,BCH_CHD,43,S
4319,BCH_CHD,43,S
4320,BCH_CHD,43,S
4321,BCH_CHD,43,S
4322,BCH_CHD,43,S
4323,BCH_CHD,43,S
4324,BCH_CHD,43,C
4325,BCH_CHD,43,C
4326,BCH_CHD,43,U
4327,BCH_CHD,43,C
4328,BCH_CHD,43,S
4329,BCH_CHD,43,S
4330,BCH_CHD,43,S
4331,BCH_CHD,43,S
4332,BCH_CHD,43,A
4333,BCH_CHD,43,A
4334,BCH_CHD,43,A
4335,BCH_CHD,43,A
4336,BCH_CHD,43,C
4337,BCH_CHD,43,C
4338,BCH_CHD,43,C
4339,BCH_CHD,43,C
4340,BCH_CHD,43,S
4341,BCH_CHD,43,S
4342,BCH_CHD,43,S
4343,BCH_CHD,43,S
4344,BCH_CHD,43,C
4345,BCH_CHD,43,C
4346,BCH_CHD,43,C
4347,BCH_CHD,43,C
4348,BCH_CHD,43,S
4349,BCH_CHD,43,S
4350,BCH_CHD,43,S
4351,BCH_CHD,43,S
4352,BCH_CHD,43,A
4353,BCH_CHD,43,A
4354,BCH_CHD,43,A
4355,BCH_CHD,43,A
4356,BCH_CHD,43,C
4357,BCH_CHD,43,C
4358,BCH_CHD,43,C
4359,BCH_CHD,43,C
4360,BCH_CHD,43,S
4361,BCH_CHD,43,S
4362,BCH_CHD,43,S
4363,BCH_CHD,43,S
4364,BCH_CHD,43,S
4365,BCH_CHD,43,S
4366,BCH_CHD,43,S
4367,BCH_CHD,43,S
4368,BCH_CHD,43,C
4369,BCH_CHD,43,C
4370,BCH_CHD,43,C
4371,BCH_CHD,43,C
4372,BCH_CHD,43,S
4373,BCH_CHD,43,S
4374,BCH_CHD,43,S
4375,BCH_CHD,43,S
4376,BCH_CHD,43,C
4377,BCH_CHD,43,C
4378,BCH_CHD,43,C
4379,BCH_CHD,43,C
4380,BCH_CHD,43,S
4381,BCH_CHD,43,S
4382,BCH_CHD,43,S
4383,BCH_CHD,43,S
4384,BCH_CHD,43,C
4385,BCH_CHD,43,C
4386,BCH_CHD,43,C
4387,BCH_CHD,43,C
4388,BCH_CHD,43,A
4389,BCH_CHD,43,A
4390,BCH_CHD,43,A
4391,BCH_CHD,43,A
4392,BCH_CHD,43,A
4393,BCH_CHD,43,A
4394,BCH_CHD,43,A
4395,BCH_CHD,43,A
4396,BCH_CHD,43,C
4397,BCH_CHD,43,C
4398,BCH_CHD,43,C
4399,BCH_CHD,43,C
4400,BCH_CHD,44,A
4401,BCH_CHD,44,A
4402,BCH_CHD,44,A
4403,BCH_CHD,44,A
4404,BCH_CHD,44,C
4405,BCH_CHD,44,C
4406,BCH_CHD,44,C
4407,BCH_CHD,44,C
4408,BCH_CHD,44,A
4409,BCH_CHD,44,A
4410,BCH_CHD,44,A
4411,BCH_CHD,44,A
4412,BCH_CHD,44,S
4413,BCH_CHD,44,S
4414,BCH_CHD,44,S
4415,BCH_CHD,44,S
4416,BCH_CHD,44,C
4417,BCH_CHD,44,C
4418,BCH_CHD,44,C
4419,BCH_CHD,44,C
4420,BCH_CHD,44,A
4421,BCH_CHD,44,A
4422,BCH_CHD,44,A
4423,BCH_CHD,44,A
4424,BCH_CHD,44,S
4425,BCH_CHD,44,S
4426,BCH_CHD,44,S
4427,BCH_CHD,44,S
4428,BCH_CHD,44,U
4429,BCH_CHD,44,U
4430,BCH_CHD,44,A
4431,BCH_CHD,44,A
4432,BCH_CHD,44,A
4433,BCH_CHD,44,A
4434,BCH_CHD,44,A
4435,BCH_CHD,44,A
4436,BCH_CHD,44,S
4437,BCH_CHD,44,S
4438,BCH_CHD,44,S
4439,BCH_CHD,44,S
4440,BCH_CHD,44,A
4441,BCH_CHD,44,A
4442,BCH_CHD,44,A
4443,BCH_CHD,44,A
4444,BCH_CHD,44,S
4445,BCH_CHD,44,S
4446,BCH_CHD,44,S
4447,BCH_CHD,44,S
4448,BCH_CHD,44,U
4449,BCH_CHD,44,C
4450,BCH_CHD,44,C
4451,BCH_CHD,44,C
4452,BCH_CHD,44,C
4453,BCH_CHD,44,C
4454,BCH_CHD,44,C
4455,BCH_CHD,44,C
4456,BCH_CHD,44,U
4457,BCH_CHD,44,S
4458,BCH_CHD,44,S
4459,BCH_CHD,44,S
4460,BCH_CHD,44,C
4461,BCH_CHD,44,C
4462,BCH_CHD,44,C
4463,BCH_CHD,44,C
4464,BCH_CHD,44,A
4465,BCH_CHD,44,A
4466,BCH_CHD,44,A
4467,BCH_CHD,44,A
4468,BCH_CHD,44,C
4469,BCH_CHD,44,C
4470,BCH_CHD,44,C
4471,BCH_CHD,44,C
4472,BCH_CHD,44,A
4473,BCH_CHD,44,A
4474,BCH_CHD,44,A
4475,BCH_CHD,44,A
4476,BCH_CHD,44,S
4477,BCH_CHD,44,S
4478,BCH_CHD,44,S
4479,BCH_CHD,44,S
4480,BCH_CHD,44,C
4481,BCH_CHD,44,C
4482,BCH_CHD,44,C
4483,BCH_CHD,44,C
4484,BCH_CHD,44,S
4485,BCH_CHD,44,S
4486,BCH_CHD,44,S
4487,BCH_CHD,44,S
4488,BCH_CHD,44,S
4489,BCH_CHD,44,S
4490,BCH_CHD,44,S
4491,BCH_CHD,44,S
4492,BCH_CHD,44,A
4493,BCH_CHD,44,A
4494,BCH_CHD,44,A
4495,BCH_CHD,44,A
4496,BCH_CHD,44,S
4497,BCH_CHD,44,S
4498,BCH_CHD,44,S
4499,BCH_CHD,44,S
4500,BCH_CHD,45,C
4501,BCH_CHD,45,C
4502,BCH_CHD,45,C
4503,BCH_CHD,45,C
4504,BCH_CHD,45,C
4505,BCH_CHD,45,C
4506,BCH_CHD,45,C
4507,BCH_CHD,45,C
4508,BCH_CHD,45,S
4509,BCH_CHD,45,S
4510,BCH_CHD,45,S
4511,BCH_CHD,45,S
4512,BCH_CHD,45,C
4513,BCH_CHD,45,C
4514,BCH_CHD,45,C
4515,BCH_CHD,45,C
4516,BCH_CHD,45,C
4517,BCH_CHD,45,C
4518,BCH_CHD,45,C
4519,BCH_CHD,45,C
4520,BCH_CHD,45,C
4521,BCH_CHD,45,C
4522,BCH_CHD,45,C
4523,BCH_CHD,45,C
4524,BCH_CHD,45,A
4525,BCH_CHD,45,A
4526,BCH_CHD,45,A
4527,BCH_CHD,45,A
4528,BCH_CHD,45,S
4529,BCH_CHD,45,S
4530,BCH_CHD,45,S
4531,BCH_CHD,45,S
4532,BCH_CHD,45,A
4533,BCH_CHD,45,A
4534,BCH_CHD,45,A
4535,BCH_CHD,45,A
4536,BCH_CHD,45,S
4537,BCH_CHD,45,S
4538,BCH_CHD,45,S
4539,BCH_CHD,45,S
4540,BCH_CHD,45,C
4541,BCH_CHD,45,C
4542,BCH_CHD,45,C
4543,BCH_CHD,45,C
4544,BCH_CHD,45,S
4545,BCH_CHD,45,S
4546,BCH_CHD,45,S
4547,BCH_CHD,45,S
4548,BCH_CHD,45,C
4549,BCH_CHD,45,C
4550,BCH_CHD,45,C
4551,BCH_CHD,45,C
4552,BCH_CHD,45,C
4553,BCH_CHD,45,C
4554,BCH_CHD,45,C
4555,BCH_CHD,45,C
4556,BCH_CHD,45,A
4557,BCH_CHD,45,A
4558,BCH_CHD,45,A
4559,BCH_CHD,45,A
4560,BCH_CHD,45,C
4561,BCH_CHD,45,C
4562,BCH_CHD,45,C
4563,BCH_CHD,45,C
4564,BCH_CHD,45,C
4565,BCH_CHD,45,C
4566,BCH_CHD,45,C
4567,BCH_CHD,45,C
4568,BCH_CHD,45,A
4569,BCH_CHD,45,A
4570,BCH_CHD,45,A
4571,BCH_CHD,45,A
4572,BCH_CHD,45,S
4573,BCH_CHD,45,S
4574,BCH_CHD,45,S
4575,BCH_CHD,45,S
4576,BCH_CHD,45,C
4577,BCH_CHD,45,C
4578,BCH_CHD,45,C
4579,BCH_CHD,45,C
4580,BCH_CHD,45,C
4581,BCH_CHD,45,C
4582,BCH_CHD,45,C
4583,BCH_CHD,45,C
4584,BCH_CHD,45,A
4585,BCH_CHD,45,A
4586,BCH_CHD,45,A
4587,BCH_CHD,45,A
4588,BCH_CHD,45,S
4589,BCH_CHD,45,S
4590,BCH_CHD,45,S
4591,BCH_CHD,45,S
4592,BCH_CHD,45,S
4593,BCH_CHD,45,S
4594,BCH_CHD,45,S
4595,BCH_CHD,45,S
4596,BCH_CHD,45,A
4597,BCH_CHD,45,A
4598,BCH_CHD,45,A
4599,BCH_CHD,45,A
4600,BCH_CHD,46,A
4601,BCH_CHD,46,A
4602,BCH_CHD,46,A
4603,BCH_CHD,46,A
4604,BCH_CHD,46,C
4605,BCH_CHD,46,C
4606,BCH_CHD,46,C
4607,BCH_CHD,46,C
4608,BCH_CHD,46,S
4609,BCH_CHD,46,S
4610,BCH_CHD,46,S
4611,BCH_CHD,46,S
4612,BCH_CHD,46,C
4613,BCH_CHD,46,C
4614,BCH_CHD,46,C
4615,BCH_CHD,46,C
4616,BCH_CHD,46,S
4617,BCH_CHD,46,S
4618,BCH_CHD,46,S
4619,BCH_CHD,46,S
4620,BCH_CHD,46,S
4621,BCH_CHD,46,S
4622,BCH_CHD,46,S
4623,BCH_CHD,46,S
4624,BCH_CHD,46,S
4625,BCH_CHD,46,S
4626,BCH_CHD,46,S
4627,BCH_CHD,46,S
4628,BCH_CHD,46,C
4629,BCH_CHD,46,C
4630,BCH_CHD,46,C
4631,BCH_CHD,46,C
4632,BCH_CHD,46,S
4633,BCH_CHD,46,S
4634,BCH_CHD,46,S
4635,BCH_CHD,46,S
4636,BCH_CHD,46,S
4637,BCH_CHD,46,S
4638,BCH_CHD,46,S
4639,BCH_CHD,46,S
4640,BCH_CHD,46,A
4641,BCH_CHD,46,A
4642,BCH_CHD,46,A
4643,BCH_CHD,46,A
4644,BCH_CHD,46,S
4645,BCH_CHD,46,S
4646,BCH_CHD,46,S
4647,BCH_CHD,46,S
4648,BCH_CHD,46,C
4649,BCH_CHD,46,C
4650,BCH_CHD,46,C
4651,BCH_CHD,46,C
4652,BCH_CHD,46,U
4653,BCH_CHD,46,S
4654,BCH_CHD,46,U
4655,BCH_CHD,46,U
4656,BCH_CHD,46,C
4657,BCH_CHD,46,C
4658,BCH_CHD,46,C
4659,BCH_CHD,46,C
4660,BCH_CHD,46,S
4661,BCH_CHD,46,U
4662,BCH_CHD,46,S
4663,BCH_CHD,46,S
4664,BCH_CHD,46,A
4665,BCH_CHD,46,A
4666,BCH_CHD,46,A
4667,BCH_CHD,46,A
4668,BCH_CHD,46,S
4669,BCH_CHD,46,S
4670,BCH_CHD,46,S
4671,BCH_CHD,46,S
4672,BCH_CHD,46,S
4673,BCH_CHD,46,S
4674,BCH_CHD,46,S
4675,BCH_CHD,46,S
4676,BCH_CHD,46,A
4677,BCH_CHD,46,A
4678,BCH_CHD,46,U
4679,BCH_CHD,46,A
4680,BCH_CHD,46,S
4681,BCH_CHD,46,S
4682,BCH_CHD,46,S
4683,BCH_CHD,46,S
4684,BCH_CHD,46,S
4685,BCH_CHD,46,S
4686,BCH_CHD,46,S
4687,BCH_CHD,46,S
4688,BCH_CHD,46,C
4689,BCH_CHD,46,C
4690,BCH_CHD,46,C
4691,BCH_CHD,46,C
4692,BCH_CHD,46,C
4693,BCH_CHD,46,C
4694,BCH_CHD,46,C
4695,BCH_CHD,46,C
4696,BCH_CHD,46,S
4697,BCH_CHD,46,S
4698,BCH_CHD,46,S
4699,BCH_CHD,46,S
4700,BCH_CHD,47,C
4701,BCH_CHD,47,C
4702,BCH_CHD,47,U
4703,BCH_CHD,47,C
4704,BCH_CHD,47,A
4705,BCH_CHD,47,A
4706,BCH_CHD,47,A
4707,BCH_CHD,47,A
4708,BCH_CHD,47,A
4709,BCH_CHD,47,A
4710,BCH_CHD,47,A
4711,BCH_CHD,47,A
4712,BCH_CHD,47,C
4713,BCH_CHD,47,C
4714,BCH_CHD,47,C
4715,BCH_CHD,47,C
4716,BCH_CHD,47,A
4717,BCH_CHD,47,A
4718,BCH_CHD,47,A
4719,BCH_CHD,47,A
4720,BCH_CHD,47,S
4721,BCH_CHD,47,S
4722,BCH_CHD,47,S
4723,BCH_CHD,47,S
4724,BCH_CHD,47,A
4725,BCH_CHD,47,A
4726,BCH_CHD,47,A
4727,BCH_CHD,47,A
4728,BCH_CHD,47,S
4729,BCH_CHD,47,S
4730,BCH_CHD,47,S
4731,BCH_CHD,47,S
4732,BCH_CHD,47,C
4733,BCH_CHD,47,C
4734,BCH_CHD,47,C
4735,BCH_CHD,47,C
4736,BCH_CHD,47,A
4737,BCH_CHD,47,A
4738,BCH_CHD,47,A
4739,BCH_CHD,47,A
4740,BCH_CHD,47,C
4741,BCH_CHD,47,C
4742,BCH_CHD,47,C
4743,BCH_CHD,47,C
4744,BCH_CHD,47,S
4745,BCH_CHD,47,S
4746,BCH_CHD,47,S
4747,BCH_CHD,47,S
4748,BCH_CHD,47,C
4749,BCH_CHD,47,C
4750,BCH_CHD,47,C
4751,BCH_CHD,47,C
4752,BCH_CHD,47,C
4753,BCH_CHD,47,C
4754,BCH_CHD,47,C
4755,BCH_CHD,47,C
4756,BCH_CHD,47,C
4757,BCH_CHD,47,C
4758,BCH_CHD,47,C
4759,BCH_CHD,47,C
4760,BCH_CHD,47,S
4761,BCH_CHD,47,S
4762,BCH_CHD,47,S
4763,BCH_CHD,47,S
4764,BCH_CHD,47,A
4765,BCH_CHD,47,A
4766,BCH_CHD,47,A
4767,BCH_CHD,47,A
4768,BCH_CHD,47,S
4769,BCH_CHD,47,S
4770,BCH_CHD,47,S
4771,BCH_CHD,47,S
4772,BCH_CHD,47,C
4773,BCH_CHD,47,C
4774,BCH_CHD,47,C
4775,BCH_CHD,47,C
4776,BCH_CHD,47,A
4777,BCH_CHD,47,A
4778,BCH_CHD,47,A
4779,BCH_CHD,47,A
4780,BCH_CHD,47,C
4781,BCH_CHD,47,C
4782,BCH_CHD,47,C
4783,BCH_CHD,47,C
4784,BCH_CHD,47,S
4785,BCH_CHD,47,S
4786,BCH_CHD,47,S
4787,BCH_CHD,47,S
4788,BCH_CHD,47,C
4789,BCH_CHD,47,C
4790,BCH_CHD,47,C
4791,BCH_CHD,47,C
4792,BCH_CHD,47,C
4793,BCH_CHD,47,C
4794,BCH_CHD,47,C
4795,BCH_CHD,47,C
4796,BCH_CHD,47,C
4797,BCH_CHD,47,C
4798,BCH_CHD,47,C
4799,BCH_CHD,47,C
4800,BCH_CHD,48,S
4801,BCH_CHD,48,S
4802,BCH_CHD,48,S
4803,BCH_CHD,48,S
4804,BCH_CHD,48,C
4805,BCH_CHD,48,C
4806,BCH_CHD,48,C
4807,BCH_CHD,48,C
4808,BCH_CHD,48,S
4809,BCH_CHD,48,S
4810,BCH_CHD,48,S
4811,BCH_CHD,48,S
4812,BCH_CHD,48,A
4813,BCH_CHD,48,A
4814,BCH_CHD,48,A
4815,BCH_CHD,48,A
4816,BCH_CHD,48,A
4817,BCH_CHD,48,A
4818,BCH_CHD,48,A
4819,BCH_CHD,48,A
4820,BCH_CHD,48,C
4821,BCH_CHD,48,C
4822,BCH_CHD,48,C
4823,BCH_CHD,48,C
4824,BCH_CHD,48,C
4825,BCH_CHD,48,C
4826,BCH_CHD,48,C
4827,BCH_CHD,48,C
4828,BCH_CHD,48,S
4829,BCH_CHD,48,S
4830,BCH_CHD,48,S
4831,BCH_CHD,48,S
4832,BCH_CHD,48,S
4833,BCH_CHD,48,S
4834,BCH_CHD,48,S
4835,BCH_CHD,48,S
4836,BCH_CHD,48,C
4837,BCH_CHD,48,C
4838,BCH_CHD,48,C
4839,BCH_CHD,48,C
4840,BCH_CHD,48,C
4841,BCH_CHD,48,C
4842,BCH_CHD,48,U
4843,BCH_CHD,48,C
4844,BCH_CHD,48,A
4845,BCH_CHD,48,A
4846,BCH_CHD,48,A
4847,BCH_CHD,48,A
4848,BCH_CHD,48,S
4849,BCH_CHD,48,S
4850,BCH_CHD,48,S
4851,BCH_CHD,48,S
4852,BCH_CHD,48,S
4853,BCH_CHD,48,S
4854,BCH_CHD,48,S
4855,BCH_CHD,48,S
4856,BCH_CHD,48,A
4857,BCH_CHD,48,A
4858,BCH_CHD,48,A
4859,BCH_CHD,48,A
4860,BCH_CHD,48,A
4861,BCH_CHD,48,A
4862,BCH_CHD,48,A
4863,BCH_CHD,48,A
4864,BCH_CHD,48,S
4865,BCH_CHD,48,S
4866,BCH_CHD,48,S
4867,BCH_CHD,48,S
4868,BCH_CHD,48,C
4869,BCH_CHD,48,C
4870,BCH_CHD,48,C
4871,BCH_CHD,48,C
4872,BCH_CHD,48,A
4873,BCH_CHD,48,A
4874,BCH_CHD,48,A
4875,BCH_CHD,48,A
4876,BCH_CHD,48,S
4877,BCH_CHD,48,S
4878,BCH_CHD,48,S
4879,BCH_CHD,48,S
4880,BCH_CHD,48,U
4881,BCH_CHD,48,C
4882,BCH_CHD,48,C
4883,BCH_CHD,48,C
4884,BCH_CHD,48,A
4885,BCH_CHD,48,A
4886,BCH_CHD,48,A
4887,BCH_CHD,48,A
4888,BCH_CHD,48,C
4889,BCH_CHD,48,C
4890,BCH_CHD,48,C
4891,BCH_CHD,48,C
4892,BCH_CHD,48,S
4893,BCH_CHD,48,S
4894,BCH_CHD,48,S
4895,BCH_CHD,48,S
4896,BCH_CHD,48,A
4897,BCH_CHD,48,A
4898,BCH_CHD,48,A
4899,BCH_CHD,48,A
4900,BCH_CHD,49,A
4901,BCH_CHD,49,A
4902,BCH_CHD,49,A
4903,BCH_CHD,49,A
4904,BCH_CHD,49,S
4905,BCH_CHD,49,S
4906,BCH_CHD,49,S
4907,BCH_CHD,49,S
4908,BCH_CHD,49,A
4909,BCH_CHD,49,A
4910,BCH_CHD,49,A
4911,BCH_CHD,49,A
4912,BCH_CHD,49,C
4913,BCH_CHD,49,C
4914,BCH_CHD,49,C
4915,BCH_CHD,49,C
4916,BCH_CHD,49,C
4917,BCH_CHD,49,C
4918,BCH_CHD,49,C
4919,BCH_CHD,49,C
4920,BCH_CHD,49,C
4921,BCH_CHD,49,C
4922,BCH_CHD,49,C
4923,BCH_CHD,49,C
4924,BCH_CHD,49,C
4925,BCH_CHD,49,C
4926,BCH_CHD,49,C
4927,BCH_CHD,49,C
4928,BCH_CHD,49,A
4929,BCH_CHD,49,A
4930,BCH_CHD,49,A
4931,BCH_CHD,49,A
4932,BCH_CHD,49,S
4933,BCH_CHD,49,S
4934,BCH_CHD,49,S
4935,BCH_CHD,49,S
4936,BCH_CHD,49,A
4937,BCH_CHD,49,A
4938,BCH_CHD,49,A
4939,BCH_CHD,49,A
4940,BCH_CHD,49,S
4941,BCH_CHD,49,S
4942,BCH_CHD,49,S
4943,BCH_CHD,49,S
4944,BCH_CHD,49,C
4945,BCH_CHD,49,C
4946,BCH_CHD,49,C
4947,BCH_CHD,49,C
4948,BCH_CHD,49,C
4949,BCH_CHD,49,C
4950,BCH_CHD,49,C
4951,BCH_CHD,49,C
4952,BCH_CHD,49,S
4953,BCH_CHD,49,S
4954,BCH_CHD,49,S
4955,BCH_CHD,49,S
4956,BCH_CHD,49,A
4957,BCH_CHD,49,A
4958,BCH_CHD,49,A
4959,BCH_CHD,49,A
4960,BCH_CHD,49,C
4961,BCH_CHD,49,C
4962,BCH_CHD,49,C
4963,BCH_CHD,49,C
4964,BCH_CHD,49,S
4965,BCH_CHD,49,S
4966,BCH_CHD,49,S
4967,BCH_CHD,49,S
4968,BCH_CHD,49,C
4969,BCH_CHD,49,C
4970,BCH_CHD,49,C
4971,BCH_CHD,49,C
4972,BCH_CHD,49,A
4973,BCH_CHD,49,A
4974,BCH_CHD,49,A
4975,BCH_CHD,49,A
4976,BCH_CHD,49,C
4977,BCH_CHD,49,C
4978,BCH_CHD,49,C
4979,BCH_CHD,49,C
4980,BCH_CHD,49,C
4981,BCH_CHD,49,C
4982,BCH_CHD,49,C
4983,BCH_CHD,49,C
4984,BCH_CHD,49,A
4985,BCH_CHD,49,A
4986,BCH_CHD,49,A
4987,BCH_CHD,49,A
4988,BCH_CHD,49,S
4989,BCH_CHD,49,S
4990,BCH_CHD,49,S
4991,BCH_CHD,49,U
4992,BCH_CHD,49,C
4993,BCH_CHD,49,C
4994,BCH_CHD,49,C
4995,BCH_CHD,49,C
4996,BCH_CHD,49,A
4997,BCH_CHD,49,A
4998,BCH_CHD,49,A
4999,BCH_CHD,49,A
5000,BCH_CHD,50,C
5001,BCH_CHD,50,C
5002,BCH_CHD,50,C
5003,BCH_CHD,50,C
5004,BCH_CHD,50,U
5005,BCH_CHD,50,S
5006,BCH_CHD,50,S
5007,BCH_CHD,50,S
5008,BCH_CHD,50,C
5009,BCH_CHD,50,C
5010,BCH_CHD,50,C
5011,BCH_CHD,50,C
5012,BCH_CHD,50,S
5013,BCH_CHD,50,S
5014,BCH_CHD,50,S
5015,BCH_CHD,50,S
5016,BCH_CHD,50,A
5017,BCH_CHD,50,A
5018,BCH_CHD,50,A
5019,BCH_CHD,50,A
5020,BCH_CHD,50,S
5021,BCH_CHD,50,S
5022,BCH_CHD,50,S
5023,BCH_CHD,50,S
5024,BCH_CHD,50,C
5025,BCH_CHD,50,C
5026,BCH_CHD,50,C
5027,BCH_CHD,50,C
5028,BCH_CHD,50,C
5029,BCH_CHD,50,C
5030,BCH_CHD,50,C
5031,BCH_CHD,50,C
5032,BCH_CHD,50,S
5033,BCH_CHD,50,S
5034,BCH_CHD,50,S
5035,BCH_CHD,50,S
5036,BCH_CHD,50,U
5037,BCH_CHD,50,C
5038,BCH_CHD,50,C
5039,BCH_CHD,50,C
5040,BCH_CHD,50,A
5041,BCH_CHD,50,A
5042,BCH_CHD,50,A
5043,BCH_CHD,50,A
5044,BCH_CHD,50,C
5045,BCH_CHD,50,C
5046,BCH_CHD,50,C
5047,BCH_CHD,50,C
5048,BCH_CHD,50,A
5049,BCH_CHD,50,A
5050,BCH_CHD,50,A
5051,BCH_CHD,50,A
5052,BCH_CHD,50,S
5053,BCH_CHD,50,S
5054,BCH_CHD,50,S
5055,BCH_CHD,50,S
5056,BCH_CHD,50,C
5057,BCH_CHD,50,C
5058,BCH_CHD,50,C
5059,BCH_CHD,50,C
5060,BCH_CHD,50,A
5061,BCH_CHD,50,A
5062,BCH_CHD,50,A
5063,BCH_CHD,50,A
5064,BCH_CHD,50,S
5065,BCH_CHD,50,S
5066,BCH_CHD,50,S
5067,BCH_CHD,50,S
5068,BCH_CHD,50,S
5069,BCH_CHD,50,S
5070,BCH_CHD,50,S
5071,BCH_CHD,50,S
5072,BCH_CHD,50,C
5073,BCH_CHD,50,C
5074,BCH_CHD,50,C
5075,BCH_CHD,50,C
5076,BCH_CHD,50,S
5077,BCH_CHD,50,S
5078,BCH_CHD,50,S
5079,BCH_CHD,50,S
5080,BCH_CHD,50,C
5081,BCH_CHD,50,C
5082,BCH_CHD,50,C
5083,BCH_CHD,50,C
5084,BCH_CHD,50,A
5085,BCH_CHD,50,A
5086,BCH_CHD,50,A
5087,BCH_CHD,50,A
5088,BCH_CHD,50,S
5089,BCH_CHD,50,S
5090,BCH_CHD,50,S
5091,BCH_CHD,50,S
5092,BCH_CHD,50,C
5093,BCH_CHD,50,C
5094,BCH_CHD,50,C
5095,BCH_CHD,50,C
5096,BCH_CHD,50,C
5097,BCH_CHD,50,C
5098,BCH_CHD,50,C
5099,BCH_CHD,50,C
5100,BCH_CHD,51,A
5101,BCH_CHD,51,A
5102,BCH_CHD,51,A
5103,BCH_CHD,51,A
5104,BCH_CHD,51,S
5105,BCH_CHD,51,S
5106,BCH_CHD,51,S
5107,BCH_CHD,51,S
5108,BCH_CHD,51,C
5109,BCH_CHD,51,C
5110,BCH_CHD,51,C
5111,BCH_CHD,51,C
5112,BCH_CHD,51,S
5113,BCH_CHD,51,S
5114,BCH_CHD,51,S
5115,BCH_CHD,51,S
5116,BCH_CHD,51,C
5117,BCH_CHD,51,C
5118,BCH_CHD,51,C
5119,BCH_CHD,51,C
5120,BCH_CHD,51,A
5121,BCH_CHD,51,A
5122,BCH_CHD,51,A
5123,BCH_CHD,51,U
5124,BCH_CHD,51,S
5125,BCH_CHD,51,S
5126,BCH_CHD,51,S
5127,BCH_CHD,51,S
5128,BCH_CHD,51,C
5129,BCH_CHD,51,C
5130,BCH_CHD,51,C
5131,BCH_CHD,51,C
5132,BCH_CHD,51,A
5133,BCH_CHD,51,A
5134,BCH_CHD,51,U
5135,BCH_CHD,51,A
5136,BCH_CHD,51,S
5137,BCH_CHD,51,S
5138,BCH_CHD,51,S
5139,BCH_CHD,51,S
5140,BCH_CHD,51,A
5141,BCH_CHD,51,A
5142,BCH_CHD,51,A
5143,BCH_CHD,51,A
5144,BCH_CHD,51,C
5145,BCH_CHD,51,C
5146,BCH_CHD,51,C
5147,BCH_CHD,51,C
5148,BCH_CHD,51,A
5149,BCH_CHD,51,A
5150,BCH_CHD,51,A
5151,BCH_CHD,51,A
5152,BCH_CHD,51,S
5153,BCH_CHD,51,S
5154,BCH_CHD,51,S
5155,BCH_CHD,51,S
5156,BCH_CHD,51,A
5157,BCH_CHD,51,A
5158,BCH_CHD,51,A
5159,BCH_CHD,51,A
5160,BCH_CHD,51,C
5161,BCH_CHD,51,C
5162,BCH_CHD,51,C
5163,BCH_CHD,51,C
5164,BCH_CHD,51,S
5165,BCH_CHD,51,S
5166,BCH_CHD,51,S
5167,BCH_CHD,51,S
5168,BCH_CHD,51,A
5169,BCH_CHD,51,A
5170,BCH_CHD,51,A
5171,BCH_CHD,51,A
5172,BCH_CHD,51,C
5173,BCH_CHD,51,C
5174,BCH_CHD,51,C
5175,BCH_CHD,51,C
5176,BCH_CHD,51,C
5177,BCH_CHD,51,C
5178,BCH_CHD,51,C
5179,BCH_CHD,51,C
5180,BCH_CHD,51,C
5181,BCH_CHD,51,C
5182,BCH_CHD,51,U
5183,BCH_CHD,51,U
5184,BCH_CHD,51,A
5185,BCH_CHD,51,A
5186,BCH_CHD,51,A
5187,BCH_CHD,51,A
5188,BCH_CHD,51,U
5189,BCH_CHD,51,C
5190,BCH_CHD,51,C
5191,BCH_CHD,51,C
5192,BCH_CHD,51,A
5193,BCH_CHD,51,A
5194,BCH_CHD,51,A
5195,BCH_CHD,51,A
5196,BCH_CHD,51,C
5197,BCH_CHD,51,C
5198,BCH_CHD,51,C
5199,BCH_CHD,51,C
5200,BCH_CHD,52,A
5201,BCH_CHD,52,A
5202,BCH_CHD,52,A
5203,BCH_CHD,52,A
5204,BCH_CHD,52,C
5205,BCH_CHD,52,C
5206,BCH_CHD,52,C
5207,BCH_CHD,52,C
5208,BCH_CHD,52,U
5209,BCH_CHD,52,C
5210,BCH_CHD,52,C
5211,BCH_CHD,52,C
5212,BCH_CHD,52,C
5213,BCH_CHD,52,C
5214,BCH_CHD,52,C
5215,BCH_CHD,52,C
5216,BCH_CHD,52,C
5217,BCH_CHD,52,C
5218,BCH_CHD,52,U
5219,BCH_CHD,52,C
5220,BCH_CHD,52,C
5221,BCH_CHD,52,C
5222,BCH_CHD,52,C
5223,BCH_CHD,52,C
5224,BCH_CHD,52,C
5225,BCH_CHD,52,C
5226,BCH_CHD,52,C
5227,BCH_CHD,52,C
5228,BCH_CHD,52,S
5229,BCH_CHD,52,S
5230,BCH_CHD,52,S
5231,BCH_CHD,52,S
5232,BCH_CHD,52,S
5233,BCH_CHD,52,S
5234,BCH_CHD,52,S
5235,BCH_CHD,52,U
5236,BCH_CHD,52,U
5237,BCH_CHD,52,S
5238,BCH_CHD,52,S
5239,BCH_CHD,52,S
5240,BCH_CHD,52,S
5241,BCH_CHD,52,S
5242,BCH_CHD,52,S
5243,BCH_CHD,52,S
5244,BCH_CHD,52,C
5245,BCH_CHD,52,C
5246,BCH_CHD,52,C
5247,BCH_CHD,52,C
5248,BCH_CHD,52,A
5249,BCH_CHD,52,A
5250,BCH_CHD,52,A
5251,BCH_CHD,52,A
5252,BCH_CHD,52,S
5253,BCH_CHD,52,S
5254,BCH_CHD,52,S
5255,BCH_CHD,52,S
5256,BCH_CHD,52,C
5257,BCH_CHD,52,C
5258,BCH_CHD,52,C
5259,BCH_CHD,52,C
5260,BCH_CHD,52,S
5261,BCH_CHD,52,S
5262,BCH_CHD,52,S
5263,BCH_CHD,52,S
5264,BCH_CHD,52,S
5265,BCH_CHD,52,S
5266,BCH_CHD,52,S
5267,BCH_CHD,52,S
5268,BCH_CHD,52,C
5269,BCH_CHD,52,C
5270,BCH_CHD,52,C
5271,BCH_CHD,52,C
5272,BCH_CHD,52,S
5273,BCH_CHD,52,S
5274,BCH_CHD,52,S
5275,BCH_CHD,52,S
5276,BCH_CHD,52,A
5277,BCH_CHD,52,A
5278,BCH_CHD,52,A
5279,BCH_CHD,52,A
5280,BCH_CHD,52,A
5281,BCH_CHD,52,A
5282,BCH_CHD,52,A
5283,BCH_CHD,52,A
5284,BCH_CHD,52,S
5285,BCH_CHD,52,S
5286,BCH_CHD,52,S
5287,BCH_CHD,52,S
5288,BCH_CHD,52,C
5289,BCH_CHD,52,C
5290,BCH_CHD,52,C
5291,BCH_CHD,52,C
5292,BCH_CHD,52,S
5293,BCH_CHD,52,S
5294,BCH_CHD,52,S
5295,BCH_CHD,52,S
5296,BCH_CHD,52,A
5297,BCH_CHD,52,A
5298,BCH_CHD,52,A
5299,BCH_CHD,52,A
5300,BCH_CHD,53,C
5301,BCH_CHD,53,C
5302,BCH_CHD,53,C
5303,BCH_CHD,53,C
5304,BCH_CHD,53,S
5305,BCH_CHD,53,S
5306,BCH_CHD,53,S
5307,BCH_CHD,53,S
5308,BCH_CHD,53,C
5309,BCH_CHD,53,C
5310,BCH_CHD,53,C
5311,BCH_CHD,53,C
5312,BCH_CHD,53,C
5313,BCH_CHD,53,C
5314,BCH_CHD,53,C
5315,BCH_CHD,53,C
5316,BCH_CHD,53,U
5317,BCH_CHD,53,C
5318,BCH_CHD,53,C
5319,BCH_CHD,53,C
5320,BCH_CHD,53,S
5321,BCH_CHD,53,S
5322,BCH_CHD,53,S
5323,BCH_CHD,53,S
5324,BCH_CHD,53,C
5325,BCH_CHD,53,C
5326,BCH_CHD,53,C
5327,BCH_CHD,53,C
5328,BCH_CHD,53,S
5329,BCH_CHD,53,S
5330,BCH_CHD,53,S
5331,BCH_CHD,53,U
5332,BCH_CHD,53,A
5333,BCH_CHD,53,A
5334,BCH_CHD,53,A
5335,BCH_CHD,53,A
5336,BCH_CHD,53,C
5337,BCH_CHD,53,C
5338,BCH_CHD,53,C
5339,BCH_CHD,53,C
5340,BCH_CHD,53,S
5341,BCH_CHD,53,S
5342,BCH_CHD,53,S
5343,BCH_CHD,53,S
5344,BCH_CHD,53,A
5345,BCH_CHD,53,A
5346,BCH_CHD,53,A
5347,BCH_CHD,53,A
5348,BCH_CHD,53,C
5349,BCH_CHD,53,C
5350,BCH_CHD,53,C
5351,BCH_CHD,53,C
5352,BCH_CHD,53,A
5353,BCH_CHD,53,A
5354,BCH_CHD,53,A
5355,BCH_CHD,53,A
5356,BCH_CHD,53,C
5357,BCH_CHD,53,C
5358,BCH_CHD,53,C
5359,BCH_CHD,53,C
5360,BCH_CHD,53,S
5361,BCH_CHD,53,S
5362,BCH_CHD,53,S
5363,BCH_CHD,53,S
5364,BCH_CHD,53,S
5365,BCH_CHD,53,S
5366,BCH_CHD,53,S
5367,BCH_CHD,53,S
5368,BCH_CHD,53,C
5369,BCH_CHD,53,C
5370,BCH_CHD,53,C
5371,BCH_CHD,53,C
5372,BCH_CHD,53,A
5373,BCH_CHD,53,A
5374,BCH_CHD,53,A
5375,BCH_CHD,53,A
5376,BCH_CHD,53,S
5377,BCH_CHD,53,S
5378,BCH_CHD,53,S
5379,BCH_CHD,53,S
5380,BCH_CHD,53,C
5381,BCH_CHD,53,C
5382,BCH_CHD,53,C
5383,BCH_CHD,53,C
5384,BCH_CHD,53,A
5385,BCH_CHD,53,A
5386,BCH_CHD,53,A
5387,BCH_CHD,53,A
5388,BCH_CHD,53,S
5389,BCH_CHD,53,S
5390,BCH_CHD,53,S
5391,BCH_CHD,53,S
5392,BCH_CHD,53,S
5393,BCH_CHD,53,S
5394,BCH_CHD,53,S
5395,BCH_CHD,53,S
5396,BCH_CHD,53,C
5397,BCH_CHD,53,C
5398,BCH_CHD,53,C
5399,BCH_CHD,53,C
5400,BCH_CHD,54,C
5401,BCH_CHD,54,C
5402,BCH_CHD,54,C
5403,BCH_CHD,54,C
5404,BCH_CHD,54,S
5405,BCH_CHD,54,S
5406,BCH_CHD,54,S
5407,BCH_CHD,54,S
5408,BCH_CHD,54,A
5409,BCH_CHD,54,A
5410,BCH_CHD,54,A
5411,BCH_CHD,54,A
5412,BCH_CHD,54,A
5413,BCH_CHD,54,A
5414,BCH_CHD,54,A
5415,BCH_CHD,54,A
5416,BCH_CHD,54,S
5417,BCH_CHD,54,S
5418,BCH_CHD,54,S
5419,BCH_CHD,54,S
5420,BCH_CHD,54,A
5421,BCH_CHD,54,A
5422,BCH_CHD,54,A
5423,BCH_CHD,54,A
5424,BCH_CHD,54,C
5425,BCH_CHD,54,C
5426,BCH_CHD,54,C
5427,BCH_CHD,54,C
5428,BCH_CHD,54,C
5429,BCH_CHD,54,C
5430,BCH_CHD,54,C
5431,BCH_CHD,54,C
5432,BCH_CHD,54,S
5433,BCH_CHD,54,S
5434,BCH_CHD,54,S
5435,BCH_CHD,54,S
5436,BCH_CHD,54,A
5437,BCH_CHD,54,A
5438,BCH_CHD,54,A
5439,BCH_CHD,54,A
5440,BCH_CHD,54,S
5441,BCH_CHD,54,S
5442,BCH_CHD,54,S
5443,BCH_CHD,54,S
5444,BCH_CHD,54,C
5445,BCH_CHD,54,C
5446,BCH_CHD,54,C
5447,BCH_CHD,54,C
5448,BCH_CHD,54,A
5449,BCH_CHD,54,A
5450,BCH_CHD,54,A
5451,BCH_CHD,54,A
5452,BCH_CHD,54,A
5453,BCH_CHD,54,A
5454,BCH_CHD,54,A
5455,BCH_CHD,54,A
5456,BCH_CHD,54,A
5457,BCH_CHD,54,A
5458,BCH_CHD,54,A
5459,BCH_CHD,54,A
5460,BCH_CHD,54,C
5461,BCH_CHD,54,C
5462,BCH_CHD,54,C
5463,BCH_CHD,54,C
5464,BCH_CHD,54,S
5465,BCH_CHD,54,S
5466,BCH_CHD,54,S
5467,BCH_CHD,54,S
5468,BCH_CHD,54,C
5469,BCH_CHD,54,C
5470,BCH_CHD,54,C
5471,BCH_CHD,54,C
5472,BCH_CHD,54,S
5473,BCH_CHD,54,S
5474,BCH_CHD,54,S
5475,BCH_CHD,54,S
5476,BCH_CHD,54,C
5477,BCH_CHD,54,C
5478,BCH_CHD,54,C
5479,BCH_CHD,54,C
5480,BCH_CHD,54,S
5481,BCH_CHD,54,S
5482,BCH_CHD,54,S
5483,BCH_CHD,54,S
5484,BCH_CHD,54,C
5485,BCH_CHD,54,C
5486,BCH_CHD,54,C
5487,BCH_CHD,54,C
5488,BCH_CHD,54,S
5489,BCH_CHD,54,S
5490,BCH_CHD,54,S
5491,BCH_CHD,54,S
5492,BCH_CHD,54,C
5493,BCH_CHD,54,C
5494,BCH_CHD,54,C
5495,BCH_CHD,54,C
5496,BCH_CHD,54,U
5497,BCH_CHD,54,C
5498,BCH_CHD,54,C
5499,BCH_CHD,54,C
5500,BCH_CHD,55,C
5501,BCH_CHD,55,C
5502,BCH_CHD,55,C
5503,BCH_CHD,55,C
5504,BCH_CHD,55,A
5505,BCH_CHD,55,A
5506,BCH_CHD,55,A
5507,BCH_CHD,55,A
5508,BCH_CHD,55,C
5509,BCH_CHD,55,C
5510,BCH_CHD,55,C
5511,BCH_CHD,55,C
5512,BCH_CHD,55,S
5513,BCH_CHD,55,S
5514,BCH_CHD,55,S
5515,BCH_CHD,55,S
5516,BCH_CHD,55,S
5517,BCH_CHD,55,S
5518,BCH_CHD,55,S
5519,BCH_CHD,55,S
5520,BCH_CHD,55,A
5521,BCH_CHD,55,A
5522,BCH_CHD,55,A
5523,BCH_CHD,55,A
5524,BCH_CHD,55,A
5525,BCH_CHD,55,A
5526,BCH_CHD,55,A
5527,BCH_CHD,55,A
5528,BCH_CHD,55,S
5529,BCH_CHD,55,S
5530,BCH_CHD,55,S
5531,BCH_CHD,55,S
5532,BCH_CHD,55,A
5533,BCH_CHD,55,A
5534,BCH_CHD,55,A
5535,BCH_CHD,55,A
5536,BCH_CHD,55,C
5537,BCH_CHD,55,C
5538,BCH_CHD,55,C
5539,BCH_CHD,55,C
5540,BCH_CHD,55,S
5541,BCH_CHD,55,S
5542,BCH_CHD,55,S
5543,BCH_CHD,55,S
5544,BCH_CHD,55,A
5545,BCH_CHD,55,A
5546,BCH_CHD,55,A
5547,BCH_CHD,55,A
5548,BCH_CHD,55,A
5549,BCH_CHD,55,A
5550,BCH_CHD,55,A
5551,BCH_CHD,55,A
5552,BCH_CHD,55,C
5553,BCH_CHD,55,C
5554,BCH_CHD,55,C
5555,BCH_CHD,55,C
5556,BCH_CHD,55,S
5557,BCH_CHD,55,S
5558,BCH_CHD,55,S
5559,BCH_CHD,55,S
5560,BCH_CHD,55,C
5561,BCH_CHD,55,C
5562,BCH_CHD,55,C
5563,BCH_CHD,55,C
5564,BCH_CHD,55,S
5565,BCH_CHD,55,S
5566,BCH_CHD,55,S
5567,BCH_CHD,55,S
5568,BCH_CHD,55,C
5569,BCH_CHD,55,C
5570,BCH_CHD,55,C
5571,BCH_CHD,55,C
5572,BCH_CHD,55,S
5573,BCH_CHD,55,S
5574,BCH_CHD,55,S
5575,BCH_CHD,55,S
5576,BCH_CHD,55,S
5577,BCH_CHD,55,S
5578,BCH_CHD,55,S
5579,BCH_CHD,55,S
5580,BCH_CHD,55,C
5581,BCH_CHD,55,C
5582,BCH_CHD,55,C
5583,BCH_CHD,55,C
5584,BCH_CHD,55,C
5585,BCH_CHD,55,C
5586,BCH_CHD,55,C
5587,BCH_CHD,55,C
5588,BCH_CHD,55,A
5589,BCH_CHD,55,A
5590,BCH_CHD,55,A
5591,BCH_CHD,55,A
5592,BCH_CHD,55,C
5593,BCH_CHD,55,C
5594,BCH_CHD,55,C
5595,BCH_CHD,55,C
5596,BCH_CHD,55,C
5597,BCH_CHD,55,C
5598,BCH_CHD,55,C
5599,BCH_CHD,55,C
5600,BCH_CHD,56,S
5601,BCH_CHD,56,S
5602,BCH_CHD,56,S
5603,BCH_CHD,56,S
5604,BCH_CHD,56,A
5605,BCH_CHD,56,A
5606,BCH_CHD,56,A
5607,BCH_CHD,56,A
5608,BCH_CHD,56,C
5609,BCH_CHD,56,C
5610,BCH_CHD,56,C
5611,BCH_CHD,56,C
5612,BCH_CHD,56,A
5613,BCH_CHD,56,A
5614,BCH_CHD,56,U
5615,BCH_CHD,56,A
5616,BCH_CHD,56,S
5617,BCH_CHD,56,S
5618,BCH_CHD,56,S
5619,BCH_CHD,56,S
5620,BCH_CHD,56,C
5621,BCH_CHD,56,C
5622,BCH_CHD,56,C
5623,BCH_CHD,56,C
5624,BCH_CHD,56,C
5625,BCH_CHD,56,C
5626,BCH_CHD,56,C
5627,BCH_CHD,56,C
5628,BCH_CHD,56,C
5629,BCH_CHD,56,C
5630,BCH_CHD,56,C
5631,BCH_CHD,56,C
5632,BCH_CHD,56,S
5633,BCH_CHD,56,S
5634,BCH_CHD,56,S
5635,BCH_CHD,56,S
5636,BCH_CHD,56,A
5637,BCH_CHD,56,A
5638,BCH_CHD,56,A
5639,BCH_CHD,56,A
5640,BCH_CHD,56,S
5641,BCH_CHD,56,S
5642,BCH_CHD,56,S
5643,BCH_CHD,56,S
5644,BCH_CHD,56,A
5645,BCH_CHD,56,A
5646,BCH_CHD,56,A
5647,BCH_CHD,56,A
5648,BCH_CHD,56,U
5649,BCH_CHD,56,C
5650,BCH_CHD,56,C
5651,BCH_CHD,56,C
5652,BCH_CHD,56,C
5653,BCH_CHD,56,C
5654,BCH_CHD,56,C
5655,BCH_CHD,56,C
5656,BCH_CHD,56,S
5657,BCH_CHD,56,S
5658,BCH_CHD,56,S
5659,BCH_CHD,56,S
5660,BCH_CHD,56,C
5661,BCH_CHD,56,C
5662,BCH_CHD,56,C
5663,BCH_CHD,56,C
5664,BCH_CHD,56,S
5665,BCH_CHD,56,S
5666,BCH_CHD,56,S
5667,BCH_CHD,56,S
5668,BCH_CHD,56,C
5669,BCH_CHD,56,C
5670,BCH_CHD,56,C
5671,BCH_CHD,56,C
5672,BCH_CHD,56,A
5673,BCH_CHD,56,A
5674,BCH_CHD,56,A
5675,BCH_CHD,56,A
5676,BCH_CHD,56,C
5677,BCH_CHD,56,C
5678,BCH_CHD,56,C
5679,BCH_CHD,56,C
5680,BCH_CHD,56,U
5681,BCH_CHD,56,U
5682,BCH_CHD,56,S
5683,BCH_CHD,56,U
5684,BCH_CHD,56,C
5685,BCH_CHD,56,C
5686,BCH_CHD,56,C
5687,BCH_CHD,56,C
5688,BCH_CHD,56,A
5689,BCH_CHD,56,A
5690,BCH_CHD,56,A
5691,BCH_CHD,56,A
5692,BCH_CHD,56,C
5693,BCH_CHD,56,C
5694,BCH_CHD,56,C
5695,BCH_CHD,56,C
5696,BCH_CHD,56,A
5697,BCH_CHD,56,A
5698,BCH_CHD,56,U
5699,BCH_CHD,56,A
5700,BCH_CHD,57,S
5701,BCH_CHD,57,S
5702,BCH_CHD,57,S
5703,BCH_CHD,57,S
5704,BCH_CHD,57,U
5705,BCH_CHD,57,C
5706,BCH_CHD,57,U
5707,BCH_CHD,57,U
5708,BCH_CHD,57,S
5709,BCH_CHD,57,S
5710,BCH_CHD,57,S
5711,BCH_CHD,57,S
5712,BCH_CHD,57,C
5713,BCH_CHD,57,C
5714,BCH_CHD,57,C
5715,BCH_CHD,57,C
5716,BCH_CHD,57,C
5717,BCH_CHD,57,C
5718,BCH_CHD,57,C
5719,BCH_CHD,57,C
5720,BCH_CHD,57,S
5721,BCH_CHD,57,S
5722,BCH_CHD,57,S
5723,BCH_CHD,57,S
5724,BCH_CHD,57,A
5725,BCH_CHD,57,A
5726,BCH_CHD,57,A
5727,BCH_CHD,57,A
5728,BCH_CHD,57,A
5729,BCH_CHD,57,A
5730,BCH_CHD,57,A
5731,BCH_CHD,57,A
5732,BCH_CHD,57,A
5733,BCH_CHD,57,A
5734,BCH_CHD,57,A
5735,BCH_CHD,57,A
5736,BCH_CHD,57,S
5737,BCH_CHD,57,S
5738,BCH_CHD,57,S
5739,BCH_CHD,57,S
5740,BCH_CHD,57,A
5741,BCH_CHD,57,A
5742,BCH_CHD,57,A
5743,BCH_CHD,57,A
5744,BCH_CHD,57,A
5745,BCH_CHD,57,A
5746,BCH_CHD,57,A
5747,BCH_CHD,57,A
5748,BCH_CHD,57,C
5749,BCH_CHD,57,C
5750,BCH_CHD,57,C
5751,BCH_CHD,57,C
5752,BCH_CHD,57,S
5753,BCH_CHD,57,S
5754,BCH_CHD,57,S
5755,BCH_CHD,57,S
5756,BCH_CHD,57,S
5757,BCH_CHD,57,U
5758,BCH_CHD,57,U
5759,BCH_CHD,57,U
5760,BCH_CHD,57,C
5761,BCH_CHD,57,C
5762,BCH_CHD,57,C
5763,BCH_CHD,57,C
5764,BCH_CHD,57,S
5765,BCH_CHD,57,S
5766,BCH_CHD,57,S
5767,BCH_CHD,57,S
5768,BCH_CHD,57,S
5769,BCH_CHD,57,S
5770,BCH_CHD,57,S
5771,BCH_CHD,57,S
5772,BCH_CHD,57,C
5773,BCH_CHD,57,U
5774,BCH_CHD,57,C
5775,BCH_CHD,57,C
5776,BCH_CHD,57,C
5777,BCH_CHD,57,C
5778,BCH_CHD,57,C
5779,BCH_CHD,57,C
5780,BCH_CHD,57,A
5781,BCH_CHD,57,A
5782,BCH_CHD,57,A
5783,BCH_CHD,57,A
5784,BCH_CHD,57,S
5785,BCH_CHD,57,S
5786,BCH_CHD,57,S
5787,BCH_CHD,57,S
5788,BCH_CHD,57,C
5789,BCH_CHD,57,C
5790,BCH_CHD,57,C
5791,BCH_CHD,57,C
5792,BCH_CHD,57,C
5793,BCH_CHD,57,C
5794,BCH_CHD,57,C
5795,BCH_CHD,57,C
5796,BCH_CHD,57,A
5797,BCH_CHD,57,A
5798,BCH_CHD,57,A
5799,BCH_CHD,57,A
5800,BCH_CHD,58,S
5801,BCH_CHD,58,U
5802,BCH_CHD,58,S
5803,BCH_CHD,58,U
5804,BCH_CHD,58,S
5805,BCH_CHD,58,S
5806,BCH_CHD,58,S
5807,BCH_CHD,58,S
5808,BCH_CHD,58,C
5809,BCH_CHD,58,C
5810,BCH_CHD,58,C
5811,BCH_CHD,58,C
5812,BCH_CHD,58,C
5813,BCH_CHD,58,C
5814,BCH_CHD,58,C
5815,BCH_CHD,58,C
5816,BCH_CHD,58,S
5817,BCH_CHD,58,S
5818,BCH_CHD,58,S
5819,BCH_CHD,58,S
5820,BCH_CHD,58,C
5821,BCH_CHD,58,C
5822,BCH_CHD,58,C
5823,BCH_CHD,58,C
5824,BCH_CHD,58,C
5825,BCH_CHD,58,C
5826,BCH_CHD,58,C
5827,BCH_CHD,58,C
5828,BCH_CHD,58,U
5829,BCH_CHD,58,U
5830,BCH_CHD,58,C
5831,BCH_CHD,58,C
5832,BCH_CHD,58,A
5833,BCH_CHD,58,A
5834,BCH_CHD,58,A
5835,BCH_CHD,58,A
5836,BCH_CHD,58,S
5837,BCH_CHD,58,S
5838,BCH_CHD,58,S
5839,BCH_CHD,58,S
5840,BCH_CHD,58,S
5841,BCH_CHD,58,S
5842,BCH_CHD,58,S
5843,BCH_CHD,58,S
5844,BCH_CHD,58,A
5845,BCH_CHD,58,A
5846,BCH_CHD,58,A
5847,BCH_CHD,58,A
5848,BCH_CHD,58,A
5849,BCH_CHD,58,A
5850,BCH_CHD,58,A
5851,BCH_CHD,58,A
5852,BCH_CHD,58,U
5853,BCH_CHD,58,S
5854,BCH_CHD,58,S
5855,BCH_CHD,58,S
5856,BCH_CHD,58,C
5857,BCH_CHD,58,C
5858,BCH_CHD,58,C
5859,BCH_CHD,58,C
5860,BCH_CHD,58,A
5861,BCH_CHD,58,A
5862,BCH_CHD,58,A
5863,BCH_CHD,58,A
5864,BCH_CHD,58,S
5865,BCH_CHD,58,S
5866,BCH_CHD,58,S
5867,BCH_CHD,58,S
5868,BCH_CHD,58,C
5869,BCH_CHD,58,C
5870,BCH_CHD,58,C
5871,BCH_CHD,58,C
5872,BCH_CHD,58,S
5873,BCH_CHD,58,S
5874,BCH_CHD,58,S
5875,BCH_CHD,58,S
5876,BCH_CHD,58,A
5877,BCH_CHD,58,A
5878,BCH_CHD,58,A
5879,BCH_CHD,58,A
5880,BCH_CHD,58,C
5881,BCH_CHD,58,C
5882,BCH_CHD,58,C
5883,BCH_CHD,58,C
5884,BCH_CHD,58,A
5885,BCH_CHD,58,A
5886,BCH_CHD,58,A
5887,BCH_CHD,58,A
5888,BCH_CHD,58,C
5889,BCH_CHD,58,C
5890,BCH_CHD,58,C
5891,BCH_CHD,58,C
5892,BCH_CHD,58,S
5893,BCH_CHD,58,S
5894,BCH_CHD,58,S
5895,BCH_CHD,58,S
5896,BCH_CHD,58,S
5897,BCH_CHD,58,S
5898,BCH_CHD,58,S
5899,BCH_CHD,58,S
5900,BCH_CHD,59,S
5901,BCH_CHD,59,S
5902,BCH_CHD,59,S
5903,BCH_CHD,59,S
5904,BCH_CHD,59,S
5905,BCH_CHD,59,S
5906,BCH_CHD,59,S
5907,BCH_CHD,59,S
5908,BCH_CHD,59,C
5909,BCH_CHD,59,C
5910,BCH_CHD,59,C
5911,BCH_CHD,59,C
5912,BCH_CHD,59,S
5913,BCH_CHD,59,S
5914,BCH_CHD,59,S
5915,BCH_CHD,59,S
5916,BCH_CHD,59,A
5917,BCH_CHD,59,A
5918,BCH_CHD,59,A
5919,BCH_CHD,59,A
5920,BCH_CHD,59,C
5921,BCH_CHD,59,C
5922,BCH_CHD,59,C
5923,BCH_CHD,59,C
5924,BCH_CHD,59,C
5925,BCH_CHD,59,C
5926,BCH_CHD,59,C
5927,BCH_CHD,59,C
5928,BCH_CHD,59,S
5929,BCH_CHD,59,S
5930,BCH_CHD,59,S
5931,BCH_CHD,59,S
5932,BCH_CHD,59,S
5933,BCH_CHD,59,S
5934,BCH_CHD,59,S
5935,BCH_CHD,59,S
5936,BCH_CHD,59,C
5937,BCH_CHD,59,C
5938,BCH_CHD,59,C
5939,BCH_CHD,59,C
5940,BCH_CHD,59,C
5941,BCH_CHD,59,C
5942,BCH_CHD,59,C
5943,BCH_CHD,59,C
5944,BCH_CHD,59,C
5945,BCH_CHD,59,C
5946,BCH_CHD,59,C
5947,BCH_CHD,59,C
5948,BCH_CHD,59,C
5949,BCH_CHD,59,C
5950,BCH_CHD,59,C
5951,BCH_CHD,59,C
5952,BCH_CHD,59,
5953,BCH_CHD,59,S
5954,BCH_CHD,59,S
5955,BCH_CHD,59,S
5956,BCH_CHD,59,S
5957,BCH_CHD,59,A
5958,BCH_CHD,59,A
5959,BCH_CHD,59,A
5960,BCH_CHD,59,A
5961,BCH_CHD,59,A
5962,BCH_CHD,59,A
5963,BCH_CHD,59,A
5964,BCH_CHD,59,A
5965,BCH_CHD,59,U
5966,BCH_CHD,59,C
5967,BCH_CHD,59,U
5968,BCH_CHD,59,C
5969,BCH_CHD,59,S
5970,BCH_CHD,59,S
5971,BCH_CHD,59,S
5972,BCH_CHD,59,A
5973,BCH_CHD,59,A
5974,BCH_CHD,59,A
5975,BCH_CHD,59,A
5976,BCH_CHD,59,U
5977,BCH_CHD,59,C
5978,BCH_CHD,59,C
5979,BCH_CHD,59,C
5980,BCH_CHD,59,A
5981,BCH_CHD,59,A
5982,BCH_CHD,59,A
5983,BCH_CHD,59,A
5984,BCH_CHD,59,S
5985,BCH_CHD,59,S
5986,BCH_CHD,59,S
5987,BCH_CHD,59,S
5988,BCH_CHD,59,A
5989,BCH_CHD,59,A
5990,BCH_CHD,59,A
5991,BCH_CHD,59,A
5992,BCH_CHD,59,C
5993,BCH_CHD,59,C
5994,BCH_CHD,59,C
5995,BCH_CHD,59,C
5996,BCH_CHD,59,A
5997,BCH_CHD,59,A
5998,BCH_CHD,59,A
5999,BCH_CHD,59,U
6000,BCH_CHD,60,A
6001,BCH_CHD,60,A
6002,BCH_CHD,60,A
6003,BCH_CHD,60,A
6004,BCH_CHD,60,C
6005,BCH_CHD,60,C
6006,BCH_CHD,60,C
6007,BCH_CHD,60,C
6008,BCH_CHD,60,S
6009,BCH_CHD,60,S
6010,BCH_CHD,60,S
6011,BCH_CHD,60,S
6012,BCH_CHD,60,A
6013,BCH_CHD,60,A
6014,BCH_CHD,60,A
6015,BCH_CHD,60,A
6016,BCH_CHD,60,S
6017,BCH_CHD,60,S
6018,BCH_CHD,60,S
6019,BCH_CHD,60,S
6020,BCH_CHD,60,A
6021,BCH_CHD,60,A
6022,BCH_CHD,60,A
6023,BCH_CHD,60,A
6024,BCH_CHD,60,C
6025,BCH_CHD,60,C
6026,BCH_CHD,60,C
6027,BCH_CHD,60,C
6028,BCH_CHD,60,C
6029,BCH_CHD,60,C
6030,BCH_CHD,60,C
6031,BCH_CHD,60,C
6032,BCH_CHD,60,A
6033,BCH_CHD,60,A
6034,BCH_CHD,60,A
6035,BCH_CHD,60,A
6036,BCH_CHD,60,U
6037,BCH_CHD,60,U
6038,BCH_CHD,60,C
6039,BCH_CHD,60,C
6040,BCH_CHD,60,A
6041,BCH_CHD,60,A
6042,BCH_CHD,60,A
6043,BCH_CHD,60,A
6044,BCH_CHD,60,A
6045,BCH_CHD,60,A
6046,BCH_CHD,60,A
6047,BCH_CHD,60,A
6048,BCH_CHD,60,S
6049,BCH_CHD,60,S
6050,BCH_CHD,60,S
6051,BCH_CHD,60,S
6052,BCH_CHD,60,C
6053,BCH_CHD,60,C
6054,BCH_CHD,60,C
6055,BCH_CHD,60,C
6056,BCH_CHD,60,C
6057,BCH_CHD,60,C
6058,BCH_CHD,60,C
6059,BCH_CHD,60,C
6060,BCH_CHD,60,A
6061,BCH_CHD,60,A
6062,BCH_CHD,60,A
6063,BCH_CHD,60,A
6064,BCH_CHD,60,C
6065,BCH_CHD,60,C
6066,BCH_CHD,60,C
6067,BCH_CHD,60,C
6068,BCH_CHD,60,S
6069,BCH_CHD,60,S
6070,BCH_CHD,60,S
6071,BCH_CHD,60,S
6072,BCH_CHD,60,C
6073,BCH_CHD,60,C
6074,BCH_CHD,60,C
6075,BCH_CHD,60,C
6076,BCH_CHD,60,A
6077,BCH_CHD,60,A
6078,BCH_CHD,60,A
6079,BCH_CHD,60,A
6080,BCH_CHD,60,S
6081,BCH_CHD,60,S
6082,BCH_CHD,60,S
6083,BCH_CHD,60,S
6084,BCH_CHD,60,C
6085,BCH_CHD,60,C
6086,BCH_CHD,60,C
6087,BCH_CHD,60,C
6088,BCH_CHD,60,S
6089,BCH_CHD,60,S
6090,BCH_CHD,60,S
6091,BCH_CHD,60,S
6092,BCH_CHD,60,S
6093,BCH_CHD,60,S
6094,BCH_CHD,60,S
6095,BCH_CHD,60,S
6096,BCH_CHD,60,C
6097,BCH_CHD,60,C
6098,BCH_CHD,60,C
6099,BCH_CHD,60,C
6100,BCH_CHD,61,C
6101,BCH_CHD,61,C
6102,BCH_CHD,61,C
6103,BCH_CHD,61,C
6104,BCH_CHD,61,S
6105,BCH_CHD,61,S
6106,BCH_CHD,61,U
6107,BCH_CHD,61,S
6108,BCH_CHD,61,C
6109,BCH_CHD,61,C
6110,BCH_CHD,61,C
6111,BCH_CHD,61,U
6112,BCH_CHD,61,U
6113,BCH_CHD,61,S
6114,BCH_CHD,61,S
6115,BCH_CHD,61,S
6116,BCH_CHD,61,C
6117,BCH_CHD,61,C
6118,BCH_CHD,61,C
6119,BCH_CHD,61,C
6120,BCH_CHD,61,S
6121,BCH_CHD,61,S
6122,BCH_CHD,61,S
6123,BCH_CHD,61,S
6124,BCH_CHD,61,S
6125,BCH_CHD,61,S
6126,BCH_CHD,61,S
6127,BCH_CHD,61,S
6128,BCH_CHD,61,A
6129,BCH_CHD,61,A
6130,BCH_CHD,61,A
6131,BCH_CHD,61,A
6132,BCH_CHD,61,S
6133,BCH_CHD,61,S
6134,BCH_CHD,61,S
6135,BCH_CHD,61,S
6136,BCH_CHD,61,S
6137,BCH_CHD,61,S
6138,BCH_CHD,61,S
6139,BCH_CHD,61,S
6140,BCH_CHD,61,C
6141,BCH_CHD,61,C
6142,BCH_CHD,61,C
6143,BCH_CHD,61,C
6144,BCH_CHD,61,A
6145,BCH_CHD,61,A
6146,BCH_CHD,61,A
6147,BCH_CHD,61,A
6148,BCH_CHD,61,A
6149,BCH_CHD,61,A
6150,BCH_CHD,61,A
6151,BCH_CHD,61,A
6152,BCH_CHD,61,C
6153,BCH_CHD,61,C
6154,BCH_CHD,61,C
6155,BCH_CHD,61,C
6156,BCH_CHD,61,C
6157,BCH_CHD,61,C
6158,BCH_CHD,61,C
6159,BCH_CHD,61,C
6160,BCH_CHD,61,C
6161,BCH_CHD,61,C
6162,BCH_CHD,61,C
6163,BCH_CHD,61,C
6164,BCH_CHD,61,C
6165,BCH_CHD,61,C
6166,BCH_CHD,61,C
6167,BCH_CHD,61,C
6168,BCH_CHD,61,S
6169,BCH_CHD,61,S
6170,BCH_CHD,61,S
6171,BCH_CHD,61,S
6172,BCH_CHD,61,S
6173,BCH_CHD,61,S
6174,BCH_CHD,61,S
6175,BCH_CHD,61,S
6176,BCH_CHD,61,C
6177,BCH_CHD,61,C
6178,BCH_CHD,61,C
6179,BCH_CHD,61,C
6180,BCH_CHD,61,S
6181,BCH_CHD,61,S
6182,BCH_CHD,61,S
6183,BCH_CHD,61,S
6184,BCH_CHD,61,C
6185,BCH_CHD,61,C
6186,BCH_CHD,61,C
6187,BCH_CHD,61,C
6188,BCH_CHD,61,S
6189,BCH_CHD,61,S
6190,BCH_CHD,61,S
6191,BCH_CHD,61,S
6192,BCH_CHD,61,C
6193,BCH_CHD,61,C
6194,BCH_CHD,61,C
6195,BCH_CHD,61,C
6196,BCH_CHD,61,C
6197,BCH_CHD,61,C
6198,BCH_CHD,61,C
6199,BCH_CHD,61,C
6200,BCH_CHD,62,S
6201,BCH_CHD,62,S
6202,BCH_CHD,62,S
6203,BCH_CHD,62,S
6204,BCH_CHD,62,A
6205,BCH_CHD,62,A
6206,BCH_CHD,62,A
6207,BCH_CHD,62,A
6208,BCH_CHD,62,C
6209,BCH_CHD,62,C
6210,BCH_CHD,62,C
6211,BCH_CHD,62,C
6212,BCH_CHD,62,S
6213,BCH_CHD,62,S
6214,BCH_CHD,62,S
6215,BCH_CHD,62,S
6216,BCH_CHD,62,A
6217,BCH_CHD,62,A
6218,BCH_CHD,62,A
6219,BCH_CHD,62,A
6220,BCH_CHD,62,C
6221,BCH_CHD,62,C
6222,BCH_CHD,62,C
6223,BCH_CHD,62,C
6224,BCH_CHD,62,A
6225,BCH_CHD,62,A
6226,BCH_CHD,62,A
6227,BCH_CHD,62,A
6228,BCH_CHD,62,S
6229,BCH_CHD,62,S
6230,BCH_CHD,62,S
6231,BCH_CHD,62,S
6232,BCH_CHD,62,C
6233,BCH_CHD,62,C
6234,BCH_CHD,62,C
6235,BCH_CHD,62,C
6236,BCH_CHD,62,S
6237,BCH_CHD,62,S
6238,BCH_CHD,62,S
6239,BCH_CHD,62,S
6240,BCH_CHD,62,C
6241,BCH_CHD,62,C
6242,BCH_CHD,62,C
6243,BCH_CHD,62,C
6244,BCH_CHD,62,C
6245,BCH_CHD,62,C
6246,BCH_CHD,62,C
6247,BCH_CHD,62,C
6248,BCH_CHD,62,C
6249,BCH_CHD,62,C
6250,BCH_CHD,62,C
6251,BCH_CHD,62,C
6252,BCH_CHD,62,C
6253,BCH_CHD,62,C
6254,BCH_CHD,62,C
6255,BCH_CHD,62,C
6256,BCH_CHD,62,S
6257,BCH_CHD,62,S
6258,BCH_CHD,62,S
6259,BCH_CHD,62,S
6260,BCH_CHD,62,C
6261,BCH_CHD,62,C
6262,BCH_CHD,62,U
6263,BCH_CHD,62,C
6264,BCH_CHD,62,S
6265,BCH_CHD,62,S
6266,BCH_CHD,62,S
6267,BCH_CHD,62,S
6268,BCH_CHD,62,C
6269,BCH_CHD,62,C
6270,BCH_CHD,62,C
6271,BCH_CHD,62,C
6272,BCH_CHD,62,S
6273,BCH_CHD,62,S
6274,BCH_CHD,62,S
6275,BCH_CHD,62,S
6276,BCH_CHD,62,C
6277,BCH_CHD,62,C
6278,BCH_CHD,62,C
6279,BCH_CHD,62,C
6280,BCH_CHD,62,S
6281,BCH_CHD,62,S
6282,BCH_CHD,62,S
6283,BCH_CHD,62,U
6284,BCH_CHD,62,C
6285,BCH_CHD,62,C
6286,BCH_CHD,62,C
6287,BCH_CHD,62,C
6288,BCH_CHD,62,A
6289,BCH_CHD,62,A
6290,BCH_CHD,62,A
6291,BCH_CHD,62,A
6292,BCH_CHD,62,C
6293,BCH_CHD,62,C
6294,BCH_CHD,62,C
6295,BCH_CHD,62,C
6296,BCH_CHD,62,A
6297,BCH_CHD,62,A
6298,BCH_CHD,62,A
6299,BCH_CHD,62,A
6300,BCH_CHD,63,C
6301,BCH_CHD,63,C
6302,BCH_CHD,63,C
6303,BCH_CHD,63,C
6304,BCH_CHD,63,S
6305,BCH_CHD,63,S
6306,BCH_CHD,63,S
6307,BCH_CHD,63,S
6308,BCH_CHD,63,C
6309,BCH_CHD,63,C
6310,BCH_CHD,63,C
6311,BCH_CHD,63,C
6312,BCH_CHD,63,A
6313,BCH_CHD,63,A
6314,BCH_CHD,63,A
6315,BCH_CHD,63,A
6316,BCH_CHD,63,S
6317,BCH_CHD,63,S
6318,BCH_CHD,63,S
6319,BCH_CHD,63,S
6320,BCH_CHD,63,C
6321,BCH_CHD,63,C
6322,BCH_CHD,63,C
6323,BCH_CHD,63,C
6324,BCH_CHD,63,A
6325,BCH_CHD,63,A
6326,BCH_CHD,63,A
6327,BCH_CHD,63,A
6328,BCH_CHD,63,S
6329,BCH_CHD,63,S
6330,BCH_CHD,63,S
6331,BCH_CHD,63,S
6332,BCH_CHD,63,A
6333,BCH_CHD,63,A
6334,BCH_CHD,63,A
6335,BCH_CHD,63,A
6336,BCH_CHD,63,C
6337,BCH_CHD,63,C
6338,BCH_CHD,63,C
6339,BCH_CHD,63,C
6340,BCH_CHD,63,A
6341,BCH_CHD,63,A
6342,BCH_CHD,63,A
6343,BCH_CHD,63,A
6344,BCH_CHD,63,C
6345,BCH_CHD,63,C
6346,BCH_CHD,63,C
6347,BCH_CHD,63,C
6348,BCH_CHD,63,S
6349,BCH_CHD,63,S
6350,BCH_CHD,63,S
6351,BCH_CHD,63,S
6352,BCH_CHD,63,C
6353,BCH_CHD,63,C
6354,BCH_CHD,63,C
6355,BCH_CHD,63,C
6356,BCH_CHD,63,S
6357,BCH_CHD,63,S
6358,BCH_CHD,63,S
6359,BCH_CHD,63,S
6360,BCH_CHD,63,A
6361,BCH_CHD,63,A
6362,BCH_CHD,63,A
6363,BCH_CHD,63,A
6364,BCH_CHD,63,C
6365,BCH_CHD,63,C
6366,BCH_CHD,63,C
6367,BCH_CHD,63,C
6368,BCH_CHD,63,S
6369,BCH_CHD,63,S
6370,BCH_CHD,63,S
6371,BCH_CHD,63,S
6372,BCH_CHD,63,A
6373,BCH_CHD,63,A
6374,BCH_CHD,63,A
6375,BCH_CHD,63,A
6376,BCH_CHD,63,C
6377,BCH_CHD,63,C
6378,BCH_CHD,63,C
6379,BCH_CHD,63,C
6380,BCH_CHD,63,S
6381,BCH_CHD,63,S
6382,BCH_CHD,63,S
6383,BCH_CHD,63,S
6384,BCH_CHD,63,A
6385,BCH_CHD,63,A
6386,BCH_CHD,63,A
6387,BCH_CHD,63,A
6388,BCH_CHD,63,C
6389,BCH_CHD,63,C
6390,BCH_CHD,63,C
6391,BCH_CHD,63,C
6392,BCH_CHD,63,S
6393,BCH_CHD,63,S
6394,BCH_CHD,63,S
6395,BCH_CHD,63,S
6396,BCH_CHD,63,S
6397,BCH_CHD,63,S
6398,BCH_CHD,63,S
6399,BCH_CHD,63,S
6400,BCH_CHD,64,C
6401,BCH_CHD,64,C
6402,BCH_CHD,64,C
6403,BCH_CHD,64,C
6404,BCH_CHD,64,S
6405,BCH_CHD,64,S
6406,BCH_CHD,64,S
6407,BCH_CHD,64,S
6408,BCH_CHD,64,A
6409,BCH_CHD,64,A
6410,BCH_CHD,64,A
6411,BCH_CHD,64,A
6412,BCH_CHD,64,C
6413,BCH_CHD,64,C
6414,BCH_CHD,64,C
6415,BCH_CHD,64,C
6416,BCH_CHD,64,S
6417,BCH_CHD,64,S
6418,BCH_CHD,64,S
6419,BCH_CHD,64,S
6420,BCH_CHD,64,A
6421,BCH_CHD,64,A
6422,BCH_CHD,64,A
6423,BCH_CHD,64,A
6424,BCH_CHD,64,C
6425,BCH_CHD,64,C
6426,BCH_CHD,64,C
6427,BCH_CHD,64,C
6428,BCH_CHD,64,S
6429,BCH_CHD,64,S
6430,BCH_CHD,64,S
6431,BCH_CHD,64,S
6432,BCH_CHD,64,A
6433,BCH_CHD,64,A
6434,BCH_CHD,64,A
6435,BCH_CHD,64,A
6436,BCH_CHD,64,C
6437,BCH_CHD,64,C
6438,BCH_CHD,64,C
6439,BCH_CHD,64,C
6440,BCH_CHD,64,S
6441,BCH_CHD,64,S
6442,BCH_CHD,64,S
6443,BCH_CHD,64,S
6444,BCH_CHD,64,A
6445,BCH_CHD,64,A
6446,BCH_CHD,64,A
6447,BCH_CHD,64,A
6448,BCH_CHD,64,C
6449,BCH_CHD,64,C
6450,BCH_CHD,64,C
6451,BCH_CHD,64,C
6452,BCH_CHD,64,A
6453,BCH_CHD,64,A
6454,BCH_CHD,64,A
6455,BCH_CHD,64,A
6456,BCH_CHD,64,C
6457,BCH_CHD,64,C
6458,BCH_CHD,64,C
6459,BCH_CHD,64,C
6460,BCH_CHD,64,S
6461,BCH_CHD,64,S
6462,BCH_CHD,64,S
6463,BCH_CHD,64,S
6464,BCH_CHD,64,A
6465,BCH_CHD,64,A
6466,BCH_CHD,64,A
6467,BCH_CHD,64,A
6468,BCH_CHD,64,C
6469,BCH_CHD,64,C
6470,BCH_CHD,64,C
6471,BCH_CHD,64,A
6472,BCH_CHD,64,A
6473,BCH_CHD,64,A
6474,BCH_CHD,64,A
6475,BCH_CHD,64,A
6476,BCH_CHD,64,S
6477,BCH_CHD,64,S
6478,BCH_CHD,64,S
6479,BCH_CHD,64,S
6480,BCH_CHD,64,C
6481,BCH_CHD,64,C
6482,BCH_CHD,64,C
6483,BCH_CHD,64,C
6484,BCH_CHD,64,A
6485,BCH_CHD,64,A
6486,BCH_CHD,64,A
6487,BCH_CHD,64,A
6488,BCH_CHD,64,S
6489,BCH_CHD,64,S
6490,BCH_CHD,64,S
6491,BCH_CHD,64,S
6492,BCH_CHD,64,C
6493,BCH_CHD,64,C
6494,BCH_CHD,64,C
6495,BCH_CHD,64,C
6496,BCH_CHD,64,S
6497,BCH_CHD,64,S
6498,BCH_CHD,64,S
6499,BCH_CHD,64,S
6500,BCH_CHD,65,C
6501,BCH_CHD,65,C
6502,BCH_CHD,65,C
6503,BCH_CHD,65,C
6504,BCH_CHD,65,C
6505,BCH_CHD,65,C
6506,BCH_CHD,65,C
6507,BCH_CHD,65,C
6508,BCH_CHD,65,A
6509,BCH_CHD,65,A
6510,BCH_CHD,65,A
6511,BCH_CHD,65,A
6512,BCH_CHD,65,C
6513,BCH_CHD,65,C
6514,BCH_CHD,65,C
6515,BCH_CHD,65,C
6516,BCH_CHD,65,A
6517,BCH_CHD,65,A
6518,BCH_CHD,65,A
6519,BCH_CHD,65,A
6520,BCH_CHD,65,S
6521,BCH_CHD,65,S
6522,BCH_CHD,65,S
6523,BCH_CHD,65,S
6524,BCH_CHD,65,C
6525,BCH_CHD,65,C
6526,BCH_CHD,65,C
6527,BCH_CHD,65,C
6528,BCH_CHD,65,A
6529,BCH_CHD,65,A
6530,BCH_CHD,65,A
6531,BCH_CHD,65,A
6532,BCH_CHD,65,S
6533,BCH_CHD,65,S
6534,BCH_CHD,65,S
6535,BCH_CHD,65,S
6536,BCH_CHD,65,S
6537,BCH_CHD,65,S
6538,BCH_CHD,65,S
6539,BCH_CHD,65,S
6540,BCH_CHD,65,C
6541,BCH_CHD,65,C
6542,BCH_CHD,65,C
6543,BCH_CHD,65,C
6544,BCH_CHD,65,C
6545,BCH_CHD,65,C
6546,BCH_CHD,65,C
6547,BCH_CHD,65,C
6548,BCH_CHD,65,A
6549,BCH_CHD,65,A
6550,BCH_CHD,65,A
6551,BCH_CHD,65,A
6552,BCH_CHD,65,S
6553,BCH_CHD,65,S
6554,BCH_CHD,65,S
6555,BCH_CHD,65,S
6556,BCH_CHD,65,A
6557,BCH_CHD,65,A
6558,BCH_CHD,65,A
6559,BCH_CHD,65,A
6560,BCH_CHD,65,C
6561,BCH_CHD,65,C
6562,BCH_CHD,65,C
6563,BCH_CHD,65,C
6564,BCH_CHD,65,A
6565,BCH_CHD,65,A
6566,BCH_CHD,65,A
6567,BCH_CHD,65,A
6568,BCH_CHD,65,S
6569,BCH_CHD,65,S
6570,BCH_CHD,65,S
6571,BCH_CHD,65,S
6572,BCH_CHD,65,C
6573,BCH_CHD,65,C
6574,BCH_CHD,65,C
6575,BCH_CHD,65,C
6576,BCH_CHD,65,C
6577,BCH_CHD,65,C
6578,BCH_CHD,65,C
6579,BCH_CHD,65,C
6580,BCH_CHD,65,S
6581,BCH_CHD,65,S
6582,BCH_CHD,65,S
6583,BCH_CHD,65,S
6584,BCH_CHD,65,S
6585,BCH_CHD,65,S
6586,BCH_CHD,65,S
6587,BCH_CHD,65,S
6588,BCH_CHD,65,A
6589,BCH_CHD,65,A
6590,BCH_CHD,65,A
6591,BCH_CHD,65,A
6592,BCH_CHD,65,S
6593,BCH_CHD,65,S
6594,BCH_CHD,65,S
6595,BCH_CHD,65,S
6596,BCH_CHD,65,C
6597,BCH_CHD,65,C
6598,BCH_CHD,65,C
6599,BCH_CHD,65,C
6600,BCH_CHD,66,A
6601,BCH_CHD,66,A
6602,BCH_CHD,66,A
6603,BCH_CHD,66,A
6604,BCH_CHD,66,A
6605,BCH_CHD,66,A
6606,BCH_CHD,66,A
6607,BCH_CHD,66,A
6608,BCH_CHD,66,S
6609,BCH_CHD,66,S
6610,BCH_CHD,66,S
6611,BCH_CHD,66,S
6612,BCH_CHD,66,S
6613,BCH_CHD,66,S
6614,BCH_CHD,66,S
6615,BCH_CHD,66,S
6616,BCH_CHD,66,S
6617,BCH_CHD,66,S
6618,BCH_CHD,66,S
6619,BCH_CHD,66,S
6620,BCH_CHD,66,S
6621,BCH_CHD,66,S
6622,BCH_CHD,66,S
6623,BCH_CHD,66,S
6624,BCH_CHD,66,C
6625,BCH_CHD,66,C
6626,BCH_CHD,66,C
6627,BCH_CHD,66,C
6628,BCH_CHD,66,C
6629,BCH_CHD,66,C
6630,BCH_CHD,66,C
6631,BCH_CHD,66,C
6632,BCH_CHD,66,C
6633,BCH_CHD,66,C
6634,BCH_CHD,66,C
6635,BCH_CHD,66,C
6636,BCH_Placenta,66,A
6637,BCH_Placenta,66,A
6638,BCH_Placenta,66,A
6639,BCH_Placenta,66,A
6640,BCH_Placenta,66,A
6641,BCH_Placenta,66,A
6642,BCH_Placenta,66,A
6643,BCH_Placenta,66,A
6644,BCH_Placenta,66,C
6645,BCH_Placenta,66,C
6646,BCH_Placenta,66,C
6647,BCH_Placenta,66,C
6648,BCH_Placenta,66,C
6649,BCH_Placenta,66,C
6650,BCH_Placenta,66,C
6651,BCH_Placenta,66,C
6652,BCH_Placenta,66S
6653,BCH_Placenta,66,S
6654,BCH_Placenta,66,S
6655,BCH_Placenta,66,S
6656,BCH_Placenta,66,S
6657,BCH_Placenta,66,S
6658,BCH_Placenta,66,S
6659,BCH_Placenta,66,S
6660,BCH_Placenta,66,A
6661,BCH_Placenta,66,A
6662,BCH_Placenta,66,A
6663,BCH_Placenta,66,A
6664,BCH_Placenta,66,S
6665,BCH_Placenta,66,S
6666,BCH_Placenta,66,S
6667,BCH_Placenta,66,S
6668,BCH_Placenta,66,S
6669,BCH_Placenta,66,S
6670,BCH_Placenta,66,S
6671,BCH_Placenta,66,S
6672,BCH_Placenta,66,S
6673,BCH_Placenta,66,S
6674,BCH_Placenta,66,S
6675,BCH_Placenta,66,S
6676,BCH_Placenta,66,A
6677,BCH_Placenta,66,A
6678,BCH_Placenta,66,A
6679,BCH_Placenta,66,A
6680,BCH_Placenta,66,S
6681,BCH_Placenta,66,S
6682,BCH_Placenta,66,S
6683,BCH_Placenta,66,S
6684,BCH_Placenta,66,C
6685,BCH_Placenta,66,C
6686,BCH_Placenta,66,C
6687,BCH_Placenta,66,C
6688,BCH_Placenta,66,A
6689,BCH_Placenta,66,A
6690,BCH_Placenta,66,A
6691,BCH_Placenta,66,A
6692,BCH_Placenta,66,C
6693,BCH_Placenta,66,C
6694,BCH_Placenta,66,C
6695,BCH_Placenta,66,C
6696,BCH_Placenta,66,A
6697,BCH_Placenta,66,A
6698,BCH_Placenta,66,A
6699,BCH_Placenta,66,A
6700,BCH_Placenta,67,S
6701,BCH_Placenta,67,S
6702,BCH_Placenta,67,S
6703,BCH_Placenta,67,S
6704,BCH_Placenta,67,C
6705,BCH_Placenta,67,C
6706,BCH_Placenta,67,C
6707,BCH_Placenta,67,C
6708,BCH_Placenta,67,S
6709,BCH_Placenta,67,S
6710,BCH_Placenta,67,S
6711,BCH_Placenta,67,U
6712,BCH_Placenta,67,C
6713,BCH_Placenta,67,C
6714,BCH_Placenta,67,C
6715,BCH_Placenta,67,C
6716,BCH_Placenta,67,A
6717,BCH_Placenta,67,A
6718,BCH_Placenta,67,A
6719,BCH_Placenta,67,A
6720,BCH_Placenta,67,S
6721,BCH_Placenta,67,S
6722,BCH_Placenta,67,S
6723,BCH_Placenta,67,S
6724,BCH_Placenta,67,C
6725,BCH_Placenta,67,C
6726,BCH_Placenta,67,C
6727,BCH_Placenta,67,C
6728,BCH_Placenta,67,A
6729,BCH_Placenta,67,A
6730,BCH_Placenta,67,A
6731,BCH_Placenta,67,A
6732,BCH_Placenta,67,S
6733,BCH_Placenta,67,S
6734,BCH_Placenta,67,S
6735,BCH_Placenta,67,S
6736,BCH_Placenta,67,C
6737,BCH_Placenta,67,C
6738,BCH_Placenta,67,C
6739,BCH_Placenta,67,C
6740,BCH_Placenta,67,A
6741,BCH_Placenta,67,A
6742,BCH_Placenta,67,A
6743,BCH_Placenta,67,A
6744,BCH_Placenta,67,S
6745,BCH_Placenta,67,S
6746,BCH_Placenta,67,S
6747,BCH_Placenta,67,S
6748,BCH_Placenta,67,C
6749,BCH_Placenta,67,C
6750,BCH_Placenta,67,C
6751,BCH_Placenta,67,C
6752,BCH_Placenta,67,A
6753,BCH_Placenta,67,A
6754,BCH_Placenta,67,A
6755,BCH_Placenta,67,A
6756,BCH_Placenta,67,C
6757,BCH_Placenta,67,C
6758,BCH_Placenta,67,C
6759,BCH_Placenta,67,C
6760,BCH_Placenta,67,A
6761,BCH_Placenta,67,A
6762,BCH_Placenta,67,A
6763,BCH_Placenta,67,A
6764,BCH_Placenta,67,C
6765,BCH_Placenta,67,C
6766,BCH_Placenta,67,C
6767,BCH_Placenta,67,C
6768,BCH_Placenta,67,S
6769,BCH_Placenta,67,S
6770,BCH_Placenta,67,S
6771,BCH_Placenta,67,S
6772,BCH_Placenta,67,A
6773,BCH_Placenta,67,A
6774,BCH_Placenta,67,A
6775,BCH_Placenta,67,A
6776,BCH_Placenta,67,S
6777,BCH_Placenta,67,S
6778,BCH_Placenta,67,S
6779,BCH_Placenta,67,S
6780,BCH_Placenta,67,S
6781,BCH_Placenta,67,S
6782,BCH_Placenta,67,S
6783,BCH_Placenta,67,S
6784,BCH_Placenta,67,C
6785,BCH_Placenta,67,C
6786,BCH_Placenta,67,C
6787,BCH_Placenta,67,C
6788,BCH_Placenta,67,C
6789,BCH_Placenta,67,C
6790,BCH_Placenta,67,C
6791,BCH_Placenta,67,C
6792,BCH_Placenta,67,A
6793,BCH_Placenta,67,A
6794,BCH_Placenta,67,A
6795,BCH_Placenta,67,A
6796,BCH_Placenta,67,A
6797,BCH_Placenta,67,A
6798,BCH_Placenta,67,A
6799,BCH_Placenta,67,A
6800,BCH_Placenta,68,C
6801,BCH_Placenta,68,C
6802,BCH_Placenta,68,C
6803,BCH_Placenta,68,C
6804,BCH_Placenta,68,A
6805,BCH_Placenta,68,A
6806,BCH_Placenta,68,A
6807,BCH_Placenta,68,A
6808,BCH_Placenta,68,S
6809,BCH_Placenta,68,S
6810,BCH_Placenta,68,S
6811,BCH_Placenta,68,S
6812,BCH_Placenta,68,A
6813,BCH_Placenta,68,A
6814,BCH_Placenta,68,A
6815,BCH_Placenta,68,A
6816,BCH_Placenta,68,S
6817,BCH_Placenta,68,S
6818,BCH_Placenta,68,S
6819,BCH_Placenta,68,C
6820,BCH_Placenta,68,C
6821,BCH_Placenta,68,C
6822,BCH_Placenta,68,C
6823,BCH_Placenta,68,A
6824,BCH_Placenta,68,A
6825,BCH_Placenta,68,A
6826,BCH_Placenta,68,A
6827,BCH_Placenta,68,S
6828,BCH_Placenta,68,S
6829,BCH_Placenta,68,S
6830,BCH_Placenta,68,S
6831,BCH_Placenta,68,C
6832,BCH_Placenta,68,C
6833,BCH_Placenta,68,C
6834,BCH_Placenta,68,C
6835,BCH_Placenta,68,C
6836,BCH_Placenta,68,S
6837,BCH_Placenta,68,S
6838,BCH_Placenta,68,S
6839,BCH_Placenta,68,S
6840,BCH_Placenta,68,C
6841,BCH_Placenta,68,C
6842,BCH_Placenta,68,C
6843,BCH_Placenta,68,C
6844,BCH_Placenta,68,A
6845,BCH_Placenta,68,A
6846,BCH_Placenta,68,A
6847,BCH_Placenta,68,A
6848,BCH_Placenta,68,S
6849,BCH_Placenta,68,S
6850,BCH_Placenta,68,S
6851,BCH_Placenta,68,S
6852,BCH_Placenta,68,C
6853,BCH_Placenta,68,C
6854,BCH_Placenta,68,C
6855,BCH_Placenta,68,C
6856,BCH_Placenta,68,A
6857,BCH_Placenta,68,A
6858,BCH_Placenta,68,A
6859,BCH_Placenta,68,A
6860,BCH_Placenta,68,C
6861,BCH_Placenta,68,C
6862,BCH_Placenta,68,C
6863,BCH_Placenta,68,C
6864,BCH_Placenta,68,A
6865,BCH_Placenta,68,A
6866,BCH_Placenta,68,A
6867,BCH_Placenta,68,A
6868,BCH_Placenta,68,A
6869,BCH_Placenta,68,A
6870,BCH_Placenta,68,A
6871,BCH_Placenta,68,A
6872,BCH_Placenta,68,C
6873,BCH_Placenta,68,C
6874,BCH_Placenta,68,C
6875,BCH_Placenta,68,C
6876,BCH_Placenta,68,C
6877,BCH_Placenta,68,C
6878,BCH_Placenta,68,C
6879,BCH_Placenta,68,C
6880,BCH_Placenta,68,C
6881,BCH_Placenta,68,C
6882,BCH_Placenta,68,C
6883,BCH_Placenta,68,C
6884,BCH_Placenta,68,C
6885,BCH_Placenta,68,C
6886,BCH_Placenta,68,C
6887,BCH_Placenta,68,C
6888,BCH_Placenta,68,C
6889,BCH_Placenta,68,C
6890,BCH_Placenta,68,C
6891,BCH_Placenta,68,C
6892,BCH_Placenta,68,C
6893,BCH_Placenta,68,C
6894,BCH_Placenta,68,C
6895,BCH_Placenta,68,C
6896,BCH_Placenta,68,C
6897,BCH_Placenta,68,C
6898,BCH_Placenta,68,C
6899,BCH_Placenta,68,C
6900,BCH_Placenta,69,C
6901,BCH_Placenta,69,C
6902,BCH_Placenta,69,C
6903,BCH_Placenta,69,C
6904,BCH_Placenta,69,C
6905,BCH_Placenta,69,C
6906,BCH_Placenta,69,C
6907,BCH_Placenta,69,C
6908,BCH_Placenta,69,C
6909,BCH_Placenta,69,C
6910,BCH_Placenta,69,C
6911,BCH_Placenta,69,C
6912,BCH_Placenta,69,C
6913,BCH_Placenta,69,C
6914,BCH_Placenta,69,C
6915,BCH_Placenta,69,C
6916,BCH_Placenta,69,C
6917,BCH_Placenta,69,C
6918,BCH_Placenta,69,C
6919,BCH_Placenta,69,C
6920,BCH_Placenta,69,C
6921,BCH_Placenta,69,C
6922,BCH_Placenta,69,C
6923,BCH_Placenta,69,C
6924,BCH_Placenta,69,C
6925,BCH_Placenta,69,C
6926,BCH_Placenta,69,C
6927,BCH_Placenta,69,C
6928,BCH_Placenta,69,C
6929,BCH_Placenta,69,C
6930,BCH_Placenta,69,C
6931,BCH_Placenta,69,C
6932,BCH_Placenta,69,C
6933,BCH_Placenta,69,C
6934,BCH_Placenta,69,C
6935,BCH_Placenta,69,C
6936,BCH_Placenta,69,C
6937,BCH_Placenta,69,C
6938,BCH_Placenta,69,C
6939,BCH_Placenta,69,C
6940,BCH_Placenta,69,C
6941,BCH_Placenta,69,C
6942,BCH_Placenta,69,C
6943,BCH_Placenta,69,C
6944,BCH_Placenta,69,C
6945,BCH_Placenta,69,C
6946,BCH_Placenta,69,C
6947,BCH_Placenta,69,C
6948,BCH_Placenta,69,C
6949,BCH_Placenta,69,C
6950,BCH_Placenta,69,C
6951,BCH_Placenta,69,C
6952,BCH_Placenta,69,C
6953,BCH_Placenta,69,C
6954,BCH_Placenta,69,C
6955,BCH_Placenta,69,C
6956,BCH_Placenta,69,C
6957,BCH_Placenta,69,C
6958,BCH_Placenta,69,C
6959,BCH_Placenta,69,C
6960,BCH_Placenta,69,C
6961,BCH_Placenta,69,C
6962,BCH_Placenta,69,C
6963,BCH_Placenta,69,C
6964,BCH_Placenta,69,C
6965,BCH_Placenta,69,C
6966,BCH_Placenta,69,C
6967,BCH_Placenta,69,C
6968,BCH_Placenta,69,S
6969,BCH_Placenta,69,S
6970,BCH_Placenta,69,S
6971,BCH_Placenta,69,S
6972,BCH_Placenta,69,S
6973,BCH_Placenta,69,S
6974,BCH_Placenta,69,S
6975,BCH_Placenta,69,S
6976,BCH_Placenta,69,C
6977,BCH_Placenta,69,C
6978,BCH_Placenta,69,C
6979,BCH_Placenta,69,C
6980,BCH_Placenta,69,C
6981,BCH_Placenta,69,C
6982,BCH_Placenta,69,C
6983,BCH_Placenta,69,C
6984,BCH_Placenta,69,S
6985,BCH_Placenta,69,S
6986,BCH_Placenta,69,S
6987,BCH_Placenta,69,S
6988,BCH_Placenta,69,S
6989,BCH_Placenta,69,S
6990,BCH_Placenta,69,S
6991,BCH_Placenta,69,S
6992,BCH_Placenta,69,A
6993,BCH_Placenta,69,A
6994,BCH_Placenta,69,A
6995,BCH_Placenta,69,A
6996,BCH_Placenta,69,A
6997,BCH_Placenta,69,A
6998,BCH_Placenta,69,A
6999,BCH_Placenta,69,A
7000,BCH_Placenta,70,C
7001,BCH_Placenta,70,C
7002,BCH_Placenta,70,C
7003,BCH_Placenta,70,C
7004,BCH_Placenta,70,C
7005,BCH_Placenta,70,C
7006,BCH_Placenta,70,C
7007,BCH_Placenta,70,C
7008,BCH_Placenta,70,S
7009,BCH_Placenta,70,S
7010,BCH_Placenta,70,S
7011,BCH_Placenta,70,S
7012,BCH_Placenta,70,S
7013,BCH_Placenta,70,S
7014,BCH_Placenta,70,S
7015,BCH_Placenta,70,S
7016,BCH_Placenta,70,S
7017,BCH_Placenta,70,S
7018,BCH_Placenta,70,S
7019,BCH_Placenta,70,S
7020,BCH_Placenta,70,S
7021,BCH_Placenta,70,S
7022,BCH_Placenta,70,S
7023,BCH_Placenta,70,S
7024,BCH_Placenta,70,S
7025,BCH_Placenta,70,S
7026,BCH_Placenta,70,S
7027,BCH_Placenta,70,S
7028,BCH_Placenta,70,S
7029,BCH_Placenta,70,S
7030,BCH_Placenta,70,S
7031,BCH_Placenta,70,S
7032,BCH_Placenta,70,S
7033,BCH_Placenta,70,S
7034,BCH_Placenta,70,S
7035,BCH_Placenta,70,S
7036,BCH_Placenta,70,S
7037,BCH_Placenta,70,S
7038,BCH_Placenta,70,S
7039,BCH_Placenta,70,S
7040,BCH_Placenta,70,S
7041,BCH_Placenta,70,S
7042,BCH_Placenta,70,S
7043,BCH_Placenta,70,S
7044,BCH_Placenta,70,S
7045,BCH_Placenta,70,S
7046,BCH_Placenta,70,S
7047,BCH_Placenta,70,S
7048,BCH_Placenta,70,S
7049,BCH_Placenta,70,S
7050,BCH_Placenta,70,S
7051,BCH_Placenta,70,S
7052,BCH_Placenta,70,S
7053,BCH_Placenta,70,S
7054,BCH_Placenta,70,S
7055,BCH_Placenta,70,S
7056,BCH_Placenta,70,S
7057,BCH_Placenta,70,S
7058,BCH_Placenta,70,S
7059,BCH_Placenta,70,S
7060,BCH_Placenta,70,S
7061,BCH_Placenta,70,S
7062,BCH_Placenta,70,S
7063,BCH_Placenta,70,S
7064,BCH_Placenta,70,C
7065,BCH_Placenta,70,C
7066,BCH_Placenta,70,C
7067,BCH_Placenta,70,C
7068,BCH_Placenta,70,C
7069,BCH_Placenta,70,C
7070,BCH_Placenta,70,C
7071,BCH_Placenta,70,C
7072,BCH_Placenta,70,S
7073,BCH_Placenta,70,S
7074,BCH_Placenta,70,S
7075,BCH_Placenta,70,S
7076,BCH_Placenta,70,A
7077,BCH_Placenta,70,A
7078,BCH_Placenta,70,A
7079,BCH_Placenta,70,A
7080,BCH_Placenta,70,C
7081,BCH_Placenta,70,C
7082,BCH_Placenta,70,C
7083,BCH_Placenta,70,C
7084,BCH_Placenta,70,S
7085,BCH_Placenta,70,S
7086,BCH_Placenta,70,S
7087,BCH_Placenta,70,S
7088,BCH_Placenta,70,C
7089,BCH_Placenta,70,C
7090,BCH_Placenta,70,C
7091,BCH_Placenta,70,C
7092,BCH_Placenta,70,A
7093,BCH_Placenta,70,A
7094,BCH_Placenta,70,A
7095,BCH_Placenta,70,A
7096,BCH_Placenta,70,C
7097,BCH_Placenta,70,C
7098,BCH_Placenta,70,C
7099,BCH_Placenta,70,C
7100,BCH_Placenta,71,S
7101,BCH_Placenta,71,S
7102,BCH_Placenta,71,S
7103,BCH_Placenta,71,S
7104,BCH_Placenta,71,S
7105,BCH_Placenta,71,S
7106,BCH_Placenta,71,S
7107,BCH_Placenta,71,S
7108,BCH_Placenta,71,C
7109,BCH_Placenta,71,C
7110,BCH_Placenta,71,C
7111,BCH_Placenta,71,C
7112,BCH_Placenta,71,A
7113,BCH_Placenta,71,A
7114,BCH_Placenta,71,A
7115,BCH_Placenta,71,A
7116,BCH_Placenta,71,S
7117,BCH_Placenta,71,S
7118,BCH_Placenta,71,S
7119,BCH_Placenta,71,S
7120,BCH_Placenta,71,C
7121,BCH_Placenta,71,C
7122,BCH_Placenta,71,C
7123,BCH_Placenta,71,C
7124,BCH_Placenta,71,A
7125,BCH_Placenta,71,A
7126,BCH_Placenta,71,A
7127,BCH_Placenta,71,A
7128,BCH_Placenta,71,S
7129,BCH_Placenta,71,S
7130,BCH_Placenta,71,S
7131,BCH_Placenta,71,S
7132,BCH_Placenta,71,C
7133,BCH_Placenta,71,C
7134,BCH_Placenta,71,C
7135,BCH_Placenta,71,C
7136,BCH_Placenta,71,A
7137,BCH_Placenta,71,A
7138,BCH_Placenta,71,A
7139,BCH_Placenta,71,A
7140,BCH_Placenta,71,S
7141,BCH_Placenta,71,S
7142,BCH_Placenta,71,S
7143,BCH_Placenta,71,S
7144,BCH_Placenta,71,S
7145,BCH_Placenta,71,C
7146,BCH_Placenta,71,C
7147,BCH_Placenta,71,C
7148,BCH_Placenta,71,C
7149,BCH_Placenta,71,A
7150,BCH_Placenta,71,A
7151,BCH_Placenta,71,A
7152,BCH_Placenta,71,A
7153,BCH_Placenta,71,S
7154,BCH_Placenta,71,S
7155,BCH_Placenta,71,S
7156,BCH_Placenta,71,S
7157,BCH_Placenta,71,C
7158,BCH_Placenta,71,C
7159,BCH_Placenta,71,C
7160,BCH_Placenta,71,C
7161,BCH_Placenta,71,U
7162,BCH_Placenta,71,U
7163,BCH_Placenta,71,U
7164,BCH_Placenta,71,U
7165,BCH_Placenta,71,C
7166,BCH_Placenta,71,C
7167,BCH_Placenta,71,C
7168,BCH_Placenta,71,C
7169,BCH_Placenta,71,C
7170,BCH_Placenta,71,C
7171,BCH_Placenta,71,C
7172,BCH_Placenta,71,C
7173,BCH_Placenta,71,C
7174,BCH_Placenta,71,C
7175,BCH_Placenta,71,C
7176,BCH_Placenta,71,S
7177,BCH_Placenta,71,S
7178,BCH_Placenta,71,S
7179,BCH_Placenta,71,S
7180,BCH_Placenta,71,A
7181,BCH_Placenta,71,A
7182,BCH_Placenta,71,A
7183,BCH_Placenta,71,A
7184,BCH_Placenta,71,C
7185,BCH_Placenta,71,C
7186,BCH_Placenta,71,C
7187,BCH_Placenta,71,C
7188,BCH_Placenta,71,S
7189,BCH_Placenta,71,S
7190,BCH_Placenta,71,S
7191,BCH_Placenta,71,S
7192,BCH_Placenta,71,S
7193,BCH_Placenta,71,S
7194,BCH_Placenta,71,S
7195,BCH_Placenta,71,S
7196,BCH_Placenta,71,S
7197,BCH_Placenta,71,S
7198,BCH_Placenta,71,S
7199,BCH_Placenta,71,S
7200,BCH_Placenta,72,A
7201,BCH_Placenta,72,A
7202,BCH_Placenta,72,A
7203,BCH_Placenta,72,A
7204,BCH_Placenta,72,C
7205,BCH_Placenta,72,C
7206,BCH_Placenta,72,C
7207,BCH_Placenta,72,C
7208,BCH_Placenta,72,S
7209,BCH_Placenta,72,S
7210,BCH_Placenta,72,S
7211,BCH_Placenta,72,S
7212,BCH_Placenta,72,A
7213,BCH_Placenta,72,A
7214,BCH_Placenta,72,A
7215,BCH_Placenta,72,A
7216,BCH_Placenta,72,C
7217,BCH_Placenta,72,C
7218,BCH_Placenta,72,C
7219,BCH_Placenta,72,C
7220,BCH_Placenta,72,S
7221,BCH_Placenta,72,S
7222,BCH_Placenta,72,S
7223,BCH_Placenta,72,S
7224,BCH_Placenta,72,C
7225,BCH_Placenta,72,C
7226,BCH_Placenta,72,C
7227,BCH_Placenta,72,C
7228,BCH_Placenta,72,S
7229,BCH_Placenta,72,S
7230,BCH_Placenta,72,S
7231,BCH_Placenta,72,S
7232,BCH_Placenta,72,A
7233,BCH_Placenta,72,A
7234,BCH_Placenta,72,A
7235,BCH_Placenta,72,A
7236,BCH_Placenta,72,S
7237,BCH_Placenta,72,S
7238,BCH_Placenta,72,S
7239,BCH_Placenta,72,S
7240,BCH_Placenta,72,C
7241,BCH_Placenta,72,C
7242,BCH_Placenta,72,C
7243,BCH_Placenta,72,C
7244,BCH_Placenta,72,C
7245,BCH_Placenta,72,C
7246,BCH_Placenta,72,C
7247,BCH_Placenta,72,C
7248,BCH_Placenta,72,C
7249,BCH_Placenta,72,C
7250,BCH_Placenta,72,C
7251,BCH_Placenta,72,C
7252,BCH_Placenta,72,A
7253,BCH_Placenta,72,A
7254,BCH_Placenta,72,A
7255,BCH_Placenta,72,A
7256,BCH_Placenta,72,S
7257,BCH_Placenta,72,S
7258,BCH_Placenta,72,S
7259,BCH_Placenta,72,S
7260,BCH_Placenta,72,S
7261,BCH_Placenta,72,S
7262,BCH_Placenta,72,S
7263,BCH_Placenta,72,S
7264,BCH_Placenta,72,A
7265,BCH_Placenta,72,A
7266,BCH_Placenta,72,A
7267,BCH_Placenta,72,A
7268,BCH_Placenta,72,C
7269,BCH_Placenta,72,C
7270,BCH_Placenta,72,C
7271,BCH_Placenta,72,C
7272,BCH_Placenta,72,A
7273,BCH_Placenta,72,A
7274,BCH_Placenta,72,A
7275,BCH_Placenta,72,A
7276,BCH_Placenta,72,S
7277,BCH_Placenta,72,S
7278,BCH_Placenta,72,S
7279,BCH_Placenta,72,S
7280,BCH_Placenta,72,C
7281,BCH_Placenta,72,C
7282,BCH_Placenta,72,C
7283,BCH_Placenta,72,C
7284,BCH_Placenta,72,S
7285,BCH_Placenta,72,S
7286,BCH_Placenta,72,S
7287,BCH_Placenta,72,S
7288,BCH_Placenta,72,U
7289,BCH_Placenta,72,S
7290,BCH_Placenta,72,U
7291,BCH_Placenta,72,S
7292,BCH_Placenta,72,C
7293,BCH_Placenta,72,C
7294,BCH_Placenta,72,C
7295,BCH_Placenta,72,C
7296,BCH_Placenta,72,S
7297,BCH_Placenta,72,S
7298,BCH_Placenta,72,S
7299,BCH_Placenta,72,S
7300,BCH_Placenta,73,A
7301,BCH_Placenta,73,U
7302,BCH_Placenta,73,U
7303,BCH_Placenta,73,A
7304,BCH_Placenta,73,S
7305,BCH_Placenta,73,S
7306,BCH_Placenta,73,S
7307,BCH_Placenta,73,S
7308,BCH_Placenta,73,C
7309,BCH_Placenta,73,C
7310,BCH_Placenta,73,C
7311,BCH_Placenta,73,C
7312,BCH_Placenta,73,A
7313,BCH_Placenta,73,A
7314,BCH_Placenta,73,A
7315,BCH_Placenta,73,A
7316,BCH_Placenta,73,S
7317,BCH_Placenta,73,S
7318,BCH_Placenta,73,S
7319,BCH_Placenta,73,S
7320,BCH_Placenta,73,S
7321,BCH_Placenta,73,S
7322,BCH_Placenta,73,S
7323,BCH_Placenta,73,S
7324,BCH_Placenta,73,C
7325,BCH_Placenta,73,C
7326,BCH_Placenta,73,C
7327,BCH_Placenta,73,C
7328,BCH_Placenta,73,S
7329,BCH_Placenta,73,S
7330,BCH_Placenta,73,S
7331,BCH_Placenta,73,S
7332,BCH_Placenta,73,C
7333,BCH_Placenta,73,C
7334,BCH_Placenta,73,C
7335,BCH_Placenta,73,C
7336,BCH_Placenta,73,S
7337,BCH_Placenta,73,S
7338,BCH_Placenta,73,S
7339,BCH_Placenta,73,S
7340,BCH_Placenta,73,S
7341,BCH_Placenta,73,S
7342,BCH_Placenta,73,S
7343,BCH_Placenta,73,S
7344,BCH_Placenta,73,S
7345,BCH_Placenta,73,S
7346,BCH_Placenta,73,S
7347,BCH_Placenta,73,S
7348,BCH_Placenta,73,C
7349,BCH_Placenta,73,C
7350,BCH_Placenta,73,C
7351,BCH_Placenta,73,C
7352,BCH_Placenta,73,C
7353,BCH_Placenta,73,C
7354,BCH_Placenta,73,C
7355,BCH_Placenta,73,C
7356,BCH_Placenta,73,A
7357,BCH_Placenta,73,A
7358,BCH_Placenta,73,A
7359,BCH_Placenta,73,A
7360,BCH_Placenta,73,S
7361,BCH_Placenta,73,S
7362,BCH_Placenta,73,S
7363,BCH_Placenta,73,S
7364,BCH_Placenta,73,S
7365,BCH_Placenta,73,S
7366,BCH_Placenta,73,S
7367,BCH_Placenta,73,S
7368,BCH_Placenta,73,C
7369,BCH_Placenta,73,C
7370,BCH_Placenta,73,C
7371,BCH_Placenta,73,C
7372,BCH_Placenta,73,A
7373,BCH_Placenta,73,A
7374,BCH_Placenta,73,A
7375,BCH_Placenta,73,A
7376,BCH_Placenta,73,S
7377,BCH_Placenta,73,S
7378,BCH_Placenta,73,S
7379,BCH_Placenta,73,S
7380,BCH_Placenta,73,S
7381,BCH_Placenta,73,S
7382,BCH_Placenta,73,S
7383,BCH_Placenta,73,S
7384,BCH_Placenta,73,S
7385,BCH_Placenta,73,S
7386,BCH_Placenta,73,S
7387,BCH_Placenta,73,S
7388,BCH_Placenta,73,S
7389,BCH_Placenta,73,S
7390,BCH_Placenta,73,S
7391,BCH_Placenta,73,S
7392,BCH_Placenta,73,C
7393,BCH_Placenta,73,C
7394,BCH_Placenta,73,C
7395,BCH_Placenta,73,C
7396,BCH_Placenta,73,S
7397,BCH_Placenta,73,S
7398,BCH_Placenta,73,S
7399,BCH_Placenta,73,S
7400,BCH_Placenta,74,A
7401,BCH_Placenta,74,A
7402,BCH_Placenta,74,A
7403,BCH_Placenta,74,A
7404,BCH_Placenta,74,S
7405,BCH_Placenta,74,S
7406,BCH_Placenta,74,S
7407,BCH_Placenta,74,S
7408,BCH_Placenta,74,A
7409,BCH_Placenta,74,A
7410,BCH_Placenta,74,A
7411,BCH_Placenta,74,A
7412,BCH_Placenta,74,C
7413,BCH_Placenta,74,C
7414,BCH_Placenta,74,C
7415,BCH_Placenta,74,C
7416,BCH_Placenta,74,C
7417,BCH_Placenta,74,C
7418,BCH_Placenta,74,C
7419,BCH_Placenta,74,C
7420,BCH_Placenta,74,A
7421,BCH_Placenta,74,A
7422,BCH_Placenta,74,A
7423,BCH_Placenta,74,A
7424,BCH_Placenta,74,C
7425,BCH_Placenta,74,C
7426,BCH_Placenta,74,C
7427,BCH_Placenta,74,C
7428,BCH_Placenta,74,S
7429,BCH_Placenta,74,S
7430,BCH_Placenta,74,S
7431,BCH_Placenta,74,S
7432,BCH_Placenta,74,S
7433,BCH_Placenta,74,S
7434,BCH_Placenta,74,S
7435,BCH_Placenta,74,S
7436,BCH_Placenta,74,A
7437,BCH_Placenta,74,A
7438,BCH_Placenta,74,A
7439,BCH_Placenta,74,A
7440,BCH_Placenta,74,S
7441,BCH_Placenta,74,S
7442,BCH_Placenta,74,S
7443,BCH_Placenta,74,S
7444,BCH_Placenta,74,S
7445,BCH_Placenta,74,S
7446,BCH_Placenta,74,S
7447,BCH_Placenta,74,S
7448,BCH_Placenta,74,S
7449,BCH_Placenta,74,S
7450,BCH_Placenta,74,S
7451,BCH_Placenta,74,S
7452,BCH_Placenta,74,C
7453,BCH_Placenta,74,C
7454,BCH_Placenta,74,C
7455,BCH_Placenta,74,C
7456,BCH_Placenta,74,A
7457,BCH_Placenta,74,A
7458,BCH_Placenta,74,A
7459,BCH_Placenta,74,A
7460,BCH_Placenta,74,S
7461,BCH_Placenta,74,S
7462,BCH_Placenta,74,S
7463,BCH_Placenta,74,S
7464,BCH_Placenta,74,A
7465,BCH_Placenta,74,A
7466,BCH_Placenta,74,A
7467,BCH_Placenta,74,A
7468,BCH_Placenta,74,A
7469,BCH_Placenta,74,A
7470,BCH_Placenta,74,A
7471,BCH_Placenta,74,A
7472,BCH_Placenta,74,S
7473,BCH_Placenta,74,S
7474,BCH_Placenta,74,S
7475,BCH_Placenta,74,S
7476,BCH_Placenta,74,S
7477,BCH_Placenta,74,S
7478,BCH_Placenta,74,S
7479,BCH_Placenta,74,S
7480,BCH_Placenta,74,C
7481,BCH_Placenta,74,C
7482,BCH_Placenta,74,C
7483,BCH_Placenta,74,C
7484,BCH_Placenta,74,A
7485,BCH_Placenta,74,A
7486,BCH_Placenta,74,A
7487,BCH_Placenta,74,A
7488,BCH_Placenta,74,S
7489,BCH_Placenta,74,S
7490,BCH_Placenta,74,S
7491,BCH_Placenta,74,S
7492,BCH_Placenta,74,A
7493,BCH_Placenta,74,A
7494,BCH_Placenta,74,A
7495,BCH_Placenta,74,A
7496,BCH_Placenta,74,S
7497,BCH_Placenta,74,S
7498,BCH_Placenta,74,S
7499,BCH_Placenta,74,S
7500,BCH_Placenta,75,U
7501,BCH_Placenta,75,U
7502,BCH_Placenta,75,U
7503,BCH_Placenta,75,U
7504,BCH_Placenta,75,U
7505,BCH_Placenta,75,U
7506,BCH_Placenta,75,U
7507,BCH_Placenta,75,U
7508,BCH_Placenta,75,S
7509,BCH_Placenta,75,S
7510,BCH_Placenta,75,S
7511,BCH_Placenta,75,S
7512,BCH_Placenta,75,A
7513,BCH_Placenta,75,A
7514,BCH_Placenta,75,A
7515,BCH_Placenta,75,A
7516,BCH_Placenta,75,S
7517,BCH_Placenta,75,S
7518,BCH_Placenta,75,S
7519,BCH_Placenta,75,S
7520,BCH_Placenta,75,S
7521,BCH_Placenta,75,S
7522,BCH_Placenta,75,S
7523,BCH_Placenta,75,S
7524,BCH_Placenta,75,A
7525,BCH_Placenta,75,A
7526,BCH_Placenta,75,A
7527,BCH_Placenta,75,A
7528,BCH_Placenta,75,C
7529,BCH_Placenta,75,C
7530,BCH_Placenta,75,C
7531,BCH_Placenta,75,C
7532,BCH_Placenta,75,A
7533,BCH_Placenta,75,A
7534,BCH_Placenta,75,A
7535,BCH_Placenta,75,A
7536,BCH_Placenta,75,S
7537,BCH_Placenta,75,S
7538,BCH_Placenta,75,S
7539,BCH_Placenta,75,S
7540,BCH_Placenta,75,C
7541,BCH_Placenta,75,C
7542,BCH_Placenta,75,C
7543,BCH_Placenta,75,C
7544,BCH_Placenta,75,A
7545,BCH_Placenta,75,A
7546,BCH_Placenta,75,A
7547,BCH_Placenta,75,A
7548,BCH_Placenta,75,S
7549,BCH_Placenta,75,S
7550,BCH_Placenta,75,S
7551,BCH_Placenta,75,S
7552,BCH_Placenta,75,A
7553,BCH_Placenta,75,A
7554,BCH_Placenta,75,A
7555,BCH_Placenta,75,A
7556,BCH_Placenta,75,A
7557,BCH_Placenta,75,A
7558,BCH_Placenta,75,A
7559,BCH_Placenta,75,A
7560,BCH_Placenta,75,S
7561,BCH_Placenta,75,S
7562,BCH_Placenta,75,S
7563,BCH_Placenta,75,S
7564,BCH_Placenta,75,A
7565,BCH_Placenta,75,A
7566,BCH_Placenta,75,A
7567,BCH_Placenta,75,A
7568,BCH_Placenta,75,A
7569,BCH_Placenta,75,A
7570,BCH_Placenta,75,A
7571,BCH_Placenta,75,A
7572,BCH_Placenta,75,A
7573,BCH_Placenta,75,A
7574,BCH_Placenta,75,A
7575,BCH_Placenta,75,A
7576,BCH_Placenta,75,S
7577,BCH_Placenta,75,S
7578,BCH_Placenta,75,S
7579,BCH_Placenta,75,S
7580,BCH_Placenta,75,S
7581,BCH_Placenta,75,S
7582,BCH_Placenta,75,S
7583,BCH_Placenta,75,S
7584,BCH_Placenta,75,A
7585,BCH_Placenta,75,A
7586,BCH_Placenta,75,A
7587,BCH_Placenta,75,A
7588,BCH_Placenta,75,S
7589,BCH_Placenta,75,S
7590,BCH_Placenta,75,S
7591,BCH_Placenta,75,S
7592,BCH_Placenta,75,C
7593,BCH_Placenta,75,C
7594,BCH_Placenta,75,C
7595,BCH_Placenta,75,C
7596,BCH_Placenta,75,A
7597,BCH_Placenta,75,A
7598,BCH_Placenta,75,A
7599,BCH_Placenta,75,A
7600,BCH_Placenta,76,S
7601,BCH_Placenta,76,S
7602,BCH_Placenta,76,S
7603,BCH_Placenta,76,S
7604,BCH_Placenta,76,S
7605,BCH_Placenta,76,S
7606,BCH_Placenta,76,S
7607,BCH_Placenta,76,S
7608,BCH_Placenta,76,S
7609,BCH_Placenta,76,S
7610,BCH_Placenta,76,S
7611,BCH_Placenta,76,S
7612,BCH_Placenta,76,S
7613,BCH_Placenta,76,S
7614,BCH_Placenta,76,S
7615,BCH_Placenta,76,S
7616,BCH_Placenta,76,S
7617,BCH_Placenta,76,S
7618,BCH_Placenta,76,S
7619,BCH_Placenta,76,S
7620,BCH_Placenta,76,S
7621,BCH_Placenta,76,S
7622,BCH_Placenta,76,S
7623,BCH_Placenta,76,S
7624,BCH_Placenta,76,A
7625,BCH_Placenta,76,A
7626,BCH_Placenta,76,A
7627,BCH_Placenta,76,A
7628,BCH_Placenta,76,C
7629,BCH_Placenta,76,C
7630,BCH_Placenta,76,C
7631,BCH_Placenta,76,C
7632,BCH_Placenta,76,S
7633,BCH_Placenta,76,S
7634,BCH_Placenta,76,S
7635,BCH_Placenta,76,S
7636,BCH_Placenta,76,A
7637,BCH_Placenta,76,A
7638,BCH_Placenta,76,A
7639,BCH_Placenta,76,A
7640,BCH_Placenta,76,C
7641,BCH_Placenta,76,C
7642,BCH_Placenta,76,C
7643,BCH_Placenta,76,C
7644,BCH_Placenta,76,S
7645,BCH_Placenta,76,S
7646,BCH_Placenta,76,S
7647,BCH_Placenta,76,S
7648,BCH_Placenta,76,A
7649,BCH_Placenta,76,A
7650,BCH_Placenta,76,A
7651,BCH_Placenta,76,A
7652,BCH_Placenta,76,A
7653,BCH_Placenta,76,A
7654,BCH_Placenta,76,A
7655,BCH_Placenta,76,A
7656,BCH_Placenta,76,S
7657,BCH_Placenta,76,S
7658,BCH_Placenta,76,S
7659,BCH_Placenta,76,S
7660,BCH_Placenta,76,S
7661,BCH_Placenta,76,S
7662,BCH_Placenta,76,S
7663,BCH_Placenta,76,S
7664,BCH_Placenta,76,S
7665,BCH_Placenta,76,S
7666,BCH_Placenta,76,S
7667,BCH_Placenta,76,S
7668,BCH_Placenta,76,A
7669,BCH_Placenta,76,A
7670,BCH_Placenta,76,A
7671,BCH_Placenta,76,A
7672,BCH_Placenta,76,S
7673,BCH_Placenta,76,S
7674,BCH_Placenta,76,S
7675,BCH_Placenta,76,S
7676,BCH_Placenta,76,S
7677,BCH_Placenta,76,S
7678,BCH_Placenta,76,S
7679,BCH_Placenta,76,S
7680,BCH_Placenta,76,C
7681,BCH_Placenta,76,C
7682,BCH_Placenta,76,C
7683,BCH_Placenta,76,C
7684,BCH_Placenta,76,A
7685,BCH_Placenta,76,A
7686,BCH_Placenta,76,A
7687,BCH_Placenta,76,A
7688,BCH_Placenta,76,S
7689,BCH_Placenta,76,S
7690,BCH_Placenta,76,S
7691,BCH_Placenta,76,S
7692,BCH_Placenta,76,S
7693,BCH_Placenta,76,S
7694,BCH_Placenta,76,S
7695,BCH_Placenta,76,S
7696,BCH_Placenta,76,S
7697,BCH_Placenta,76,S
7698,BCH_Placenta,76,S
7699,BCH_Placenta,76,S
7700,BCH_Placenta,77,U
7701,BCH_Placenta,77,U
7702,BCH_Placenta,77,U
7703,BCH_Placenta,77,U
7704,BCH_Placenta,77,S
7705,BCH_Placenta,77,S
7706,BCH_Placenta,77,S
7707,BCH_Placenta,77,S
7708,BCH_Placenta,77,S
7709,BCH_Placenta,77,S
7710,BCH_Placenta,77,S
7711,BCH_Placenta,77,S
7712,BCH_Placenta,77,C
7713,BCH_Placenta,77,C
7714,BCH_Placenta,77,C
7715,BCH_Placenta,77,C
7716,BCH_Placenta,77,A
7717,BCH_Placenta,77,A
7718,BCH_Placenta,77,A
7719,BCH_Placenta,77,A
7720,BCH_Placenta,77,S
7721,BCH_Placenta,77,S
7722,BCH_Placenta,77,S
7723,BCH_Placenta,77,S
7724,BCH_Placenta,77,A
7725,BCH_Placenta,77,A
7726,BCH_Placenta,77,A
7727,BCH_Placenta,77,A
7728,BCH_Placenta,77,C
7729,BCH_Placenta,77,C
7730,BCH_Placenta,77,C
7731,BCH_Placenta,77,C
7732,BCH_Placenta,77,S
7733,BCH_Placenta,77,S
7734,BCH_Placenta,77,S
7735,BCH_Placenta,77,S
7736,BCH_Placenta,77,C
7737,BCH_Placenta,77,C
7738,BCH_Placenta,77,C
7739,BCH_Placenta,77,C
7740,BCH_Placenta,77,C
7741,BCH_Placenta,77,C
7742,BCH_Placenta,77,C
7743,BCH_Placenta,77,C
7744,BCH_Placenta,77,C
7745,BCH_Placenta,77,C
7746,BCH_Placenta,77,C
7747,BCH_Placenta,77,C
7748,BCH_Placenta,77,S
7749,BCH_Placenta,77,S
7750,BCH_Placenta,77,S
7751,BCH_Placenta,77,S
7752,BCH_Placenta,77,S
7753,BCH_Placenta,77,S
7754,BCH_Placenta,77,S
7755,BCH_Placenta,77,S
7756,BCH_Placenta,77,A
7757,BCH_Placenta,77,A
7758,BCH_Placenta,77,A
7759,BCH_Placenta,77,A
7760,BCH_Placenta,77,S
7761,BCH_Placenta,77,S
7762,BCH_Placenta,77,S
7763,BCH_Placenta,77,S
7764,BCH_Placenta,77,S
7765,BCH_Placenta,77,S
7766,BCH_Placenta,77,S
7767,BCH_Placenta,77,S
7768,BCH_Placenta,77,A
7769,BCH_Placenta,77,A
7770,BCH_Placenta,77,A
7771,BCH_Placenta,77,A
7772,BCH_Placenta,77,S
7773,BCH_Placenta,77,S
7774,BCH_Placenta,77,S
7775,BCH_Placenta,77,S
7776,BCH_Placenta,77,S
7777,BCH_Placenta,77,S
7778,BCH_Placenta,77,S
7779,BCH_Placenta,77,S
7780,BCH_Placenta,77,S
7781,BCH_Placenta,77,S
7782,BCH_Placenta,77,S
7783,BCH_Placenta,77,S
7784,BCH_Placenta,77,C
7785,BCH_Placenta,77,C
7786,BCH_Placenta,77,C
7787,BCH_Placenta,77,C
7788,BCH_Placenta,77,S
7789,BCH_Placenta,77,S
7790,BCH_Placenta,77,S
7791,BCH_Placenta,77,S
7792,BCH_Placenta,77,S
7793,BCH_Placenta,77,S
7794,BCH_Placenta,77,S
7795,BCH_Placenta,77,S
7796,BCH_Placenta,77,A
7797,BCH_Placenta,77,A
7798,BCH_Placenta,77,A
7799,BCH_Placenta,77,A
7800,BCH_Placenta,78,C
7801,BCH_Placenta,78,C
7802,BCH_Placenta,78,C
7803,BCH_Placenta,78,C
7804,BCH_Placenta,78,S
7805,BCH_Placenta,78,S
7806,BCH_Placenta,78,S
7807,BCH_Placenta,78,S
7808,BCH_Placenta,78,A
7809,BCH_Placenta,78,A
7810,BCH_Placenta,78,A
7811,BCH_Placenta,78,A
7812,BCH_Placenta,78,C
7813,BCH_Placenta,78,C
7814,BCH_Placenta,78,C
7815,BCH_Placenta,78,C
7816,BCH_Placenta,78,S
7817,BCH_Placenta,78,S
7818,BCH_Placenta,78,S
7819,BCH_Placenta,78,S
7820,BCH_Placenta,78,A
7821,BCH_Placenta,78,A
7822,BCH_Placenta,78,A
7823,BCH_Placenta,78,A
7824,BCH_Placenta,78,S
7825,BCH_Placenta,78,S
7826,BCH_Placenta,78,S
7827,BCH_Placenta,78,S
7828,BCH_Placenta,78,C
7829,BCH_Placenta,78,C
7830,BCH_Placenta,78,C
7831,BCH_Placenta,78,C
7832,BCH_Placenta,78,S
7833,BCH_Placenta,78,S
7834,BCH_Placenta,78,S
7835,BCH_Placenta,78,S
7836,BCH_Placenta,78,S
7837,BCH_Placenta,78,S
7838,BCH_Placenta,78,S
7839,BCH_Placenta,78,S
7840,BCH_Placenta,78,A
7841,BCH_Placenta,78,A
7842,BCH_Placenta,78,A
7843,BCH_Placenta,78,A
7844,BCH_Placenta,78,C
7845,BCH_Placenta,78,C
7846,BCH_Placenta,78,C
7847,BCH_Placenta,78,C
7848,BCH_Placenta,78,S
7849,BCH_Placenta,78,S
7850,BCH_Placenta,78,S
7851,BCH_Placenta,78,S
7852,BCH_Placenta,78,C
7853,BCH_Placenta,78,C
7854,BCH_Placenta,78,C
7855,BCH_Placenta,78,C
7856,BCH_Placenta,78,S
7857,BCH_Placenta,78,S
7858,BCH_Placenta,78,S
7859,BCH_Placenta,78,S
7860,BCH_Placenta,78,A
7861,BCH_Placenta,78,A
7862,BCH_Placenta,78,A
7863,BCH_Placenta,78,A
7864,BCH_Placenta,78,S
7865,BCH_Placenta,78,S
7866,BCH_Placenta,78,S
7867,BCH_Placenta,78,S
7868,BCH_Placenta,78,C
7869,BCH_Placenta,78,C
7870,BCH_Placenta,78,C
7871,BCH_Placenta,78,C
7872,BCH_Placenta,78,A
7873,BCH_Placenta,78,A
7874,BCH_Placenta,78,A
7875,BCH_Placenta,78,A
7876,BCH_Placenta,78,C
7877,BCH_Placenta,78,C
7878,BCH_Placenta,78,C
7879,BCH_Placenta,78,C
7880,BCH_Placenta,78,S
7881,BCH_Placenta,78,S
7882,BCH_Placenta,78,S
7883,BCH_Placenta,78,S
7884,BCH_Placenta,78,C
7885,BCH_Placenta,78,C
7886,BCH_Placenta,78,C
7887,BCH_Placenta,78,C
7888,BCH_Placenta,78,S
7889,BCH_Placenta,78,S
7890,BCH_Placenta,78,S
7891,BCH_Placenta,78,S
7892,BCH_Placenta,78,A
7893,BCH_Placenta,78,A
7894,BCH_Placenta,78,A
7895,BCH_Placenta,78,A
7896,BCH_Placenta,78,C
7897,BCH_Placenta,78,C
7898,BCH_Placenta,78,C
7899,BCH_Placenta,78,C
7900,BCH_Placenta,79,S
7901,BCH_Placenta,79,S
7902,BCH_Placenta,79,S
7903,BCH_Placenta,79,S
7904,BCH_Placenta,79,S
7905,BCH_Placenta,79,S
7906,BCH_Placenta,79,S
7907,BCH_Placenta,79,S
7908,BCH_Placenta,79,S
7909,BCH_Placenta,79,S
7910,BCH_Placenta,79,S
7911,BCH_Placenta,79,S
7912,BCH_Placenta,79,S
7913,BCH_Placenta,79,S
7914,BCH_Placenta,79,S
7915,BCH_Placenta,79,S
7916,BCH_Placenta,79,C
7917,BCH_Placenta,79,C
7918,BCH_Placenta,79,C
7919,BCH_Placenta,79,C
7920,BCH_Placenta,79,S
7921,BCH_Placenta,79,S
7922,BCH_Placenta,79,S
7923,BCH_Placenta,79,S
7924,BCH_Placenta,79,S
7925,BCH_Placenta,79,S
7926,BCH_Placenta,79,S
7927,BCH_Placenta,79,S
7928,BCH_Placenta,79,A
7929,BCH_Placenta,79,A
7930,BCH_Placenta,79,A
7931,BCH_Placenta,79,A
7932,BCH_Placenta,79,S
7933,BCH_Placenta,79,S
7934,BCH_Placenta,79,S
7935,BCH_Placenta,79,S
7936,BCH_Placenta,79,A
7937,BCH_Placenta,79,A
7938,BCH_Placenta,79,A
7939,BCH_Placenta,79,A
7940,BCH_Placenta,79,C
7941,BCH_Placenta,79,C
7942,BCH_Placenta,79,C
7943,BCH_Placenta,79,C
7944,BCH_Placenta,79,S
7945,BCH_Placenta,79,S
7946,BCH_Placenta,79,U
7947,BCH_Placenta,79,S
7948,BCH_Placenta,79,A
7949,BCH_Placenta,79,A
7950,BCH_Placenta,79,A
7951,BCH_Placenta,79,A
7952,BCH_Placenta,79,S
7953,BCH_Placenta,79,S
7954,BCH_Placenta,79,S
7955,BCH_Placenta,79,S
7956,BCH_Placenta,79,S
7957,BCH_Placenta,79,S
7958,BCH_Placenta,79,S
7959,BCH_Placenta,79,S
7960,BCH_Placenta,79,A
7961,BCH_Placenta,79,A
7962,BCH_Placenta,79,A
7963,BCH_Placenta,79,A
7964,BCH_Placenta,79,S
7965,BCH_Placenta,79,S
7966,BCH_Placenta,79,S
7967,BCH_Placenta,79,S
7968,BCH_Placenta,79,C
7969,BCH_Placenta,79,C
7970,BCH_Placenta,79,C
7971,BCH_Placenta,79,C
7972,BCH_Placenta,79,C
7973,BCH_Placenta,79,C
7974,BCH_Placenta,79,C
7975,BCH_Placenta,79,C
7976,BCH_Placenta,79,C
7977,BCH_Placenta,79,C
7978,BCH_Placenta,79,C
7979,BCH_Placenta,79,C
7980,BCH_Placenta,79,S
7981,BCH_Placenta,79,S
7982,BCH_Placenta,79,S
7983,BCH_Placenta,79,S
7984,BCH_Placenta,79,A
7985,BCH_Placenta,79,A
7986,BCH_Placenta,79,A
7987,BCH_Placenta,79,A
7988,BCH_Placenta,79,C
7989,BCH_Placenta,79,C
7990,BCH_Placenta,79,C
7991,BCH_Placenta,79,C
7992,BCH_Placenta,79,C
7993,BCH_Placenta,79,C
7994,BCH_Placenta,79,C
7995,BCH_Placenta,79,C
7996,BCH_Placenta,79,S
7997,BCH_Placenta,79,S
7998,BCH_Placenta,79,S
7999,BCH_Placenta,79,S
8000,BCH_Placenta,80,A
8001,BCH_Placenta,80,A
8002,BCH_Placenta,80,A
8003,BCH_Placenta,80,A
8004,BCH_Placenta,80,C
8005,BCH_Placenta,80,C
8006,BCH_Placenta,80,C
8007,BCH_Placenta,80,C
8008,BCH_Placenta,80,A
8009,BCH_Placenta,80,A
8010,BCH_Placenta,80,A
8011,BCH_Placenta,80,A
8012,BCH_Placenta,80,C
8013,BCH_Placenta,80,C
8014,BCH_Placenta,80,C
8015,BCH_Placenta,80,C
8016,BCH_Placenta,80,C
8017,BCH_Placenta,80,C
8018,BCH_Placenta,80,C
8019,BCH_Placenta,80,C
8020,BCH_Placenta,80,C
8021,BCH_Placenta,80,C
8022,BCH_Placenta,80,C
8023,BCH_Placenta,80,C
8024,BCH_Placenta,80,S
8025,BCH_Placenta,80,S
8026,BCH_Placenta,80,S
8027,BCH_Placenta,80,S
8028,BCH_Placenta,80,A
8029,BCH_Placenta,80,A
8030,BCH_Placenta,80,A
8031,BCH_Placenta,80,A
8032,BCH_Placenta,80,C
8033,BCH_Placenta,80,C
8034,BCH_Placenta,80,C
8035,BCH_Placenta,80,C
8036,BCH_Placenta,80,C
8037,BCH_Placenta,80,C
8038,BCH_Placenta,80,C
8039,BCH_Placenta,80,C
8040,BCH_Placenta,80,C
8041,BCH_Placenta,80,C
8042,BCH_Placenta,80,C
8043,BCH_Placenta,80,C
8044,BCH_Placenta,80,S
8045,BCH_Placenta,80,S
8046,BCH_Placenta,80,S
8047,BCH_Placenta,80,S
8048,BCH_Placenta,80,C
8049,BCH_Placenta,80,C
8050,BCH_Placenta,80,C
8051,BCH_Placenta,80,C
8052,BCH_Placenta,80,A
8053,BCH_Placenta,80,A
8054,BCH_Placenta,80,A
8055,BCH_Placenta,80,A
8056,BCH_Placenta,80,S
8057,BCH_Placenta,80,S
8058,BCH_Placenta,80,S
8059,BCH_Placenta,80,S
8060,BCH_Placenta,80,C
8061,BCH_Placenta,80,C
8062,BCH_Placenta,80,C
8063,BCH_Placenta,80,C
8064,BCH_Placenta,80,S
8065,BCH_Placenta,80,S
8066,BCH_Placenta,80,S
8067,BCH_Placenta,80,S
8068,BCH_Placenta,80,S
8069,BCH_Placenta,80,S
8070,BCH_Placenta,80,S
8071,BCH_Placenta,80,S
8072,BCH_Placenta,80,A
8073,BCH_Placenta,80,A
8074,BCH_Placenta,80,A
8075,BCH_Placenta,80,A
8076,BCH_Placenta,80,S
8077,BCH_Placenta,80,S
8078,BCH_Placenta,80,S
8079,BCH_Placenta,80,S
8080,BCH_Placenta,80,C
8081,BCH_Placenta,80,C
8082,BCH_Placenta,80,C
8083,BCH_Placenta,80,C
8084,BCH_Placenta,80,A
8085,BCH_Placenta,80,A
8086,BCH_Placenta,80,A
8087,BCH_Placenta,80,A
8088,BCH_Placenta,80,C
8089,BCH_Placenta,80,C
8090,BCH_Placenta,80,C
8091,BCH_Placenta,80,C
8092,BCH_Placenta,80,S
8093,BCH_Placenta,80,S
8094,BCH_Placenta,80,S
8095,BCH_Placenta,80,S
8096,BCH_Placenta,80,C
8097,BCH_Placenta,80,C
8098,BCH_Placenta,80,C
8099,BCH_Placenta,80,C
8100,BCH_Placenta,81,C
8101,BCH_Placenta,81,C
8102,BCH_Placenta,81,C
8103,BCH_Placenta,81,C
8104,BCH_Placenta,81,S
8105,BCH_Placenta,81,S
8106,BCH_Placenta,81,S
8107,BCH_Placenta,81,S
8108,BCH_Placenta,81,A
8109,BCH_Placenta,81,A
8110,BCH_Placenta,81,A
8111,BCH_Placenta,81,A
8112,BCH_Placenta,81,C
8113,BCH_Placenta,81,C
8114,BCH_Placenta,81,C
8115,BCH_Placenta,81,C
8116,BCH_Placenta,81,S
8117,BCH_Placenta,81,S
8118,BCH_Placenta,81,S
8119,BCH_Placenta,81,S
8120,BCH_Placenta,81,S
8121,BCH_Placenta,81,S
8122,BCH_Placenta,81,S
8123,BCH_Placenta,81,S
8124,BCH_Placenta,81,A
8125,BCH_Placenta,81,A
8126,BCH_Placenta,81,A
8127,BCH_Placenta,81,A
8128,BCH_Placenta,81,C
8129,BCH_Placenta,81,C
8130,BCH_Placenta,81,C
8131,BCH_Placenta,81,C
8132,BCH_Placenta,81,S
8133,BCH_Placenta,81,S
8134,BCH_Placenta,81,S
8135,BCH_Placenta,81,S
8136,BCH_Placenta,81,C
8137,BCH_Placenta,81,C
8138,BCH_Placenta,81,C
8139,BCH_Placenta,81,C
8140,BCH_Placenta,81,C
8141,BCH_Placenta,81,C
8142,BCH_Placenta,81,C
8143,BCH_Placenta,81,C
8144,BCH_Placenta,81,A
8145,BCH_Placenta,81,A
8146,BCH_Placenta,81,A
8147,BCH_Placenta,81,A
8148,BCH_Placenta,81,C
8149,BCH_Placenta,81,C
8150,BCH_Placenta,81,C
8151,BCH_Placenta,81,C
8152,BCH_Placenta,81,C
8153,BCH_Placenta,81,C
8154,BCH_Placenta,81,C
8155,BCH_Placenta,81,C
8156,BCH_Placenta,81,S
8157,BCH_Placenta,81,S
8158,BCH_Placenta,81,S
8159,BCH_Placenta,81,S
8160,BCH_Placenta,81,S
8161,BCH_Placenta,81,S
8162,BCH_Placenta,81,S
8163,BCH_Placenta,81,S
8164,BCH_Placenta,81,C
8165,BCH_Placenta,81,C
8166,BCH_Placenta,81,C
8167,BCH_Placenta,81,C
8168,BCH_Placenta,81,S
8169,BCH_Placenta,81,S
8170,BCH_Placenta,81,S
8171,BCH_Placenta,81,S
8172,BCH_Placenta,81,A
8173,BCH_Placenta,81,A
8174,BCH_Placenta,81,A
8175,BCH_Placenta,81,A
8176,BCH_Placenta,81,S
8177,BCH_Placenta,81,S
8178,BCH_Placenta,81,S
8179,BCH_Placenta,81,S
8180,BCH_Placenta,81,C
8181,BCH_Placenta,81,C
8182,BCH_Placenta,81,C
8183,BCH_Placenta,81,C
8184,BCH_Placenta,81,C
8185,BCH_Placenta,81,C
8186,BCH_Placenta,81,C
8187,BCH_Placenta,81,C
8188,BCH_Placenta,81,A
8189,BCH_Placenta,81,A
8190,BCH_Placenta,81,A
8191,BCH_Placenta,81,A
8192,BCH_Placenta,81,S
8193,BCH_Placenta,81,S
8194,BCH_Placenta,81,S
8195,BCH_Placenta,81,S
8196,BCH_Placenta,81,A
8197,BCH_Placenta,81,A
8198,BCH_Placenta,81,A
8199,BCH_Placenta,81,A
8200,BCH_Placenta,82,S
8201,BCH_Placenta,82,S
8202,BCH_Placenta,82,S
8203,BCH_Placenta,82,S
8204,BCH_Placenta,82,A
8205,BCH_Placenta,82,A
8206,BCH_Placenta,82,A
8207,BCH_Placenta,82,A
8208,BCH_Placenta,82,S
8209,BCH_Placenta,82,S
8210,BCH_Placenta,82,S
8211,BCH_Placenta,82,S
8212,BCH_Placenta,82,C
8213,BCH_Placenta,82,C
8214,BCH_Placenta,82,C
8215,BCH_Placenta,82,C
8216,BCH_Placenta,82,S
8217,BCH_Placenta,82,S
8218,BCH_Placenta,82,S
8219,BCH_Placenta,82,S
8220,BCH_Placenta,82,S
8221,BCH_Placenta,82,S
8222,BCH_Placenta,82,S
8223,BCH_Placenta,82,S
8224,BCH_Placenta,82,C
8225,BCH_Placenta,82,C
8226,BCH_Placenta,82,C
8227,BCH_Placenta,82,C
8228,BCH_Placenta,82,S
8229,BCH_Placenta,82,S
8230,BCH_Placenta,82,S
8231,BCH_Placenta,82,S
8232,BCH_Placenta,82,C
8233,BCH_Placenta,82,C
8234,BCH_Placenta,82,C
8235,BCH_Placenta,82,C
8236,BCH_Placenta,82,S
8237,BCH_Placenta,82,S
8238,BCH_Placenta,82,S
8239,BCH_Placenta,82,S
8240,BCH_Placenta,82,C
8241,BCH_Placenta,82,C
8242,BCH_Placenta,82,C
8243,BCH_Placenta,82,C
8244,BCH_Placenta,82,A
8245,BCH_Placenta,82,A
8246,BCH_Placenta,82,A
8247,BCH_Placenta,82,A
8248,BCH_Placenta,82,S
8249,BCH_Placenta,82,S
8250,BCH_Placenta,82,S
8251,BCH_Placenta,82,S
8252,BCH_Placenta,82,C
8253,BCH_Placenta,82,C
8254,BCH_Placenta,82,C
8255,BCH_Placenta,82,C
8256,BCH_Placenta,82,U
8257,BCH_Placenta,82,S
8258,BCH_Placenta,82,S
8259,BCH_Placenta,82,S
8260,BCH_Placenta,82,C
8261,BCH_Placenta,82,C
8262,BCH_Placenta,82,C
8263,BCH_Placenta,82,C
8264,BCH_Placenta,82,S
8265,BCH_Placenta,82,S
8266,BCH_Placenta,82,S
8267,BCH_Placenta,82,S
8268,BCH_Placenta,82,S
8269,BCH_Placenta,82,S
8270,BCH_Placenta,82,S
8271,BCH_Placenta,82,S
8272,BCH_Placenta,82,S
8273,BCH_Placenta,82,S
8274,BCH_Placenta,82,S
8275,BCH_Placenta,82,S
8276,BCH_Placenta,82,S
8277,BCH_Placenta,82,S
8278,BCH_Placenta,82,S
8279,BCH_Placenta,82,S
8280,BCH_Placenta,82,S
8281,BCH_Placenta,82,S
8282,BCH_Placenta,82,S
8283,BCH_Placenta,82,S
8284,BCH_Placenta,82,AS
8285,BCH_Placenta,82,A
8286,BCH_Placenta,82,A
8287,BCH_Placenta,82,A
8288,BCH_Placenta,82,A
8289,BCH_Placenta,82,A
8290,BCH_Placenta,82,A
8291,BCH_Placenta,82,A
8292,BCH_Placenta,82,C
8293,BCH_Placenta,82,C
8294,BCH_Placenta,82,C
8295,BCH_Placenta,82,C
8296,BCH_Placenta,82,C
8297,BCH_Placenta,82,C
8298,BCH_Placenta,82,C
8299,BCH_Placenta,82,C
8300,BCH_Placenta,83,S
8301,BCH_Placenta,83,S
8302,BCH_Placenta,83,S
8303,BCH_Placenta,83,S
8304,BCH_Placenta,83,C
8305,BCH_Placenta,83,C
8306,BCH_Placenta,83,C
8307,BCH_Placenta,83,C
8308,BCH_Placenta,83,A
8309,BCH_Placenta,83,A
8310,BCH_Placenta,83,A
8311,BCH_Placenta,83,A
8312,BCH_Placenta,83,A
8313,BCH_Placenta,83,A
8314,BCH_Placenta,83,A
8315,BCH_Placenta,83,A
8316,BCH_Placenta,83,S
8317,BCH_Placenta,83,S
8318,BCH_Placenta,83,S
8319,BCH_Placenta,83,S
8320,BCH_Placenta,83,S
8321,BCH_Placenta,83,S
8322,BCH_Placenta,83,S
8323,BCH_Placenta,83,S
8324,BCH_Placenta,83,S
8325,BCH_Placenta,83,S
8326,BCH_Placenta,83,S
8327,BCH_Placenta,83,S
8328,BCH_Placenta,83,S
8329,BCH_Placenta,83,S
8330,BCH_Placenta,83,S
8331,BCH_Placenta,83,S
8332,BCH_Placenta,83,A
8333,BCH_Placenta,83,A
8334,BCH_Placenta,83,A
8335,BCH_Placenta,83,A
8336,BCH_Placenta,83,A
8337,BCH_Placenta,83,A
8338,BCH_Placenta,83,A
8339,BCH_Placenta,83,A
8340,BCH_Placenta,83,S
8341,BCH_Placenta,83,S
8342,BCH_Placenta,83,S
8343,BCH_Placenta,83,S
8344,BCH_Placenta,83,S
8345,BCH_Placenta,83,S
8346,BCH_Placenta,83,S
8347,BCH_Placenta,83,S
8348,BCH_Placenta,83,S
8349,BCH_Placenta,83,S
8350,BCH_Placenta,83,S
8351,BCH_Placenta,83,S
8352,BCH_Placenta,83,S
8353,BCH_Placenta,83,S
8354,BCH_Placenta,83,S
8355,BCH_Placenta,83,S
8356,BCH_Placenta,83,S
8357,BCH_Placenta,83,S
8358,BCH_Placenta,83,S
8359,BCH_Placenta,83,S
8360,BCH_Placenta,83,S
8361,BCH_Placenta,83,S
8362,BCH_Placenta,83,S
8363,BCH_Placenta,83,S
8364,BCH_Placenta,83,A
8365,BCH_Placenta,83,A
8366,BCH_Placenta,83,A
8367,BCH_Placenta,83,A
8368,BCH_Placenta,83,S
8369,BCH_Placenta,83,S
8370,BCH_Placenta,83,S
8371,BCH_Placenta,83,S
8372,BCH_Placenta,83,C
8373,BCH_Placenta,83,C
8374,BCH_Placenta,83,C
8375,BCH_Placenta,83,C
8376,BCH_Placenta,83,C
8377,BCH_Placenta,83,C
8378,BCH_Placenta,83,C
8379,BCH_Placenta,83,C
8380,BCH_Placenta,83,S
8381,BCH_Placenta,83,S
8382,BCH_Placenta,83,S
8383,BCH_Placenta,83,S
8384,BCH_Placenta,83,C
8385,BCH_Placenta,83,C
8386,BCH_Placenta,83,C
8387,BCH_Placenta,83,C
8388,BCH_Placenta,83,C
8389,BCH_Placenta,83,C
8390,BCH_Placenta,83,C
8391,BCH_Placenta,83,C
8392,BCH_Placenta,83,S
8393,BCH_Placenta,83,S
8394,BCH_Placenta,83,S
8395,BCH_Placenta,83,S
8396,BCH_Placenta,83,C
8397,BCH_Placenta,83,C
8398,BCH_Placenta,83,C
8399,BCH_Placenta,83,C
8400,BCH_Placenta,84,C
8401,BCH_Placenta,84,C
8402,BCH_Placenta,84,C
8403,BCH_Placenta,84,C
8404,BCH_Placenta,84,S
8405,BCH_Placenta,84,S
8406,BCH_Placenta,84,S
8407,BCH_Placenta,84,S
8408,BCH_Placenta,84,S
8409,BCH_Placenta,84,S
8410,BCH_Placenta,84,S
8411,BCH_Placenta,84,S
8412,BCH_Placenta,84,S
8413,BCH_Placenta,84,S
8414,BCH_Placenta,84,S
8415,BCH_Placenta,84,S
8416,BCH_Placenta,84,A
8417,BCH_Placenta,84,A
8418,BCH_Placenta,84,A
8419,BCH_Placenta,84,A
8420,BCH_Placenta,84,A
8421,BCH_Placenta,84,A
8422,BCH_Placenta,84,A
8423,BCH_Placenta,84,A
8424,BCH_Placenta,84,S
8425,BCH_Placenta,84,S
8426,BCH_Placenta,84,S
8427,BCH_Placenta,84,S
8428,BCH_Placenta,84,S
8429,BCH_Placenta,84,S
8430,BCH_Placenta,84,S
8431,BCH_Placenta,84,S
8432,BCH_Placenta,84,C
8433,BCH_Placenta,84,C
8434,BCH_Placenta,84,C
8435,BCH_Placenta,84,C
8436,BCH_Placenta,84,C
8437,BCH_Placenta,84,C
8438,BCH_Placenta,84,C
8439,BCH_Placenta,84,C
8440,BCH_Placenta,84,S
8441,BCH_Placenta,84,S
8442,BCH_Placenta,84,S
8443,BCH_Placenta,84,S
8444,BCH_Placenta,84,A
8445,BCH_Placenta,84,A
8446,BCH_Placenta,84,A
8447,BCH_Placenta,84,A
8448,BCH_Placenta,84,C
8449,BCH_Placenta,84,C
8450,BCH_Placenta,84,C
8451,BCH_Placenta,84,C
8452,BCH_Placenta,84,A
8453,BCH_Placenta,84,A
8454,BCH_Placenta,84,A
8455,BCH_Placenta,84,A
8456,BCH_Placenta,84,C
8457,BCH_Placenta,84,C
8458,BCH_Placenta,84,C
8459,BCH_Placenta,84,C
8460,BCH_Placenta,84,S
8461,BCH_Placenta,84,S
8462,BCH_Placenta,84,S
8463,BCH_Placenta,84,S
8464,BCH_Placenta,84,A
8465,BCH_Placenta,84,A
8466,BCH_Placenta,84,A
8467,BCH_Placenta,84,A
8468,BCH_Placenta,84,S
8469,BCH_Placenta,84,S
8470,BCH_Placenta,84,S
8471,BCH_Placenta,84,S
8472,BCH_Placenta,84,A
8473,BCH_Placenta,84,A
8474,BCH_Placenta,84,A
8475,BCH_Placenta,84,A
8476,BCH_Placenta,84,C
8477,BCH_Placenta,84,C
8478,BCH_Placenta,84,C
8479,BCH_Placenta,84,C
8480,BCH_Placenta,84,A
8481,BCH_Placenta,84,A
8482,BCH_Placenta,84,A
8483,BCH_Placenta,84,A
8484,BCH_Placenta,84,C
8485,BCH_Placenta,84,C
8486,BCH_Placenta,84,C
8487,BCH_Placenta,84,C
8488,BCH_Placenta,84,A
8489,BCH_Placenta,84,A
8490,BCH_Placenta,84,A
8491,BCH_Placenta,84,A
8492,BCH_Placenta,84,C
8493,BCH_Placenta,84,C
8494,BCH_Placenta,84,C
8495,BCH_Placenta,84,C
8496,BCH_Placenta,84,S
8497,BCH_Placenta,84,S
8498,BCH_Placenta,84,S
8499,BCH_Placenta,84,S
8500,BCH_Placenta,85,C
8501,BCH_Placenta,85,C
8502,BCH_Placenta,85,C
8503,BCH_Placenta,85,C
8504,BCH_Placenta,85,A
8505,BCH_Placenta,85,A
8506,BCH_Placenta,85,A
8507,BCH_Placenta,85,A
8508,BCH_Placenta,85,S
8509,BCH_Placenta,85,S
8510,BCH_Placenta,85,S
8511,BCH_Placenta,85,S
8512,BCH_Placenta,85,A
8513,BCH_Placenta,85,A
8514,BCH_Placenta,85,A
8515,BCH_Placenta,85,A
8516,BCH_Placenta,85,C
8517,BCH_Placenta,85,C
8518,BCH_Placenta,85,C
8519,BCH_Placenta,85,C
8520,BCH_Placenta,85,S
8521,BCH_Placenta,85,S
8522,BCH_Placenta,85,S
8523,BCH_Placenta,85,S
8524,BCH_Placenta,85,S
8525,BCH_Placenta,85,S
8526,BCH_Placenta,85,S
8527,BCH_Placenta,85,S
8528,BCH_Placenta,85,S
8529,BCH_Placenta,85,S
8530,BCH_Placenta,85,S
8531,BCH_Placenta,85,S
8532,BCH_Placenta,85,S
8533,BCH_Placenta,85,S
8534,BCH_Placenta,85,S
8535,BCH_Placenta,85,S
8536,BCH_Placenta,85,C
8537,BCH_Placenta,85,C
8538,BCH_Placenta,85,C
8539,BCH_Placenta,85,C
8540,BCH_Placenta,85,S
8541,BCH_Placenta,85,S
8542,BCH_Placenta,85,S
8543,BCH_Placenta,85,S
8544,BCH_Placenta,85,A
8545,BCH_Placenta,85,A
8546,BCH_Placenta,85,A
8547,BCH_Placenta,85,A
8548,BCH_Placenta,85,C
8549,BCH_Placenta,85,C
8550,BCH_Placenta,85,C
8551,BCH_Placenta,85,C
8552,BCH_Placenta,85,C
8553,BCH_Placenta,85,C
8554,BCH_Placenta,85,C
8555,BCH_Placenta,85,C
8556,BCH_Placenta,85,A
8557,BCH_Placenta,85,A
8558,BCH_Placenta,85,A
8559,BCH_Placenta,85,A
8560,BCH_Placenta,85,A
8561,BCH_Placenta,85,A
8562,BCH_Placenta,85,A
8563,BCH_Placenta,85,A
8564,BCH_Placenta,85,U
8565,BCH_Placenta,85,A
8566,BCH_Placenta,85,A
8567,BCH_Placenta,85,A
8568,BCH_Placenta,85,A
8569,BCH_Placenta,85,A
8570,BCH_Placenta,85,C
8571,BCH_Placenta,85,C
8572,BCH_Placenta,85,U
8573,BCH_Placenta,85,U
8574,BCH_Placenta,85,U
8575,BCH_Placenta,85,U
8576,BCH_Placenta,85,S
8577,BCH_Placenta,85,S
8578,BCH_Placenta,85,S
8579,BCH_Placenta,85,S
8580,BCH_Placenta,85,C
8581,BCH_Placenta,85,C
8582,BCH_Placenta,85,C
8583,BCH_Placenta,85,C
8584,BCH_Placenta,85,C
8585,BCH_Placenta,85,C
8586,BCH_Placenta,85,C
8587,BCH_Placenta,85,C
8588,BCH_Placenta,85,A
8589,BCH_Placenta,85,A
8590,BCH_Placenta,85,A
8591,BCH_Placenta,85,A
8592,BCH_Placenta,85,C
8593,BCH_Placenta,85,C
8594,BCH_Placenta,85,C
8595,BCH_Placenta,85,C
8596,BCH_Placenta,85,A
8597,BCH_Placenta,85,A
8598,BCH_Placenta,85,A
8599,BCH_Placenta,85,A
8600,BCH_Placenta,86,S
8601,BCH_Placenta,86,S
8602,BCH_Placenta,86,S
8603,BCH_Placenta,86,S
8604,BCH_Placenta,86,C
8605,BCH_Placenta,86,C
8606,BCH_Placenta,86,C
8607,BCH_Placenta,86,C
8608,BCH_Placenta,86,U
8609,BCH_Placenta,86,U
8610,BCH_Placenta,86,U
8611,BCH_Placenta,86,U
8612,BCH_Placenta,86,S
8613,BCH_Placenta,86,S
8614,BCH_Placenta,86,S
8615,BCH_Placenta,86,S
8616,BCH_Placenta,86,S
8617,BCH_Placenta,86,S
8618,BCH_Placenta,86,S
8619,BCH_Placenta,86,S
8620,BCH_Placenta,86,S
8621,BCH_Placenta,86,S
8622,BCH_Placenta,86,S
8623,BCH_Placenta,86,S
8624,BCH_Placenta,86,A
8625,BCH_Placenta,86,A
8626,BCH_Placenta,86,A
8627,BCH_Placenta,86,A
8628,BCH_Placenta,86,S
8629,BCH_Placenta,86,S
8630,BCH_Placenta,86,S
8631,BCH_Placenta,86,S
8632,BCH_Placenta,86,S
8633,BCH_Placenta,86,S
8634,BCH_Placenta,86,S
8635,BCH_Placenta,86,S
8636,BCH_Placenta,86,S
8637,BCH_Placenta,86,S
8638,BCH_Placenta,86,S
8639,BCH_Placenta,86,S
8640,BCH_Placenta,86,S
8641,BCH_Placenta,86,S
8642,BCH_Placenta,86,S
8643,BCH_Placenta,86,S
8644,BCH_Placenta,86,S
8645,BCH_Placenta,86,S
8646,BCH_Placenta,86,S
8647,BCH_Placenta,86,S
8648,BCH_Placenta,86,A
8649,BCH_Placenta,86,A
8650,BCH_Placenta,86,A
8651,BCH_Placenta,86,A
8652,BCH_Placenta,86,S
8653,BCH_Placenta,86,S
8654,BCH_Placenta,86,S
8655,BCH_Placenta,86,S
8656,BCH_Placenta,86,C
8657,BCH_Placenta,86,C
8658,BCH_Placenta,86,C
8659,BCH_Placenta,86,C
8660,BCH_Placenta,86,A
8661,BCH_Placenta,86,A
8662,BCH_Placenta,86,A
8663,BCH_Placenta,86,A
8664,BCH_Placenta,86,S
8665,BCH_Placenta,86,S
8666,BCH_Placenta,86,S
8667,BCH_Placenta,86,S
8668,BCH_Placenta,86,S
8669,BCH_Placenta,86,S
8670,BCH_Placenta,86,S
8671,BCH_Placenta,86,S
8672,BCH_Placenta,86,S
8673,BCH_Placenta,86,S
8674,BCH_Placenta,86,S
8675,BCH_Placenta,86,S
8676,BCH_Placenta,86,S
8677,BCH_Placenta,86,S
8678,BCH_Placenta,86,S
8679,BCH_Placenta,86,S
8680,BCH_Placenta,86,S
8681,BCH_Placenta,86,S
8682,BCH_Placenta,86,S
8683,BCH_Placenta,86,S
8684,BCH_Placenta,86,
8685,BCH_Placenta,86,S
8686,BCH_Placenta,86,S
8687,BCH_Placenta,86,S
8688,BCH_Placenta,86,S
8689,BCH_Placenta,86,S
8690,BCH_Placenta,86,S
8691,BCH_Placenta,86,S
8692,BCH_Placenta,86,S
8693,BCH_Placenta,86,S
8694,BCH_Placenta,86,S
8695,BCH_Placenta,86,S
8696,BCH_Placenta,86,S
8697,BCH_Placenta,86,S
8698,BCH_Placenta,86,S
8699,BCH_Placenta,86,S
8700,BCH_Placenta,87,S
8701,BCH_Placenta,87,S
8702,BCH_Placenta,87,S
8703,BCH_Placenta,87,S
8704,BCH_Placenta,87,S
8705,BCH_Placenta,87,S
8706,BCH_Placenta,87,S
8707,BCH_Placenta,87,S
8708,BCH_Placenta,87,C
8709,BCH_Placenta,87,C
8710,BCH_Placenta,87,C
8711,BCH_Placenta,87,C
8712,BCH_Placenta,87,S
8713,BCH_Placenta,87,S
8714,BCH_Placenta,87,S
8715,BCH_Placenta,87,S
8716,BCH_Placenta,87,S
8717,BCH_Placenta,87,S
8718,BCH_Placenta,87,S
8719,BCH_Placenta,87,S
8720,BCH_Placenta,87,A
8721,BCH_Placenta,87,A
8722,BCH_Placenta,87,A
8723,BCH_Placenta,87,A
8724,BCH_Placenta,87,C
8725,BCH_Placenta,87,C
8726,BCH_Placenta,87,C
8727,BCH_Placenta,87,C
8728,BCH_Placenta,87,S
8729,BCH_Placenta,87,S
8730,BCH_Placenta,87,S
8731,BCH_Placenta,87,S
8732,BCH_Placenta,87,C
8733,BCH_Placenta,87,C
8734,BCH_Placenta,87,C
8735,BCH_Placenta,87,C
8736,BCH_Placenta,87,S
8737,BCH_Placenta,87,S
8738,BCH_Placenta,87,S
8739,BCH_Placenta,87,S
8740,BCH_Placenta,87,S
8741,BCH_Placenta,87,S
8742,BCH_Placenta,87,S
8743,BCH_Placenta,87,S
8744,BCH_Placenta,87,S
8745,BCH_Placenta,87,S
8746,BCH_Placenta,87,S
8747,BCH_Placenta,87,S
8748,BCH_Placenta,87,A
8749,BCH_Placenta,87,A
8750,BCH_Placenta,87,A
8751,BCH_Placenta,87,A
8752,BCH_Placenta,87,C
8753,BCH_Placenta,87,C
8754,BCH_Placenta,87,C
8755,BCH_Placenta,87,C
8756,BCH_Placenta,87,A
8757,BCH_Placenta,87,A
8758,BCH_Placenta,87,A
8759,BCH_Placenta,87,A
8760,BCH_Placenta,87,C
8761,BCH_Placenta,87,C
8762,BCH_Placenta,87,C
8763,BCH_Placenta,87,C
8764,BCH_Placenta,87,C
8765,BCH_Placenta,87,C
8766,BCH_Placenta,87,C
8767,BCH_Placenta,87,C
8768,BCH_Placenta,87,S
8769,BCH_Placenta,87,S
8770,BCH_Placenta,87,S
8771,BCH_Placenta,87,S
8772,BCH_Placenta,87,S
8773,BCH_Placenta,87,S
8774,BCH_Placenta,87,S
8775,BCH_Placenta,87,S
8776,BCH_Placenta,87,C
8777,BCH_Placenta,87,C
8778,BCH_Placenta,87,C
8779,BCH_Placenta,87,C
8780,BCH_Placenta,87,C
8781,BCH_Placenta,87,C
8782,BCH_Placenta,87,C
8783,BCH_Placenta,87,C
8784,BCH_Placenta,87,C
8785,BCH_Placenta,87,C
8786,BCH_Placenta,87,C
8787,BCH_Placenta,87,C
8788,BCH_Placenta,87,A
8789,BCH_Placenta,87,A
8790,BCH_Placenta,87,A
8791,BCH_Placenta,87,A
8792,BCH_Placenta,87,S
8793,BCH_Placenta,87,S
8794,BCH_Placenta,87,S
8795,BCH_Placenta,87,S
8796,BCH_Placenta,87,C
8797,BCH_Placenta,87,C
8798,BCH_Placenta,87,C
8799,BCH_Placenta,87,C
8800,BCH_Placenta,88,S
8801,BCH_Placenta,88,S
8802,BCH_Placenta,88,S
8803,BCH_Placenta,88,S
8804,BCH_Placenta,88,S
8805,BCH_Placenta,88,S
8806,BCH_Placenta,88,S
8807,BCH_Placenta,88,S
8808,BCH_Placenta,88,A
8809,BCH_Placenta,88,A
8810,BCH_Placenta,88,A
8811,BCH_Placenta,88,A
8812,BCH_Placenta,88,C
8813,BCH_Placenta,88,C
8814,BCH_Placenta,88,C
8815,BCH_Placenta,88,C
8816,BCH_Placenta,88,A
8817,BCH_Placenta,88,A
8818,BCH_Placenta,88,A
8819,BCH_Placenta,88,A
8820,BCH_Placenta,88,S
8821,BCH_Placenta,88,S
8822,BCH_Placenta,88,S
8823,BCH_Placenta,88,S
8824,BCH_Placenta,88,S
8825,BCH_Placenta,88,S
8826,BCH_Placenta,88,S
8827,BCH_Placenta,88,S
8828,BCH_Placenta,88,C
8829,BCH_Placenta,88,C
8830,BCH_Placenta,88,C
8831,BCH_Placenta,88,C
8832,BCH_Placenta,88,S
8833,BCH_Placenta,88,S
8834,BCH_Placenta,88,S
8835,BCH_Placenta,88,S
8836,BCH_Placenta,88,S
8837,BCH_Placenta,88,S
8838,BCH_Placenta,88,S
8839,BCH_Placenta,88,S
8840,BCH_Placenta,88,C
8841,BCH_Placenta,88,C
8842,BCH_Placenta,88,C
8843,BCH_Placenta,88,C
8844,BCH_Placenta,88,A
8845,BCH_Placenta,88,A
8846,BCH_Placenta,88,A
8847,BCH_Placenta,88,A
8848,BCH_Placenta,88,S
8849,BCH_Placenta,88,S
8850,BCH_Placenta,88,S
8851,BCH_Placenta,88,S
8852,BCH_Placenta,88,C
8853,BCH_Placenta,88,C
8854,BCH_Placenta,88,C
8855,BCH_Placenta,88,C
8856,BCH_Placenta,88,C
8857,BCH_Placenta,88,C
8858,BCH_Placenta,88,C
8859,BCH_Placenta,88,C
8860,BCH_Placenta,88,U
8861,BCH_Placenta,88,U
8862,BCH_Placenta,88,U
8863,BCH_Placenta,88,U
8864,BCH_Placenta,88,A
8865,BCH_Placenta,88,A
8866,BCH_Placenta,88,A
8867,BCH_Placenta,88,A
8868,BCH_Placenta,88,U
8869,BCH_Placenta,88,U
8870,BCH_Placenta,88,U
8871,BCH_Placenta,88,U
8872,BCH_Placenta,88,A
8873,BCH_Placenta,88,A
8874,BCH_Placenta,88,A
8875,BCH_Placenta,88,A
8876,BCH_Placenta,88,U
8877,BCH_Placenta,88,U
8878,BCH_Placenta,88,U
8879,BCH_Placenta,88,U
8880,BCH_Placenta,88,C
8881,BCH_Placenta,88,C
8882,BCH_Placenta,88,C
8883,BCH_Placenta,88,C
8884,BCH_Placenta,88,U
8885,BCH_Placenta,88,U
8886,BCH_Placenta,88,U
8887,BCH_Placenta,88,U
8888,BCH_Placenta,88,S
8889,BCH_Placenta,88,S
8890,BCH_Placenta,88,S
8891,BCH_Placenta,88,S
8892,BCH_Placenta,88,U
8893,BCH_Placenta,88,U
8894,BCH_Placenta,88,U
8895,BCH_Placenta,88,U
8896,BCH_Placenta,88,S
8897,BCH_Placenta,88,S
8898,BCH_Placenta,88,S
8899,BCH_Placenta,88,S
8900,BCH_Placenta,89,U
8901,BCH_Placenta,89,U
8902,BCH_Placenta,89,U
8903,BCH_Placenta,89,U
8904,BCH_Placenta,89,S
8905,BCH_Placenta,89,S
8906,BCH_Placenta,89,S
8907,BCH_Placenta,89,S
8908,BCH_Placenta,89,C
8909,BCH_Placenta,89,C
8910,BCH_Placenta,89,C
8911,BCH_Placenta,89,C
8912,BCH_Placenta,89,C
8913,BCH_Placenta,89,C
8914,BCH_Placenta,89,C
8915,BCH_Placenta,89,C
8916,BCH_Placenta,89,S
8917,BCH_Placenta,89,S
8918,BCH_Placenta,89,S
8919,BCH_Placenta,89,S
8920,BCH_Placenta,89,A
8921,BCH_Placenta,89,U
8922,BCH_Placenta,89,A
8923,BCH_Placenta,89,A
8924,BCH_Placenta,89,S
8925,BCH_Placenta,89,S
8926,BCH_Placenta,89,S
8927,BCH_Placenta,89,S
8928,BCH_Placenta,89,C
8929,BCH_Placenta,89,C
8930,BCH_Placenta,89,C
8931,BCH_Placenta,89,C
8932,BCH_Placenta,89,A
8933,BCH_Placenta,89,A
8934,BCH_Placenta,89,A
8935,BCH_Placenta,89,A
8936,BCH_Placenta,89,A
8937,BCH_Placenta,89,A
8938,BCH_Placenta,89,A
8939,BCH_Placenta,89,A
8940,BCH_Placenta,89,S
8941,BCH_Placenta,89,S
8942,BCH_Placenta,89,S
8943,BCH_Placenta,89,S
8944,BCH_Placenta,89,U
8945,BCH_Placenta,89,U
8946,BCH_Placenta,89,U
8947,BCH_Placenta,89,S
8948,BCH_Placenta,89,S
8949,BCH_Placenta,89,S
8950,BCH_Placenta,89,S
8951,BCH_Placenta,89,S
8952,BCH_Placenta,89,C
8953,BCH_Placenta,89,C
8954,BCH_Placenta,89,C
8955,BCH_Placenta,89,C
8956,BCH_Placenta,89,A
8957,BCH_Placenta,89,A
8958,BCH_Placenta,89,A
8959,BCH_Placenta,89,A
8960,BCH_Placenta,89,S
8961,BCH_Placenta,89,S
8962,BCH_Placenta,89,S
8963,BCH_Placenta,89,S
8964,BCH_Placenta,89,C
8965,BCH_Placenta,89,C
8966,BCH_Placenta,89,C
8967,BCH_Placenta,89,C
8968,BCH_Placenta,89,A
8969,BCH_Placenta,89,A
8970,BCH_Placenta,89,U
8971,BCH_Placenta,89,A
8972,BCH_Placenta,89,C
8973,BCH_Placenta,89,C
8974,BCH_Placenta,89,C
8975,BCH_Placenta,89,C
8976,BCH_Placenta,89,C
8977,BCH_Placenta,89,C
8978,BCH_Placenta,89,C
8979,BCH_Placenta,89,C
8980,BCH_Placenta,89,A
8981,BCH_Placenta,89,A
8982,BCH_Placenta,89,A
8983,BCH_Placenta,89,A
8984,BCH_Placenta,89,S
8985,BCH_Placenta,89,S
8986,BCH_Placenta,89,S
8987,BCH_Placenta,89,S
8988,BCH_Placenta,89,C
8989,BCH_Placenta,89,C
8990,BCH_Placenta,89,C
8991,BCH_Placenta,89,C
8992,BCH_Placenta,89,A
8993,BCH_Placenta,89,A
8994,BCH_Placenta,89,A
8995,BCH_Placenta,89,A
8996,BCH_Placenta,89,S
8997,BCH_Placenta,89,S
8998,BCH_Placenta,89,S
8999,BCH_Placenta,89,S
9000,BCH_Placenta,90,S
9001,BCH_Placenta,90,S
9002,BCH_Placenta,90,S
9003,BCH_Placenta,90,S
9004,BCH_Placenta,90,C
9005,BCH_Placenta,90,C
9006,BCH_Placenta,90,C
9007,BCH_Placenta,90,C
9008,BCH_Placenta,90,S
9009,BCH_Placenta,90,S
9010,BCH_Placenta,90,S
9011,BCH_Placenta,90,S
9012,BCH_Placenta,90,C
9013,BCH_Placenta,90,C
9014,BCH_Placenta,90,C
9015,BCH_Placenta,90,C
9016,BCH_Placenta,90,A
9017,BCH_Placenta,90,A
9018,BCH_Placenta,90,A
9019,BCH_Placenta,90,A
9020,BCH_Placenta,90,A
9021,BCH_Placenta,90,A
9022,BCH_Placenta,90,A
9023,BCH_Placenta,90,A
9024,BCH_Placenta,90,S
9025,BCH_Placenta,90,S
9026,BCH_Placenta,90,S
9027,BCH_Placenta,90,S
9028,BCH_Placenta,90,C
9029,BCH_Placenta,90,C
9030,BCH_Placenta,90,C
9031,BCH_Placenta,90,C
9032,BCH_Placenta,90,A
9033,BCH_Placenta,90,A
9034,BCH_Placenta,90,A
9035,BCH_Placenta,90,A
9036,HBCD_Site5_Arkansas_UNC,90,A
9037,HBCD_Site5_Arkansas_UNC,90,A
9038,HBCD_Site5_Arkansas_UNC,90,A
9039,HBCD_Site5_Arkansas_UNC,90,A
9040,HBCD_Site5_Arkansas_UNC,90,A
9041,HBCD_Site5_Arkansas_UNC,90,A
9042,HBCD_Site5_Arkansas_UNC,90,A
9043,HBCD_Site5_Arkansas_UNC,90,A
9044,HBCD_Site5_Arkansas_UNC,90,A
9045,HBCD_Site5_Arkansas_UNC,90,A
9046,HBCD_Site5_Arkansas_UNC,90,A
9047,HBCD_Site5_Arkansas_UNC,90,A
9048,HBCD_Site5_Arkansas_UNC,90,C
9049,HBCD_Site5_Arkansas_UNC,90,C
9050,HBCD_Site5_Arkansas_UNC,90,C
9051,HBCD_Site5_Arkansas_UNC,90,C
9052,HBCD_Site5_Arkansas_UNC,90,C
9053,HBCD_Site5_Arkansas_UNC,90,C
9054,HBCD_Site5_Arkansas_UNC,90,C
9055,HBCD_Site5_Arkansas_UNC,90,C
9056,HBCD_Site5_Arkansas_UNC,90,C
9057,HBCD_Site5_Arkansas_UNC,90,C
9058,HBCD_Site5_Arkansas_UNC,90,C
9059,HBCD_Site5_Arkansas_UNC,90,C
9060,HBCD_Site5_Arkansas_UNC,90,S
9061,HBCD_Site5_Arkansas_UNC,90,S
9062,HBCD_Site5_Arkansas_UNC,90,S
9063,HBCD_Site5_Arkansas_UNC,90,S
9064,HBCD_Site5_Arkansas_UNC,90,S
9065,HBCD_Site5_Arkansas_UNC,90,S
9066,HBCD_Site5_Arkansas_UNC,90,S
9067,HBCD_Site5_Arkansas_UNC,90,S
9068,HBCD_Site5_Arkansas_UNC,90,A
9069,HBCD_Site5_Arkansas_UNC,90,A
9070,HBCD_Site5_Arkansas_UNC,90,A
9071,HBCD_Site5_Arkansas_UNC,90,A
9072,HBCD_Site5_Arkansas_UNC,90,A
9073,HBCD_Site5_Arkansas_UNC,90,A
9074,HBCD_Site5_Arkansas_UNC,90,A
9075,HBCD_Site5_Arkansas_UNC,90,A
9076,HBCD_Site5_Arkansas_UNC,90,A
9077,HBCD_Site5_Arkansas_UNC,90,A
9078,HBCD_Site5_Arkansas_UNC,90,A
9079,HBCD_Site5_Arkansas_UNC,90,A
9080,HBCD_Site5_Arkansas_UNC,90,C
9081,HBCD_Site5_Arkansas_UNC,90,C
9082,HBCD_Site5_Arkansas_UNC,90,C
9083,HBCD_Site5_Arkansas_UNC,90,C
9084,HBCD_Site5_Arkansas_UNC,90,C
9085,HBCD_Site5_Arkansas_UNC,90,C
9086,HBCD_Site5_Arkansas_UNC,90,CC
9087,HBCD_Site5_Arkansas_UNC,90,C
9088,HBCD_Site5_Arkansas_UNC,90,C
9089,HBCD_Site5_Arkansas_UNC,90,C
9090,HBCD_Site5_Arkansas_UNC,90,C
9091,HBCD_Site5_Arkansas_UNC,90,C
9092,HBCD_Site5_Arkansas_UNC,90,S
9093,HBCD_Site5_Arkansas_UNC,90,S
9094,HBCD_Site5_Arkansas_UNC,90,S
9095,HBCD_Site5_Arkansas_UNC,90,S
9096,HBCD_Site5_Arkansas_UNC,90,S
9097,HBCD_Site5_Arkansas_UNC,90,S
9098,HBCD_Site5_Arkansas_UNC,90,S
9099,HBCD_Site5_Arkansas_UNC,90,S
9100,HBCD_Site5_Arkansas_UNC,91,A
9101,HBCD_Site5_Arkansas_UNC,91,A
9102,HBCD_Site5_Arkansas_UNC,91,A
9103,HBCD_Site5_Arkansas_UNC,91,A
9104,HBCD_Site5_Arkansas_UNC,91,A
9105,HBCD_Site5_Arkansas_UNC,91,A
9106,HBCD_Site5_Arkansas_UNC,91,A
9107,HBCD_Site5_Arkansas_UNC,91,A
9108,HBCD_Site5_Arkansas_UNC,91,C
9109,HBCD_Site5_Arkansas_UNC,91,C
9110,HBCD_Site5_Arkansas_UNC,91,C
9111,HBCD_Site5_Arkansas_UNC,91,C
9112,HBCD_Site5_Arkansas_UNC,91,C
9113,HBCD_Site5_Arkansas_UNC,91,C
9114,HBCD_Site5_Arkansas_UNC,91,C
9115,HBCD_Site5_Arkansas_UNC,91,C
9116,HBCD_Site5_Arkansas_UNC,91,C
9117,HBCD_Site5_Arkansas_UNC,91,C
9118,HBCD_Site5_Arkansas_UNC,91,C
9119,HBCD_Site5_Arkansas_UNC,91,C
9120,HBCD_Site5_Arkansas_UNC,91,S
9121,HBCD_Site5_Arkansas_UNC,91,S
9122,HBCD_Site5_Arkansas_UNC,91,S
9123,HBCD_Site5_Arkansas_UNC,91,S
9124,HBCD_Site5_Arkansas_UNC,91,S
9125,HBCD_Site5_Arkansas_UNC,91,S
9126,HBCD_Site5_Arkansas_UNC,91,S
9127,HBCD_Site5_Arkansas_UNC,91,S
9128,HBCD_Site5_Arkansas_UNC,91,A
9129,HBCD_Site5_Arkansas_UNC,91,A
9130,HBCD_Site5_Arkansas_UNC,91,A
9131,HBCD_Site5_Arkansas_UNC,91,A
9132,HBCD_Site5_Arkansas_UNC,91,A
9133,HBCD_Site5_Arkansas_UNC,91,A
9134,HBCD_Site5_Arkansas_UNC,91,A
9135,HBCD_Site5_Arkansas_UNC,91,A
9136,HBCD_Site5_Arkansas_UNC,91,C
9137,HBCD_Site5_Arkansas_UNC,91,C
9138,HBCD_Site5_Arkansas_UNC,91,C
9139,HBCD_Site5_Arkansas_UNC,91,C
9140,HBCD_Site5_Arkansas_UNC,91,C
9141,HBCD_Site5_Arkansas_UNC,91,C
9142,HBCD_Site5_Arkansas_UNC,91,C
9143,HBCD_Site5_Arkansas_UNC,91,C
9144,HBCD_Site5_Arkansas_UNC,91,S
9145,HBCD_Site5_Arkansas_UNC,91,S
9146,HBCD_Site5_Arkansas_UNC,91,S
9147,HBCD_Site5_Arkansas_UNC,91,S
9148,HBCD_Site5_Arkansas_UNC,91,S
9149,HBCD_Site5_Arkansas_UNC,91,S
9150,HBCD_Site5_Arkansas_UNC,91,S
9151,HBCD_Site5_Arkansas_UNC,91,S
9152,HBCD_Site5_Arkansas_UNC,91,S
9153,HBCD_Site5_Arkansas_UNC,91,S
9154,HBCD_Site5_Arkansas_UNC,91,S
9155,HBCD_Site5_Arkansas_UNC,91,S
9156,HBCD_Site5_Arkansas_UNC,91,A
9157,HBCD_Site5_Arkansas_UNC,91,A
9158,HBCD_Site5_Arkansas_UNC,91,A
9159,HBCD_Site5_Arkansas_UNC,91,A
9160,HBCD_Site5_Arkansas_UNC,91,A
9161,HBCD_Site5_Arkansas_UNC,91,A
9162,HBCD_Site5_Arkansas_UNC,91,A
9163,HBCD_Site5_Arkansas_UNC,91,A
9164,HBCD_Site5_Arkansas_UNC,91,A
9165,HBCD_Site5_Arkansas_UNC,91,A
9166,HBCD_Site5_Arkansas_UNC,91,A
9167,HBCD_Site5_Arkansas_UNC,91,A
9168,HBCD_Site5_Arkansas_UNC,91,C
9169,HBCD_Site5_Arkansas_UNC,91,C
9170,HBCD_Site5_Arkansas_UNC,91,C
9171,HBCD_Site5_Arkansas_UNC,91,C
9172,HBCD_Site5_Arkansas_UNC,91,C
9173,HBCD_Site5_Arkansas_UNC,91,C
9174,HBCD_Site5_Arkansas_UNC,91,C
9175,HBCD_Site5_Arkansas_UNC,91,C
9176,HBCD_Site5_Arkansas_UNC,91,C
9177,HBCD_Site5_Arkansas_UNC,91,C
9178,HBCD_Site5_Arkansas_UNC,91,C
9179,HBCD_Site5_Arkansas_UNC,91,C
9180,HBCD_Site5_Arkansas_UNC,91,S
9181,HBCD_Site5_Arkansas_UNC,91,S
9182,HBCD_Site5_Arkansas_UNC,91,S
9183,HBCD_Site5_Arkansas_UNC,91,S
9184,HBCD_Site5_Arkansas_UNC,91,S
9185,HBCD_Site5_Arkansas_UNC,91,S
9186,HBCD_Site5_Arkansas_UNC,91,S
9187,HBCD_Site5_Arkansas_UNC,91,S
9188,HBCD_Site5_Arkansas_UNC,91,S
9189,HBCD_Site5_Arkansas_UNC,91,S
9190,HBCD_Site5_Arkansas_UNC,91,S
9191,HBCD_Site5_Arkansas_UNC,91,S
9192,HBCD_Site5_Arkansas_UNC,91,A
9193,HBCD_Site5_Arkansas_UNC,91,A
9194,HBCD_Site5_Arkansas_UNC,91,A
9195,HBCD_Site5_Arkansas_UNC,91,A
9196,HBCD_Site5_Arkansas_UNC,91,A
9197,HBCD_Site5_Arkansas_UNC,91,A
9198,HBCD_Site5_Arkansas_UNC,91,A
9199,HBCD_Site5_Arkansas_UNC,91,A
9200,HBCD_Site5_Arkansas_UNC,92,C
9201,HBCD_Site5_Arkansas_UNC,92,C
9202,HBCD_Site5_Arkansas_UNC,92,C
9203,HBCD_Site5_Arkansas_UNC,92,C
9204,HBCD_Site5_Arkansas_UNC,92,C
9205,HBCD_Site5_Arkansas_UNC,92,C
9206,HBCD_Site5_Arkansas_UNC,92,C
9207,HBCD_Site5_Arkansas_UNC,92,C
9208,HBCD_Site5_Arkansas_UNC,92,C
9209,HBCD_Site5_Arkansas_UNC,92,C
9210,HBCD_Site5_Arkansas_UNC,92,C
9211,HBCD_Site5_Arkansas_UNC,92,C
9212,HBCD_Site5_Arkansas_UNC,92,S
9213,HBCD_Site5_Arkansas_UNC,92,S
9214,HBCD_Site5_Arkansas_UNC,92,S
9215,HBCD_Site5_Arkansas_UNC,92,S
9216,HBCD_Site5_Arkansas_UNC,92,S
9217,HBCD_Site5_Arkansas_UNC,92,S
9218,HBCD_Site5_Arkansas_UNC,92,S
9219,HBCD_Site5_Arkansas_UNC,92,S
9220,HBCD_Site5_Arkansas_UNC,92,A
9221,HBCD_Site5_Arkansas_UNC,92,A
9222,HBCD_Site5_Arkansas_UNC,92,A
9223,HBCD_Site5_Arkansas_UNC,92,A
9224,HBCD_Site5_Arkansas_UNC,92,C
9225,HBCD_Site5_Arkansas_UNC,92,C
9226,HBCD_Site5_Arkansas_UNC,92,C
9227,HBCD_Site5_Arkansas_UNC,92,C
9228,HBCD_Site5_Arkansas_UNC,92,C
9229,HBCD_Site5_Arkansas_UNC,92,C
9230,HBCD_Site5_Arkansas_UNC,92,C
9231,HBCD_Site5_Arkansas_UNC,92,C
9232,HBCD_Site5_Arkansas_UNC,92,C
9233,HBCD_Site5_Arkansas_UNC,92,C
9234,HBCD_Site5_Arkansas_UNC,92,C
9235,HBCD_Site5_Arkansas_UNC,92,C
9236,HBCD_Site5_Arkansas_UNC,92,S
9237,HBCD_Site5_Arkansas_UNC,92,S
9238,HBCD_Site5_Arkansas_UNC,92,S
9239,HBCD_Site5_Arkansas_UNC,92,S
9240,HBCD_Site5_Arkansas_UNC,92,S
9241,HBCD_Site5_Arkansas_UNC,92,S
9242,HBCD_Site5_Arkansas_UNC,92,S
9243,HBCD_Site5_Arkansas_UNC,92,S
9244,HBCD_Site5_Arkansas_UNC,92,S
9245,HBCD_Site5_Arkansas_UNC,92,S
9246,HBCD_Site5_Arkansas_UNC,92,S
9247,HBCD_Site5_Arkansas_UNC,92,S
9248,HBCD_Site5_Arkansas_UNC,92,A
9249,HBCD_Site5_Arkansas_UNC,92,A
9250,HBCD_Site5_Arkansas_UNC,92,A
9251,HBCD_Site5_Arkansas_UNC,92,A
9252,HBCD_Site5_Arkansas_UNC,92,C
9253,HBCD_Site5_Arkansas_UNC,92,C
9254,HBCD_Site5_Arkansas_UNC,92,C
9255,HBCD_Site5_Arkansas_UNC,92,C
9256,HBCD_Site5_Arkansas_UNC,92,C
9257,HBCD_Site5_Arkansas_UNC,92,C
9258,HBCD_Site5_Arkansas_UNC,92,C
9259,HBCD_Site5_Arkansas_UNC,92,C
9260,HBCD_Site5_Arkansas_UNC,92,C
9261,HBCD_Site5_Arkansas_UNC,92,C
9262,HBCD_Site5_Arkansas_UNC,92,C
9263,HBCD_Site5_Arkansas_UNC,92,C
9264,HBCD_Site5_Arkansas_UNC,92,C
9265,HBCD_Site5_Arkansas_UNC,92,C
9266,HBCD_Site5_Arkansas_UNC,92,C
9267,HBCD_Site5_Arkansas_UNC,92,C
9268,HBCD_Site5_Arkansas_UNC,92,S
9269,HBCD_Site5_Arkansas_UNC,92,S
9270,HBCD_Site5_Arkansas_UNC,92,S
9271,HBCD_Site5_Arkansas_UNC,92,S
9272,HBCD_Site5_Arkansas_UNC,92,S
9273,HBCD_Site5_Arkansas_UNC,92,S
9274,HBCD_Site5_Arkansas_UNC,92,S
9275,HBCD_Site5_Arkansas_UNC,92,S
9276,HBCD_Site5_Arkansas_UNC,92,S
9277,HBCD_Site5_Arkansas_UNC,92,S
9278,HBCD_Site5_Arkansas_UNC,92,S
9279,HBCD_Site5_Arkansas_UNC,92,S
9280,HBCD_Site5_Arkansas_UNC,92,A
9281,HBCD_Site5_Arkansas_UNC,92,A
9282,HBCD_Site5_Arkansas_UNC,92,A
9283,HBCD_Site5_Arkansas_UNC,92,A
9284,HBCD_Site5_Arkansas_UNC,92,A
9285,HBCD_Site5_Arkansas_UNC,92,A
9286,HBCD_Site5_Arkansas_UNC,92,A
9287,HBCD_Site5_Arkansas_UNC,92,A
9288,HBCD_Site5_Arkansas_UNC,92,C
9289,HBCD_Site5_Arkansas_UNC,92,C
9290,HBCD_Site5_Arkansas_UNC,92,C
9291,HBCD_Site5_Arkansas_UNC,92,C
9292,HBCD_Site5_Arkansas_UNC,92,C
9293,HBCD_Site5_Arkansas_UNC,92,C
9294,HBCD_Site5_Arkansas_UNC,92,C
9295,HBCD_Site5_Arkansas_UNC,92,C
9296,HBCD_Site5_Arkansas_UNC,92,C
9297,HBCD_Site5_Arkansas_UNC,92,C
9298,HBCD_Site5_Arkansas_UNC,92,C
9299,HBCD_Site5_Arkansas_UNC,92,C
9300,HBCD_Site5_Arkansas_UNC,93,S
9301,HBCD_Site5_Arkansas_UNC,93,S
9302,HBCD_Site5_Arkansas_UNC,93,S
9303,HBCD_Site5_Arkansas_UNC,93,S
9304,HBCD_Site5_Arkansas_UNC,93,S
9305,HBCD_Site5_Arkansas_UNC,93,S
9306,HBCD_Site5_Arkansas_UNC,93,S
9307,HBCD_Site5_Arkansas_UNC,93,S
9308,HBCD_Site6_Cincinnati,93,A
9309,HBCD_Site6_Cincinnati,93,A
9310,HBCD_Site6_Cincinnati,93,A
9311,HBCD_Site6_Cincinnati,93,A
9312,HBCD_Site6_Cincinnati,93,A
9313,HBCD_Site6_Cincinnati,93,A
9314,HBCD_Site6_Cincinnati,93,A
9315,HBCD_Site6_Cincinnati,93,A
9316,HBCD_Site6_Cincinnati,93,S
9317,HBCD_Site6_Cincinnati,93,S
9318,HBCD_Site6_Cincinnati,93,S
9319,HBCD_Site6_Cincinnati,93,U
9320,HBCD_Site6_Cincinnati,93,S
9321,HBCD_Site6_Cincinnati,93,S
9322,HBCD_Site6_Cincinnati,93,S
9323,HBCD_Site6_Cincinnati,93,S
9324,HBCD_Site6_Cincinnati,93,A
9325,HBCD_Site6_Cincinnati,93,A
9326,HBCD_Site6_Cincinnati,93,A
9327,HBCD_Site6_Cincinnati,93,A
9328,HBCD_Site6_Cincinnati,93,C
9329,HBCD_Site6_Cincinnati,93,C
9330,HBCD_Site6_Cincinnati,93,C
9331,HBCD_Site6_Cincinnati,93,C
9332,HBCD_Site6_Cincinnati,93,S
9333,HBCD_Site6_Cincinnati,93,S
9334,HBCD_Site6_Cincinnati,93,S
9335,HBCD_Site6_Cincinnati,93,S
9336,HBCD_Site6_Cincinnati,93,C
9337,HBCD_Site6_Cincinnati,93,C
9338,HBCD_Site6_Cincinnati,93,C
9339,HBCD_Site6_Cincinnati,93,C
9340,HBCD_Site6_Cincinnati,93,S
9341,HBCD_Site6_Cincinnati,93,S
9342,HBCD_Site6_Cincinnati,93,S
9343,HBCD_Site6_Cincinnati,93,S
9344,HBCD_Site6_Cincinnati,93,S
9345,HBCD_Site6_Cincinnati,93,S
9346,HBCD_Site6_Cincinnati,93,S
9347,HBCD_Site6_Cincinnati,93,S
9348,HBCD_Site6_Cincinnati,93,A
9349,HBCD_Site6_Cincinnati,93,A
9350,HBCD_Site6_Cincinnati,93,A
9351,HBCD_Site6_Cincinnati,93,A
9352,HBCD_Site6_Cincinnati,93,C
9353,HBCD_Site6_Cincinnati,93,C
9354,HBCD_Site6_Cincinnati,93,C
9355,HBCD_Site6_Cincinnati,93,C
9356,HBCD_Site6_Cincinnati,93,S
9357,HBCD_Site6_Cincinnati,93,S
9358,HBCD_Site6_Cincinnati,93,S
9359,HBCD_Site6_Cincinnati,93,S
9360,HBCD_Site6_Cincinnati,93,S
9361,HBCD_Site6_Cincinnati,93,S
9362,HBCD_Site6_Cincinnati,93,S
9363,HBCD_Site6_Cincinnati,93,S
9364,HBCD_Site6_Cincinnati,93,A
9365,HBCD_Site6_Cincinnati,93,A
9366,HBCD_Site6_Cincinnati,93,A
9367,HBCD_Site6_Cincinnati,93,A
9368,HBCD_Site6_Cincinnati,93,S
9369,HBCD_Site6_Cincinnati,93,S
9370,HBCD_Site6_Cincinnati,93,S
9371,HBCD_Site6_Cincinnati,93,S
9372,HBCD_Site6_Cincinnati,93,C
9373,HBCD_Site6_Cincinnati,93,C
9374,HBCD_Site6_Cincinnati,93,C
9375,HBCD_Site6_Cincinnati,93,C
9376,HBCD_Site6_Cincinnati,93,A
9377,HBCD_Site6_Cincinnati,93,A
9378,HBCD_Site6_Cincinnati,93,A
9379,HBCD_Site6_Cincinnati,93,A
9380,HBCD_Site6_Cincinnati,93,C
9381,HBCD_Site6_Cincinnati,93,C
9382,HBCD_Site6_Cincinnati,93,C
9383,HBCD_Site6_Cincinnati,93,C
9384,HBCD_Site6_Cincinnati,93,S
9385,HBCD_Site6_Cincinnati,93,S
9386,HBCD_Site6_Cincinnati,93,S
9387,HBCD_Site6_Cincinnati,93,S
9388,HBCD_Site6_Cincinnati,93,C
9389,HBCD_Site6_Cincinnati,93,C
9390,HBCD_Site6_Cincinnati,93,C
9391,HBCD_Site6_Cincinnati,93,C
9392,HBCD_Site6_Cincinnati,93,A
9393,HBCD_Site6_Cincinnati,93,A
9394,HBCD_Site6_Cincinnati,93,A
9395,HBCD_Site6_Cincinnati,93,A
9396,HBCD_Site6_Cincinnati,93,A
9397,HBCD_Site6_Cincinnati,93,A
9398,HBCD_Site6_Cincinnati,93,A
9399,HBCD_Site6_Cincinnati,93,A
9400,HBCD_Site6_Cincinnati,94,A
9401,HBCD_Site6_Cincinnati,94,A
9402,HBCD_Site6_Cincinnati,94,A
9403,HBCD_Site6_Cincinnati,94,A
9404,HBCD_Site6_Cincinnati,94,C
9405,HBCD_Site6_Cincinnati,94,C
9406,HBCD_Site6_Cincinnati,94,C
9407,HBCD_Site6_Cincinnati,94,C
9408,HBCD_Site6_Cincinnati,94,S
9409,HBCD_Site6_Cincinnati,94,S
9410,HBCD_Site6_Cincinnati,94,S
9411,HBCD_Site6_Cincinnati,94,S
9412,HBCD_Site5_Arkansas_UNC,94U
9413,HBCD_Site5_Arkansas_UNC,94,A
9414,HBCD_Site5_Arkansas_UNC,94,A
9415,HBCD_Site5_Arkansas_UNC,94,A
9416,HBCD_Site5_Arkansas_UNC,94,U
9417,HBCD_Site5_Arkansas_UNC,94,U
9418,HBCD_Site5_Arkansas_UNC,94,S
9419,HBCD_Site5_Arkansas_UNC,94,S
9420,HBCD_Site5_Arkansas_UNC,94,C
9421,HBCD_Site5_Arkansas_UNC,94,C
9422,HBCD_Site5_Arkansas_UNC,94,C
9423,HBCD_Site5_Arkansas_UNC,94,C
9424,HBCD_Site5_Arkansas_UNC,94,C
9425,HBCD_Site5_Arkansas_UNC,94,C
9426,HBCD_Site5_Arkansas_UNC,94,C
9427,HBCD_Site5_Arkansas_UNC,94,C
9428,HBCD_Site5_Arkansas_UNC,94,S
9429,HBCD_Site5_Arkansas_UNC,94,S
9430,HBCD_Site5_Arkansas_UNC,94,S
9431,HBCD_Site5_Arkansas_UNC,94,S
9432,HBCD_Site5_Arkansas_UNC,94,C
9433,HBCD_Site5_Arkansas_UNC,94,C
9434,HBCD_Site5_Arkansas_UNC,94,C
9435,HBCD_Site5_Arkansas_UNC,94,C
9436,HBCD_Site5_Arkansas_UNC,94,S
9437,HBCD_Site5_Arkansas_UNC,94,S
9438,HBCD_Site5_Arkansas_UNC,94,S
9439,HBCD_Site5_Arkansas_UNC,94,S
9440,HBCD_Site5_Arkansas_UNC,94,C
9441,HBCD_Site5_Arkansas_UNC,94,C
9442,HBCD_Site5_Arkansas_UNC,94,C
9443,HBCD_Site5_Arkansas_UNC,94,C
9444,HBCD_Site5_Arkansas_UNC,94,C
9445,HBCD_Site5_Arkansas_UNC,94,C
9446,HBCD_Site5_Arkansas_UNC,94,C
9447,HBCD_Site5_Arkansas_UNC,94,C
9448,HBCD_Site5_Arkansas_UNC,94,S
9449,HBCD_Site5_Arkansas_UNC,94,S
9450,HBCD_Site5_Arkansas_UNC,94,S
9451,HBCD_Site5_Arkansas_UNC,94,C
9452,HBCD_Site5_Arkansas_UNC,94,C
9453,HBCD_Site5_Arkansas_UNC,94,C
9454,HBCD_Site5_Arkansas_UNC,94,C
9455,HBCD_Site5_Arkansas_UNC,94,A
9456,HBCD_Site5_Arkansas_UNC,94,A
9457,HBCD_Site5_Arkansas_UNC,94,A
9458,HBCD_Site5_Arkansas_UNC,94,A
9459,HBCD_Site5_Arkansas_UNC,94,A
9460,HBCD_Site5_Arkansas_UNC,94,A
9461,HBCD_Site5_Arkansas_UNC,94,A
9462,HBCD_Site5_Arkansas_UNC,94,A
9463,HBCD_Site5_Arkansas_UNC,94,C
9464,HBCD_Site5_Arkansas_UNC,94,C
9465,HBCD_Site5_Arkansas_UNC,94,C
9466,HBCD_Site5_Arkansas_UNC,94,C
9467,HBCD_Site5_Arkansas_UNC,94,S
9468,HBCD_Site5_Arkansas_UNC,94,S
9469,HBCD_Site5_Arkansas_UNC,94,S
9470,HBCD_Site5_Arkansas_UNC,94,S
9471,HBCD_Site5_Arkansas_UNC,94,S
9472,HBCD_Site5_Arkansas_UNC,94,S
9473,HBCD_Site5_Arkansas_UNC,94,S
9474,HBCD_Site5_Arkansas_UNC,94,S
9475,HBCD_Site5_Arkansas_UNC,94,C
9476,HBCD_Site5_Arkansas_UNC,94,C
9477,HBCD_Site5_Arkansas_UNC,94,C
9478,HBCD_Site5_Arkansas_UNC,94,C
9479,HBCD_Site5_Arkansas_UNC,94,C
9480,HBCD_Site5_Arkansas_UNC,94,S
9481,HBCD_Site5_Arkansas_UNC,94,S
9482,HBCD_Site5_Arkansas_UNC,94,S
9483,HBCD_Site5_Arkansas_UNC,94,S
9484,HBCD_Site5_Arkansas_UNC,94,S
9485,HBCD_Site5_Arkansas_UNC,94,S
9486,HBCD_Site5_Arkansas_UNC,94,S
9487,HBCD_Site5_Arkansas_UNC,94,S
9488,HBCD_Site5_Arkansas_UNC,94,S
9489,HBCD_Site5_Arkansas_UNC,94,S
9490,HBCD_Site5_Arkansas_UNC,94,S
9491,HBCD_Site5_Arkansas_UNC,94,S
9492,HBCD_Site5_Arkansas_UNC,94,A
9493,HBCD_Site5_Arkansas_UNC,94,A
9494,HBCD_Site5_Arkansas_UNC,94,A
9495,HBCD_Site5_Arkansas_UNC,94,A
9496,HBCD_Site5_Arkansas_UNC,94,C
9497,HBCD_Site5_Arkansas_UNC,94,C
9498,HBCD_Site5_Arkansas_UNC,94,C
9499,HBCD_Site5_Arkansas_UNC,94,C
9500,HBCD_Site5_Arkansas_UNC,95,A
9501,HBCD_Site5_Arkansas_UNC,95,A
9502,HBCD_Site5_Arkansas_UNC,95,A
9503,HBCD_Site5_Arkansas_UNC,95,A
9504,HBCD_Site5_Arkansas_UNC,95,S
9505,HBCD_Site5_Arkansas_UNC,95,S
9506,HBCD_Site5_Arkansas_UNC,95,S
9507,HBCD_Site5_Arkansas_UNC,95,S
9508,HBCD_Site6_Cincinnati,95,C
9509,HBCD_Site6_Cincinnati,95,C
9510,HBCD_Site6_Cincinnati,95,C
9511,HBCD_Site6_Cincinnati,95,C
9512,HBCD_Site6_Cincinnati,95,A
9513,HBCD_Site6_Cincinnati,95,A
9514,HBCD_Site6_Cincinnati,95,A
9515,HBCD_Site6_Cincinnati,95,A
9516,HBCD_Site6_Cincinnati,95,C
9517,HBCD_Site6_Cincinnati,95,C
9518,HBCD_Site6_Cincinnati,95,C
9519,HBCD_Site6_Cincinnati,95,C
9520,HBCD_Site6_Cincinnati,95,S
9521,HBCD_Site6_Cincinnati,95,S
9522,HBCD_Site6_Cincinnati,95,S
9523,HBCD_Site6_Cincinnati,95,S
9524,HBCD_Site6_Cincinnati,95,A
9525,HBCD_Site6_Cincinnati,95,A
9526,HBCD_Site6_Cincinnati,95,A
9527,HBCD_Site6_Cincinnati,95,A
9528,HBCD_Site6_Cincinnati,95,C
9529,HBCD_Site6_Cincinnati,95,C
9530,HBCD_Site6_Cincinnati,95,C
9531,HBCD_Site6_Cincinnati,95,C
9532,HBCD_Site6_Cincinnati,95,C
9533,HBCD_Site6_Cincinnati,95,C
9534,HBCD_Site6_Cincinnati,95,C
9535,HBCD_Site6_Cincinnati,95,C
9536,HBCD_Site6_Cincinnati,95,S
9537,HBCD_Site6_Cincinnati,95,S
9538,HBCD_Site6_Cincinnati,95,S
9539,HBCD_Site6_Cincinnati,95,S
9540,HBCD_Site6_Cincinnati,95,S
9541,HBCD_Site6_Cincinnati,95,S
9542,HBCD_Site6_Cincinnati,95,S
9543,HBCD_Site6_Cincinnati,95,S
9544,HBCD_Site6_Cincinnati,95,A
9545,HBCD_Site6_Cincinnati,95,A
9546,HBCD_Site6_Cincinnati,95,A
9547,HBCD_Site6_Cincinnati,95,A
9548,HBCD_Site6_Cincinnati,95,A
9549,HBCD_Site6_Cincinnati,95,A
9550,HBCD_Site6_Cincinnati,95,A
9551,HBCD_Site6_Cincinnati,95,A
9552,HBCD_Site6_Cincinnati,95,A
9553,HBCD_Site6_Cincinnati,95,A
9554,HBCD_Site6_Cincinnati,95,A
9555,HBCD_Site6_Cincinnati,95,A
9556,HBCD_Site6_Cincinnati,95,C
9557,HBCD_Site6_Cincinnati,95,C
9558,HBCD_Site6_Cincinnati,95,C
9559,HBCD_Site6_Cincinnati,95,C
9560,HBCD_Site6_Cincinnati,95,S
9561,HBCD_Site6_Cincinnati,95,S
9562,HBCD_Site6_Cincinnati,95,S
9563,HBCD_Site6_Cincinnati,95,S
9564,HBCD_Site6_Cincinnati,95,A
9565,HBCD_Site6_Cincinnati,95,A
9566,HBCD_Site6_Cincinnati,95,A
9567,HBCD_Site6_Cincinnati,95,A
9568,HBCD_Site6_Cincinnati,95,C
9569,HBCD_Site6_Cincinnati,95,C
9570,HBCD_Site6_Cincinnati,95,C
9571,HBCD_Site6_Cincinnati,95,C
9572,HBCD_Site6_Cincinnati,95,S
9573,HBCD_Site6_Cincinnati,95,S
9574,HBCD_Site6_Cincinnati,95,S
9575,HBCD_Site6_Cincinnati,95,S
9576,HBCD_Site6_Cincinnati,95,A
9577,HBCD_Site6_Cincinnati,95,A
9578,HBCD_Site6_Cincinnati,95,A
9579,HBCD_Site6_Cincinnati,95,A
9580,HBCD_Site6_Cincinnati,95,C
9581,HBCD_Site6_Cincinnati,95,C
9582,HBCD_Site6_Cincinnati,95,C
9583,HBCD_Site6_Cincinnati,95,C
9584,HBCD_Site6_Cincinnati,95,C
9585,HBCD_Site6_Cincinnati,95,C
9586,HBCD_Site6_Cincinnati,95,C
9587,HBCD_Site6_Cincinnati,95,C
9588,HBCD_Site6_Cincinnati,95,S
9589,HBCD_Site6_Cincinnati,95,S
9590,HBCD_Site6_Cincinnati,95,S
9591,HBCD_Site6_Cincinnati,95,S
9592,HBCD_Site6_Cincinnati,95,S
9593,HBCD_Site6_Cincinnati,95,S
9594,HBCD_Site6_Cincinnati,95,S
9595,HBCD_Site6_Cincinnati,95,S
9596,VGH_Unknown,95,A
9597,VGH_Unknown,95,A
9598,VGH_Unknown,95,A
9599,VGH_Unknown,95,A
9600,VGH_Unknown,96,A
9601,VGH_Unknown,96,A
9602,VGH_Unknown,96,A
9603,VGH_Unknown,96,A
9604,VGH_Unknown,96,A
9605,VGH_Unknown,96,A
9606,VGH_Unknown,96,A
9607,VGH_Unknown,96,A
9608,VGH_Unknown,96,C
9609,VGH_Unknown,96,C
9610,VGH_Unknown,96,C
9611,VGH_Unknown,96,C
9612,VGH_Unknown,96,S
9613,VGH_Unknown,96,S
9614,VGH_Unknown,96,S
9615,VGH_Unknown,96,S
9616,VGH_Unknown,96,C
9617,VGH_Unknown,96,C
9618,VGH_Unknown,96,C
9619,VGH_Unknown,96,C
9620,VGH_Unknown,96,S
9621,VGH_Unknown,96,S
9622,VGH_Unknown,96,S
9623,VGH_Unknown,96,S
9624,VGH_Unknown,96,C
9625,VGH_Unknown,96,C
9626,VGH_Unknown,96,C
9627,VGH_Unknown,96,C
9628,VGH_Unknown,96,A
9629,VGH_Unknown,96,A
9630,VGH_Unknown,96,A
9631,VGH_Unknown,96,A
9632,VGH_Unknown,96,S
9633,VGH_Unknown,96,S
9634,VGH_Unknown,96,S
9635,VGH_Unknown,96,S
9636,VGH_Unknown,96,S
9637,VGH_Unknown,96,S
9638,VGH_Unknown,96,S
9639,VGH_Unknown,96,S
9640,VGH_Unknown,96,S
9641,VGH_Unknown,96,S
9642,VGH_Unknown,96,S
9643,VGH_Unknown,96,S
9644,VGH_Unknown,96,A
9645,VGH_Unknown,96,A
9646,VGH_Unknown,96,U
9647,VGH_Unknown,96,U
9648,VGH_Unknown,96,C
9649,VGH_Unknown,96,C
9650,VGH_Unknown,96,C
9651,VGH_Unknown,96,C
9652,VGH_Unknown,96,U
9653,VGH_Unknown,96,U
9654,VGH_Unknown,96,U
9655,VGH_Unknown,96,U
9656,VGH_Unknown,96,A
9657,VGH_Unknown,96,A
9658,VGH_Unknown,96,A
9659,VGH_Unknown,96,A
9660,VGH_Unknown,96,U
9661,VGH_Unknown,96,U
9662,VGH_Unknown,96,U
9663,VGH_Unknown,96,U
9664,VGH_Unknown,96,C
9665,VGH_Unknown,96,C
9666,VGH_Unknown,96,C
9667,VGH_Unknown,96,C
9668,VGH_Unknown,96,U
9669,VGH_Unknown,96,U
9670,VGH_Unknown,96,U
9671,VGH_Unknown,96,U
9672,VGH_Unknown,96,S
9673,VGH_Unknown,96,S
9674,VGH_Unknown,96,S
9675,VGH_Unknown,96,S
9676,VGH_Unknown,96,U
9677,VGH_Unknown,96,U
9678,VGH_Unknown,96,U
9679,VGH_Unknown,96,U
9680,VGH_Unknown,96,C
9681,VGH_Unknown,96,C
9682,VGH_Unknown,96,C
9683,VGH_Unknown,96,C
9684,VGH_Unknown,96,C
9685,VGH_Unknown,96,C
9686,VGH_Unknown,96,C
9687,VGH_Unknown,96,C
9688,VGH_Unknown,96,C
9689,VGH_Unknown,96,C
9690,VGH_Unknown,96,C
9691,VGH_Unknown,96,C
9692,VGH_Unknown,96,S
9693,VGH_Unknown,96,S
9694,VGH_Unknown,96,S
9695,VGH_Unknown,96,S
9696,VGH_Unknown,96,C
9697,VGH_Unknown,96,C
9698,VGH_Unknown,96,C
9699,VGH_Unknown,96,C
9700,VGH_Unknown,97,C
9701,VGH_Unknown,97,C
9702,VGH_Unknown,97,C
9703,VGH_Unknown,97,C
9704,VGH_Unknown,97,S
9705,VGH_Unknown,97,S
9706,VGH_Unknown,97,S
9707,VGH_Unknown,97,S
9708,VGH_Unknown,97,C
9709,VGH_Unknown,97,C
9710,VGH_Unknown,97,C
9711,VGH_Unknown,97,C
9712,VGH_Unknown,97,A
9713,VGH_Unknown,97,A
9714,VGH_Unknown,97,A
9715,VGH_Unknown,97,A
9716,VGH_Unknown,97,A
9717,VGH_Unknown,97,A
9718,VGH_Unknown,97,A
9719,VGH_Unknown,97,A
9720,VGH_Unknown,97,C
9721,VGH_Unknown,97,C
9722,VGH_Unknown,97,C
9723,VGH_Unknown,97,C
9724,VGH_Unknown,97,S
9725,VGH_Unknown,97,S
9726,VGH_Unknown,97,S
9727,VGH_Unknown,97,S
9728,VGH_Unknown,97,S
9729,VGH_Unknown,97,S
9730,VGH_Unknown,97,S
9731,VGH_Unknown,97,S
9732,VGH_Unknown,97,C
9733,VGH_Unknown,97,C
9734,VGH_Unknown,97,C
9735,VGH_Unknown,97,C
9736,VGH_Unknown,97,C
9737,VGH_Unknown,97,C
9738,VGH_Unknown,97,C
9739,VGH_Unknown,97,C
9740,VGH_Unknown,97,S
9741,VGH_Unknown,97,S
9742,VGH_Unknown,97,S
9743,VGH_Unknown,97,S
9744,VGH_Unknown,97,A
9745,VGH_Unknown,97,A
9746,VGH_Unknown,97,A
9747,VGH_Unknown,97,A
9748,VGH_Unknown,97,S
9749,VGH_Unknown,97,S
9750,VGH_Unknown,97,S
9751,VGH_Unknown,97,S
9752,VGH_Unknown,97,C
9753,VGH_Unknown,97,C
9754,VGH_Unknown,97,C
9755,VGH_Unknown,97,C
9756,VGH_Unknown,97,A
9757,VGH_Unknown,97,A
9758,VGH_Unknown,97,A
9759,VGH_Unknown,97,A
9760,VGH_Unknown,97,A
9761,VGH_Unknown,97,A
9762,VGH_Unknown,97,A
9763,VGH_Unknown,97,A
9764,VGH_Unknown,97,A
9765,VGH_Unknown,97,A
9766,VGH_Unknown,97,A
9767,VGH_Unknown,97,A
9768,VGH_Unknown,97,C
9769,VGH_Unknown,97,C
9770,VGH_Unknown,97,C
9771,VGH_Unknown,97,C
9772,VGH_Unknown,97,C
9773,VGH_Unknown,97,C
9774,VGH_Unknown,97,C
9775,VGH_Unknown,97,C
9776,VGH_Unknown,97,C
9777,VGH_Unknown,97,C
9778,VGH_Unknown,97,C
9779,VGH_Unknown,97,C
9780,VGH_Unknown,97,C
9781,VGH_Unknown,97,C
9782,VGH_Unknown,97,C
9783,VGH_Unknown,97,C
9784,VGH_Unknown,97,A
9785,VGH_Unknown,97,A
9786,VGH_Unknown,97,A
9787,VGH_Unknown,97,A
9788,VGH_Unknown,97,C
9789,VGH_Unknown,97,C
9790,VGH_Unknown,97,C
9791,VGH_Unknown,97,C
9792,VGH_Unknown,97,S
9793,VGH_Unknown,97,S
9794,VGH_Unknown,97,S
9795,VGH_Unknown,97,S
9796,VGH_Unknown,97,S
9797,VGH_Unknown,97,S
9798,VGH_Unknown,97,S
9799,VGH_Unknown,97,S
9800,VGH_Unknown,98,C
9801,VGH_Unknown,98,C
9802,VGH_Unknown,98,C
9803,VGH_Unknown,98,C
9804,VGH_Unknown,98,C
9805,VGH_Unknown,98,C
9806,VGH_Unknown,98,C
9807,VGH_Unknown,98,C
9808,VGH_Unknown,98,S
9809,VGH_Unknown,98,S
9810,VGH_Unknown,98,S
9811,VGH_Unknown,98,S
9812,VGH_Unknown,98,S
9813,VGH_Unknown,98,S
9814,VGH_Unknown,98,S
9815,VGH_Unknown,98,S
9816,dHCP,98,A
9817,dHCP,98,A
9818,dHCP,98,A
9819,dHCP,98,A
9820,dHCP,98,A
9821,dHCP,98,A
9822,dHCP,98,A
9823,dHCP,98,A
9824,dHCP,98,U
9825,dHCP,98,U
9826,dHCP,98,U
9827,dHCP,98,U
9828,dHCP,98,U
9829,dHCP,98,U
9830,dHCP,98,U
9831,dHCP,98,U
9832,dHCP,98,U
9833,dHCP,98,U
9834,dHCP,98,U
9835,dHCP,98,U
9836,dHCP,98,S
9837,dHCP,98,S
9838,dHCP,98,S
9839,dHCP,98,S
9840,dHCP,98,S
9841,dHCP,98,S
9842,dHCP,98,S
9843,dHCP,98,S
9844,dHCP,98,A
9845,dHCP,98,A
9846,dHCP,98,A
9847,dHCP,98,A
9848,dHCP,98,U
9849,dHCP,98,S
9850,dHCP,98,S
9851,dHCP,98,S
9852,dHCP,98,C
9853,dHCP,98,C
9854,dHCP,98,C
9855,dHCP,98,C
9856,dHCP,98,C
9857,dHCP,98,C
9858,dHCP,98,C
9859,dHCP,98,C
9860,dHCP,98,C
9861,dHCP,98,C
9862,dHCP,98,C
9863,dHCP,98,C
9864,dHCP,98,A
9865,dHCP,98,A
9866,dHCP,98,A
9867,dHCP,98,A
9868,dHCP,98,A
9869,dHCP,98,A
9870,dHCP,98,A
9871,dHCP,98,A
9872,dHCP,98,A
9873,dHCP,98,A
9874,dHCP,98,U
9875,dHCP,98,U
9876,dHCP,98,C
9877,dHCP,98,C
9878,dHCP,98,C
9879,dHCP,98,C
9880,dHCP,98,S
9881,dHCP,98,S
9882,dHCP,98,S
9883,dHCP,98,S
9884,dHCP,98,S
9885,dHCP,98,S
9886,dHCP,98,S
9887,dHCP,98,S
9888,dHCP,98,S
9889,dHCP,98,S
9890,dHCP,98,S
9891,dHCP,98,S
9892,dHCP,98,A
9893,dHCP,98,A
9894,dHCP,98,A
9895,dHCP,98,U
9896,dHCP,98,S
9897,dHCP,98,S
9898,dHCP,98,S
9899,dHCP,98,S
9900,dHCP,99,U
9901,dHCP,99,U
9902,dHCP,99,C
9903,dHCP,99,C
9904,dHCP,99,S
9905,dHCP,99,S
9906,dHCP,99,S
9907,dHCP,99,S
9908,dHCP,99,S
9909,dHCP,99,S
9910,dHCP,99,S
9911,dHCP,99,S
9912,dHCP,99,A
9913,dHCP,99,A
9914,dHCP,99,A
9915,dHCP,99,A
9916,dHCP,99,A
9917,dHCP,99,A
9918,dHCP,99,U
9919,dHCP,99,U
9920,dHCP,99,S
9921,dHCP,99,S
9922,dHCP,99,S
9923,dHCP,99,U
9924,dHCP,99,U
9925,dHCP,99,C
9926,dHCP,99,C
9927,dHCP,99,C
9928,dHCP,99,S
9929,dHCP,99,S
9930,dHCP,99,S
9931,dHCP,99,S
9932,dHCP,99,S
9933,dHCP,99,S
9934,dHCP,99,S
9935,dHCP,99,S
9936,dHCP,99,A
9937,dHCP,99,A
9938,dHCP,99,A
9939,dHCP,99,A
9940,dHCP,99,S
9941,dHCP,99,S
9942,dHCP,99,S
9943,dHCP,99,S
9944,dHCP,99,S
9945,dHCP,99,S
9946,dHCP,99,S
9947,dHCP,99,S
9948,dHCP,99,C
9949,dHCP,99,C
9950,dHCP,99,C
9951,dHCP,99,U
9952,dHCP,99,S
9953,dHCP,99,S
9954,dHCP,99,S
9955,dHCP,99,S
9956,dHCP,99,C
9957,dHCP,99,C
9958,dHCP,99,C
9959,dHCP,99,C
9960,dHCP,99,U
9961,dHCP,99,U
9962,dHCP,99,U
9963,dHCP,99,U
9964,dHCP,99,A
9965,dHCP,99,A
9966,dHCP,99,A
9967,dHCP,99,U
9968,dHCP,99,S
9969,dHCP,99,S
9970,dHCP,99,S
9971,dHCP,99,U
9972,dHCP,99,A
9973,dHCP,99,A
9974,dHCP,99,A
9975,dHCP,99,A
9976,dHCP,99,C
9977,dHCP,99,C
9978,dHCP,99,C
9979,dHCP,99,C
9980,dHCP,99,A
9981,dHCP,99,A
9982,dHCP,99,A
9983,dHCP,99,A
9984,dHCP,99,S
9985,dHCP,99,S
9986,dHCP,99,S
9987,dHCP,99,S
9988,dHCP,99,A
9989,dHCP,99,A
9990,dHCP,99,A
9991,dHCP,99,A
9992,dHCP,99,S
9993,dHCP,99,S
9994,dHCP,99,S
9995,dHCP,99,S
9996,dHCP,99,C
9997,dHCP,99,C
9998,dHCP,99,C
9999,dHCP,99,C
10000,dHCP,100,C
10001,dHCP,100,C
10002,dHCP,100,C
10003,dHCP,100,C
10004,dHCP,100,C
10005,dHCP,100,C
10006,dHCP,100,C
10007,dHCP,100,C
10008,dHCP,100,S
10009,dHCP,100,S
10010,dHCP,100,S
10011,dHCP,100,S
10012,dHCP,100,S
10013,dHCP,100,S
10014,dHCP,100,S
10015,dHCP,100,S
10016,dHCP,100,S
10017,dHCP,100,S
10018,dHCP,100,S
10019,dHCP,100,S
10020,dHCP,100,C
10021,dHCP,100,C
10022,dHCP,100,C
10023,dHCP,100,C
10024,dHCP,100,A
10025,dHCP,100,A
10026,dHCP,100,A
10027,dHCP,100,A
10028,dHCP,100,C
10029,dHCP,100,C
10030,dHCP,100,C
10031,dHCP,100,C
10032,dHCP,100,U
10033,dHCP,100,U
10034,dHCP,100,U
10035,dHCP,100,U
10036,dHCP,100,S
10037,dHCP,100,S
10038,dHCP,100,S
10039,dHCP,100,U
10040,dHCP,100,S
10041,dHCP,100,S
10042,dHCP,100,S
10043,dHCP,100,U
10044,dHCP,100,S
10045,dHCP,100,S
10046,dHCP,100,U
10047,dHCP,100,S
10048,dHCP,100,S
10049,dHCP,100,S
10050,dHCP,100,S
10051,dHCP,100,S
10052,dHCP,100,S
10053,dHCP,100,S
10054,dHCP,100,S
10055,dHCP,100,S
10056,dHCP,100,S
10057,dHCP,100,S
10058,dHCP,100,S
10059,dHCP,100,U
10060,dHCP,100,A
10061,dHCP,100,A
10062,dHCP,100,A
10063,dHCP,100,U
10064,dHCP,100,S
10065,dHCP,100,S
10066,dHCP,100,S
10067,dHCP,100,U
10068,dHCP,100,S
10069,dHCP,100,S
10070,dHCP,100,S
10071,dHCP,100,S
10072,dHCP,100,S
10073,dHCP,100,S
10074,dHCP,100,S
10075,dHCP,100,S
10076,dHCP,100,S
10077,dHCP,100,S
10078,dHCP,100,S
10079,dHCP,100,S
10080,dHCP,100,A
10081,dHCP,100,A
10082,dHCP,100,A
10083,dHCP,100,A
10084,dHCP,100,A
10085,dHCP,100,A
10086,dHCP,100,A
10087,dHCP,100,A
10088,dHCP,100,C
10089,dHCP,100,C
10090,dHCP,100,C
10091,dHCP,100,C
10092,dHCP,100,S
10093,dHCP,100,S
10094,dHCP,100,S
10095,dHCP,100,S
10096,dHCP,100,C
10097,dHCP,100,C
10098,dHCP,100,C
10099,dHCP,100,C
10100,dHCP,101,S
10101,dHCP,101,S
10102,dHCP,101,S
10103,dHCP,101,S
10104,dHCP,101,A
10105,dHCP,101,A
10106,dHCP,101,A
10107,dHCP,101,A
10108,dHCP,101,C
10109,dHCP,101,C
10110,dHCP,101,C
10111,dHCP,101,U
10112,dHCP,101,S
10113,dHCP,101,S
10114,dHCP,101,S
10115,dHCP,101,U
10116,dHCP,101,C
10117,dHCP,101,C
10118,dHCP,101,C
10119,dHCP,101,C
10120,dHCP,101,S
10121,dHCP,101,S
10122,dHCP,101,S
10123,dHCP,101,S
10124,dHCP,101,S
10125,dHCP,101,U
10126,dHCP,101,C
10127,dHCP,101,C
10128,dHCP,101,C
10129,dHCP,101,C
10130,dHCP,101,S
10131,dHCP,101,S
10132,dHCP,101,S
10133,dHCP,101,S
10134,dHCP,101,S
10135,dHCP,101,S
10136,dHCP,101,U
10137,dHCP,101,S
10138,dHCP,101,A
10139,dHCP,101,A
10140,dHCP,101,A
10141,dHCP,101,U
10142,dHCP,101,A
10143,dHCP,101,A
10144,dHCP,101,A
10145,dHCP,101,A
10146,dHCP,101,S
10147,dHCP,101,S
10148,dHCP,101,S
10149,dHCP,101,S
10150,dHCP,101,C
10151,dHCP,101,C
10152,dHCP,101,C
10153,dHCP,101,C
10154,dHCP,101,U
10155,dHCP,101,C
10156,dHCP,101,C
10157,dHCP,101,C
10158,dHCP,101,C
10159,dHCP,101,C
10160,dHCP,101,S
10161,dHCP,101,S
10162,dHCP,101,S
10163,dHCP,101,S
10164,dHCP,101,S
10165,dHCP,101,S
10166,dHCP,101,S
10167,dHCP,101,S
10168,dHCP,101,S
10169,dHCP,101,S
10170,dHCP,101,S
10171,dHCP,101,S
10172,dHCP,101,S
10173,dHCP,101,S
10174,dHCP,101,S
10175,dHCP,101,S
10176,dHCP,101,A
10177,dHCP,101,A
10178,dHCP,101,A
10179,dHCP,101,A
10180,dHCP,101,A
10181,dHCP,101,A
10182,dHCP,101,A
10183,dHCP,101,A
10184,dHCP,101,S
10185,dHCP,101,S
10186,dHCP,101,S
10187,dHCP,101,S
10188,dHCP,101,S
10189,dHCP,101,S
10190,dHCP,101,S
10191,dHCP,101,S
10192,dHCP,101,S
10193,dHCP,101,S
10194,dHCP,101,S
10195,dHCP,101,S
10196,dHCP,101,C
10197,dHCP,101,C
10198,dHCP,101,C
10199,dHCP,101,C
10200,dHCP,102,C
10201,dHCP,102,C
10202,dHCP,102,C
10203,dHCP,102,C
10204,dHCP,102,C
10205,dHCP,102,C
10206,dHCP,102,C
10207,dHCP,102,C
10208,dHCP,102,C
10209,dHCP,102,C
10210,dHCP,102,C
10211,dHCP,102,C
10212,dHCP,102,A
10213,dHCP,102,A
10214,dHCP,102,A
10215,dHCP,102,A
10216,dHCP,102,A
10217,dHCP,102,A
10218,dHCP,102,A
10219,dHCP,102,A
10220,dHCP,102,S
10221,dHCP,102,S
10222,dHCP,102,S
10223,dHCP,102,S
10224,dHCP,102,S
10225,dHCP,102,S
10226,dHCP,102,S
10227,dHCP,102,S
10228,dHCP,102,A
10229,dHCP,102,A
10230,dHCP,102,A
10231,dHCP,102,A
10232,dHCP,102,S
10233,dHCP,102,S
10234,dHCP,102,S
10235,dHCP,102,S
10236,dHCP,102,S
10237,dHCP,102,S
10238,dHCP,102,S
10239,dHCP,102,S
10240,dHCP,102,C
10241,dHCP,102,C
10242,dHCP,102,C
10243,dHCP,102,C
10244,dHCP,102,S
10245,dHCP,102,S
10246,dHCP,102,S
10247,dHCP,102,S
10248,dHCP,102,S
10249,dHCP,102,S
10250,dHCP,102,S
10251,dHCP,102,S
10252,dHCP,102,A
10253,dHCP,102,A
10254,dHCP,102,A
10255,dHCP,102,A
10256,dHCP,102,S
10257,dHCP,102,S
10258,dHCP,102,S
10259,dHCP,102,S
10260,dHCP,102,C
10261,dHCP,102,C
10262,dHCP,102,C
10263,dHCP,102,C
10264,dHCP,102,C
10265,dHCP,102,C
10266,dHCP,102,C
10267,dHCP,102,C
10268,dHCP,102,S
10269,dHCP,102,S
10270,dHCP,102,S
10271,dHCP,102,S
10272,dHCP,102,S
10273,dHCP,102,S
10274,dHCP,102,S
10275,dHCP,102,A
10276,dHCP,102,A
10277,dHCP,102,A
10278,dHCP,102,A
10279,dHCP,102,A
10280,dHCP,102,S
10281,dHCP,102,S
10282,dHCP,102,S
10283,dHCP,102,S
10284,dHCP,102,C
10285,dHCP,102,C
10286,dHCP,102,C
10287,dHCP,102,C
10288,dHCP,102,C
10289,dHCP,102,C
10290,dHCP,102,C
10291,dHCP,102,C
10292,dHCP,102,C
10293,dHCP,102,C
10294,dHCP,102,C
10295,dHCP,102,C
10296,dHCP,102,S
10297,dHCP,102,S
10298,dHCP,102,S
10299,dHCP,102,S
10300,dHCP,103,A
10301,dHCP,103,A
10302,dHCP,103,A
10303,dHCP,103,A
10304,dHCP,103,S
10305,dHCP,103,S
10306,dHCP,103,S
10307,dHCP,103,S
10308,dHCP,103,S
10309,dHCP,103,S
10310,dHCP,103,S
10311,dHCP,103,S
10312,dHCP,103,C
10313,dHCP,103,C
10314,dHCP,103,C
10315,dHCP,103,C
10316,dHCP,103,S
10317,dHCP,103,S
10318,dHCP,103,S
10319,dHCP,103,S
10320,dHCP,103,A
10321,dHCP,103,A
10322,dHCP,103,A
10323,dHCP,103,A
10324,dHCP,103,S
10325,dHCP,103,S
10326,dHCP,103,S
10327,dHCP,103,S
10328,dHCP,103,S
10329,dHCP,103,S
10330,dHCP,103,S
10331,dHCP,103,S
10332,dHCP,103,C
10333,dHCP,103,C
10334,dHCP,103,U
10335,dHCP,103,C
10336,dHCP,103,C
10337,dHCP,103,C
10338,dHCP,103,C
10339,dHCP,103,C
10340,dHCP,103,C
10341,dHCP,103,C
10342,dHCP,103,C
10343,dHCP,103,C
10344,dHCP,103,C
10345,dHCP,103,C
10346,dHCP,103,C
10347,dHCP,103,C
10348,dHCP,103,C
10349,dHCP,103,C
10350,dHCP,103,C
10351,dHCP,103,C
10352,dHCP,103,S
10353,dHCP,103,S
10354,dHCP,103,S
10355,dHCP,103,S
10356,dHCP,103,C
10357,dHCP,103,C
10358,dHCP,103,C
10359,dHCP,103,C
10360,dHCP,103,C
10361,dHCP,103,C
10362,dHCP,103,C
10363,dHCP,103,C
10364,dHCP,103,S
10365,dHCP,103,S
10366,dHCP,103,S
10367,dHCP,103,S
10368,dHCP,103,C
10369,dHCP,103,C
10370,dHCP,103,C
10371,dHCP,103,C
10372,dHCP,103,S
10373,dHCP,103,S
10374,dHCP,103,S
10375,dHCP,103,S
10376,dHCP,103,S
10377,dHCP,103,S
10378,dHCP,103,S
10379,dHCP,103,S
10380,dHCP,103,C
10381,dHCP,103,C
10382,dHCP,103,C
10383,dHCP,103,C
10384,dHCP,103,S
10385,dHCP,103,S
10386,dHCP,103,S
10387,dHCP,103,S
10388,dHCP,103,C
10389,dHCP,103,C
10390,dHCP,103,C
10391,dHCP,103,C
10392,dHCP,103,S
10393,dHCP,103,S
10394,dHCP,103,S
10395,dHCP,103,S
10396,dHCP,103,A
10397,dHCP,103,A
10398,dHCP,103,A
10399,dHCP,103,A
10400,dHCP,104,S
10401,dHCP,104,S
10402,dHCP,104,S
10403,dHCP,104,S
10404,dHCP,104CS
10405,dHCP,104,C
10406,dHCP,104,C
10407,dHCP,104,C
10408,dHCP,104,S
10409,dHCP,104,S
10410,dHCP,104,S
10411,dHCP,104,S
10412,dHCP,104,C
10413,dHCP,104,C
10414,dHCP,104,C
10415,dHCP,104,C
10416,dHCP,104,C
10417,dHCP,104,C
10418,dHCP,104,C
10419,dHCP,104,C
10420,dHCP,104,S
10421,dHCP,104,S
10422,dHCP,104,S
10423,dHCP,104,S
10424,dHCP,104,S
10425,dHCP,104,S
10426,dHCP,104,S
10427,dHCP,104,S
10428,dHCP,104,S
10429,dHCP,104,S
10430,dHCP,104,S
10431,dHCP,104,U
10432,dHCP,104,U
10433,dHCP,104,S
10434,dHCP,104,S
10435,dHCP,104,S
10436,dHCP,104,C
10437,dHCP,104,C
10438,dHCP,104,C
10439,dHCP,104,C
10440,dHCP,104,C
10441,dHCP,104,C
10442,dHCP,104,C
10443,dHCP,104,C
10444,dHCP,104,C
10445,dHCP,104,C
10446,dHCP,104,C
10447,dHCP,104,C
10448,dHCP,104,C
10449,dHCP,104,C
10450,dHCP,104,C
10451,dHCP,104,C
10452,dHCP,104,S
10453,dHCP,104,S
10454,dHCP,104,S
10455,dHCP,104,S
10456,dHCP,104,C
10457,dHCP,104,C
10458,dHCP,104,U
10459,dHCP,104,C
10460,dHCP,104,S
10461,dHCP,104,S
10462,dHCP,104,U
10463,dHCP,104,S
10464,dHCP,104,S
10465,dHCP,104,S
10466,dHCP,104,A
10467,dHCP,104,A
10468,dHCP,104,A
10469,dHCP,104,A
10470,dHCP,104,A
10471,dHCP,104,A
10472,dHCP,104,A
10473,dHCP,104,A
10474,dHCP,104,A
10475,dHCP,104,A
10476,dHCP,104,S
10477,dHCP,104,S
10478,dHCP,104,S
10479,dHCP,104,S
10480,dHCP,104,S
10481,dHCP,104,S
10482,dHCP,104,S
10483,dHCP,104,S
10484,dHCP,104,S
10485,dHCP,104,S
10486,dHCP,104,S
10487,dHCP,104,S
10488,dHCP,104,S
10489,dHCP,104,S
10490,dHCP,104,S
10491,dHCP,104,S
10492,dHCP,104,C
10493,dHCP,104,C
10494,dHCP,104,C
10495,dHCP,104,C
10496,dHCP,104,S
10497,dHCP,104,S
10498,dHCP,104,S
10499,dHCP,104,S
10500,dHCP,105,S
10501,dHCP,105,S
10502,dHCP,105,S
10503,dHCP,105,S
10504,dHCP,105,S
10505,dHCP,105,S
10506,dHCP,105,S
10507,dHCP,105,S
10508,dHCP,105,S
10509,dHCP,105,S
10510,dHCP,105,S
10511,dHCP,105,S
10512,dHCP,105,S
10513,dHCP,105,S
10514,dHCP,105,S
10515,dHCP,105,S
10516,dHCP,105,A
10517,dHCP,105,A
10518,dHCP,105,A
10519,dHCP,105,A
10520,dHCP,105,S
10521,dHCP,105,S
10522,dHCP,105,S
10523,dHCP,105,S
10524,dHCP,105,S
10525,dHCP,105,S
10526,dHCP,105,S
10527,dHCP,105,S
10528,dHCP,105,S
10529,dHCP,105,S
10530,dHCP,105,S
10531,dHCP,105,S
10532,dHCP,105,S
10533,dHCP,105,S
10534,dHCP,105,S
10535,dHCP,105,S
10536,dHCP,105,S
10537,dHCP,105,S
10538,dHCP,105,S
10539,dHCP,105,S
10540,dHCP,105,S
10541,dHCP,105,S
10542,dHCP,105,S
10543,dHCP,105,S
10544,dHCP,105,S
10545,dHCP,105,S
10546,dHCP,105,S
10547,dHCP,105,S
10548,dHCP,105,S
10549,dHCP,105,S
10550,dHCP,105,S
10551,dHCP,105,S
10552,dHCP,105,S
10553,dHCP,105,S
10554,dHCP,105,S
10555,dHCP,105,S
10556,dHCP,105,C
10557,dHCP,105,C
10558,dHCP,105,C
10559,dHCP,105,C
10560,dHCP,105,A
10561,dHCP,105,A
10562,dHCP,105,A
10563,dHCP,105,A
10564,dHCP,105,A
10565,dHCP,105,A
10566,dHCP,105,A
10567,dHCP,105,A
10568,dHCP,105,S
10569,dHCP,105,S
10570,dHCP,105,S
10571,dHCP,105,S
10572,dHCP,105,C
10573,dHCP,105,C
10574,dHCP,105,C
10575,dHCP,105,C
10576,dHCP,105,S
10577,dHCP,105,S
10578,dHCP,105,S
10579,dHCP,105,S
10580,dHCP,105,S
10581,dHCP,105,S
10582,dHCP,105,S
10583,dHCP,105,S
10584,dHCP,105,U
10585,dHCP,105,A
10586,dHCP,105,A
10587,dHCP,105,A
10588,dHCP,105,A
10589,dHCP,105,A
10590,dHCP,105,A
10591,dHCP,105,A
10592,dHCP,105,S
10593,dHCP,105,S
10594,dHCP,105,S
10595,dHCP,105,S
10596,dHCP,105,S
10597,dHCP,105,S
10598,dHCP,105,S
10599,dHCP,105,S
10600,dHCP,106,C
10601,dHCP,106,C
10602,dHCP,106,C
10603,dHCP,106,C
10604,dHCP,106,U
10605,dHCP,106,U
10606,dHCP,106,U
10607,dHCP,106,U
10608,dHCP,106,S
10609,dHCP,106,S
10610,dHCP,106,S
10611,dHCP,106,S
10612,dHCP,106,U
10613,dHCP,106,C
10614,dHCP,106,C
10615,dHCP,106,C
10616,dHCP,106,A
10617,dHCP,106,A
10618,dHCP,106,A
10619,dHCP,106,A
10620,dHCP,106,C
10621,dHCP,106,C
10622,dHCP,106,C
10623,dHCP,106,C
10624,dHCP,106,S
10625,dHCP,106,S
10626,dHCP,106,S
10627,dHCP,106,S
10628,dHCP,106,S
10629,dHCP,106,S
10630,dHCP,106,S
10631,dHCP,106,S
10632,dHCP,106,C
10633,dHCP,106,C
10634,dHCP,106,C
10635,dHCP,106,U
10636,dHCP,106,U
10637,dHCP,106,U
10638,dHCP,106,C
10639,dHCP,106,C
10640,dHCP,106,U
10641,dHCP,106,A
10642,dHCP,106,A
10643,dHCP,106,A
10644,dHCP,106,A
10645,dHCP,106,A
10646,dHCP,106,A
10647,dHCP,106,A
10648,dHCP,106,S
10649,dHCP,106,S
10650,dHCP,106,S
10651,dHCP,106,S
10652,dHCP,106,C
10653,dHCP,106,C
10654,dHCP,106,U
10655,dHCP,106,C
10656,dHCP,106,S
10657,dHCP,106,S
10658,dHCP,106,U
10659,dHCP,106,S
10660,dHCP,106,C
10661,dHCP,106,C
10662,dHCP,106,C
10663,dHCP,106,C
10664,dHCP,106,C
10665,dHCP,106,C
10666,dHCP,106,S
10667,dHCP,106,S
10668,dHCP,106,S
10669,dHCP,106,S
10670,dHCP,106,S
10671,dHCP,106,S
10672,dHCP,106,S
10673,dHCP,106,S
10674,dHCP,106,S
10675,dHCP,106,S
10676,dHCP,106,S
10677,dHCP,106,S
10678,dHCP,106,S
10679,dHCP,106,S
10680,dHCP,106,S
10681,dHCP,106,S
10682,dHCP,106,C
10683,dHCP,106,C
10684,dHCP,106,C
10685,dHCP,106,C
10686,dHCP,106,S
10687,dHCP,106,S
10688,dHCP,106,S
10689,dHCP,106,S
10690,dHCP,106,S
10691,dHCP,106,S
10692,dHCP,106,A
10693,dHCP,106,A
10694,dHCP,106,A
10695,dHCP,106,A
10696,dHCP,106,A
10697,dHCP,106,A
10698,dHCP,106,A
10699,dHCP,106,A
10700,dHCP,107,S
10701,dHCP,107,S
10702,dHCP,107,S
10703,dHCP,107,S
10704,dHCP,107,C
10705,dHCP,107,C
10706,dHCP,107,C
10707,dHCP,107,C
10708,dHCP,107,A
10709,dHCP,107,A
10710,dHCP,107,A
10711,dHCP,107,A
10712,dHCP,107,A
10713,dHCP,107,A
10714,dHCP,107,A
10715,dHCP,107,A
10716,dHCP,107,S
10717,dHCP,107,S
10718,dHCP,107,S
10719,dHCP,107,S
10720,dHCP,107,C
10721,dHCP,107,C
10722,dHCP,107,C
10723,dHCP,107,C
10724,dHCP,107,S
10725,dHCP,107,S
10726,dHCP,107,S
10727,dHCP,107,S
10728,dHCP,107,C
10729,dHCP,107,C
10730,dHCP,107,C
10731,dHCP,107,C
10732,dHCP,107,U
10733,dHCP,107,A
10734,dHCP,107,A
10735,dHCP,107,A
10736,dHCP,107,A
10737,dHCP,107,A
10738,dHCP,107,A
10739,dHCP,107,A
10740,dHCP,107,S
10741,dHCP,107,S
10742,dHCP,107,S
10743,dHCP,107,S
10744,dHCP,107,C
10745,dHCP,107,C
10746,dHCP,107,C
10747,dHCP,107,C
10748,dHCP,107,C
10749,dHCP,107,C
10750,dHCP,107,C
10751,dHCP,107,C
10752,dHCP,107,C
10753,dHCP,107,C
10754,dHCP,107,S
10755,dHCP,107,S
10756,dHCP,107,S
10757,dHCP,107,S
10758,dHCP,107,S
10759,dHCP,107,S
10760,dHCP,107,S
10761,dHCP,107,S
10762,dHCP,107,A
10763,dHCP,107,A
10764,dHCP,107,A
10765,dHCP,107,A
10766,dHCP,107,S
10767,dHCP,107,S
10768,dHCP,107,S
10769,dHCP,107,S
10770,dHCP,107,S
10771,dHCP,107,S
10772,dHCP,107,S
10773,dHCP,107,S
10774,dHCP,107,S
10775,dHCP,107,S
10776,dHCP,107,S
10777,dHCP,107,S
10778,dHCP,107,C
10779,dHCP,107,C
10780,dHCP,107,C
10781,dHCP,107,C
10782,dHCP,107,U
10783,dHCP,107,U
10784,dHCP,107,S
10785,dHCP,107,S
10786,dHCP,107,S
10787,dHCP,107,S
10788,dHCP,107,U
10789,dHCP,107,U
10790,dHCP,107,U
10791,dHCP,107,U
10792,dHCP,107,C
10793,dHCP,107,C
10794,dHCP,107,C
10795,dHCP,107,C
10796,dHCP,107,C
10797,dHCP,107,C
10798,dHCP,107,C
10799,dHCP,107,C
10800,dHCP,108,
10801,dHCP,108,
10802,dHCP,108,
10803,dHCP,108,
10804,dHCP,108,
10805,dHCP,108,
10806,dHCP,108,
10807,dHCP,108,
10808,dHCP,108,
10809,dHCP,108,
10810,dHCP,108,
10811,dHCP,108,
10812,dHCP,108,
10813,dHCP,108,
10814,dHCP,108,
10815,dHCP,108,
10816,dHCP,108,
10817,dHCP,108,
10818,dHCP,108,
10819,dHCP,108,
10820,dHCP,108,
10821,dHCP,108,
10822,dHCP,108,
10823,dHCP,108,
10824,dHCP,108,
10825,dHCP,108,
10826,dHCP,108,
10827,dHCP,108,
10828,dHCP,108,
10829,dHCP,108,
10830,dHCP,108,
10831,dHCP,108,
10832,dHCP,108,
10833,dHCP,108,
10834,dHCP,108,
10835,dHCP,108,
10836,dHCP,108,
10837,dHCP,108,
10838,dHCP,108,
10839,dHCP,108,
10840,dHCP,108,
10841,dHCP,108,
10842,dHCP,108,
10843,dHCP,108,
10844,dHCP,108,
10845,dHCP,108,
10846,dHCP,108,
10847,dHCP,108,
10848,dHCP,108,
10849,dHCP,108,
10850,dHCP,108,
10851,dHCP,108,
10852,dHCP,108,
10853,dHCP,108,
10854,dHCP,108,
10855,dHCP,108,
10856,dHCP,108,
10857,dHCP,108,
10858,dHCP,108,
10859,dHCP,108,
10860,dHCP,108,
10861,dHCP,108,
10862,dHCP,108,
10863,dHCP,108,
10864,dHCP,108,
10865,dHCP,108,
10866,dHCP,108,
10867,dHCP,108,
10868,dHCP,108,
10869,dHCP,108,
10870,dHCP,108,
10871,dHCP,108,
10872,dHCP,108,
10873,dHCP,108,
10874,dHCP,108,
10875,dHCP,108,
10876,dHCP,108,
10877,dHCP,108,
10878,dHCP,108,
10879,dHCP,108,
10880,dHCP,108,
10881,dHCP,108,
10882,dHCP,108,
10883,dHCP,108,
10884,dHCP,108,
10885,dHCP,108,
10886,dHCP,108,
10887,dHCP,108,
10888,dHCP,108,
10889,dHCP,108,
10890,dHCP,108,
10891,dHCP,108,
10892,dHCP,108,
10893,dHCP,108,
10894,dHCP,108,
10895,dHCP,108,
10896,dHCP,108,
10897,dHCP,108,
10898,dHCP,108,
10899,dHCP,108,
10900,dHCP,109,A
10901,dHCP,109,A
10902,dHCP,109,A
10903,dHCP,109,A
10904,dHCP,109,A
10905,dHCP,109,A
10906,dHCP,109,A
10907,dHCP,109,A
10908,dHCP,109,S
10909,dHCP,109,S
10910,dHCP,109,S
10911,dHCP,109,S
10912,dHCP,109,S
10913,dHCP,109,S
10914,dHCP,109,S
10915,dHCP,109,S
10916,dHCP,109,S
10917,dHCP,109,U
10918,dHCP,109,S
10919,dHCP,109,S
10920,dHCP,109,C
10921,dHCP,109,C
10922,dHCP,109,C
10923,dHCP,109,C
10924,dHCP,109,A
10925,dHCP,109,A
10926,dHCP,109,A
10927,dHCP,109,A
10928,dHCP,109,A
10929,dHCP,109,A
10930,dHCP,109,A
10931,dHCP,109,S
10932,dHCP,109,S
10933,dHCP,109,S
10934,dHCP,109,S
10935,dHCP,109,S
10936,dHCP,109,C
10937,dHCP,109,C
10938,dHCP,109,C
10939,dHCP,109,C
10940,dHCP,109,S
10941,dHCP,109,S
10942,dHCP,109,S
10943,dHCP,109,S
10944,dHCP,109,S
10945,dHCP,109,S
10946,dHCP,109,S
10947,dHCP,109,S
10948,dHCP,109,C
10949,dHCP,109,C
10950,dHCP,109,C
10951,dHCP,109,C
10952,dHCP,109,A
10953,dHCP,109,A
10954,dHCP,109,U
10955,dHCP,109,A
10956,dHCP,109,C
10957,dHCP,109,C
10958,dHCP,109,C
10959,dHCP,109,C
10960,dHCP,109,S
10961,dHCP,109,S
10962,dHCP,109,S
10963,dHCP,109,S
10964,dHCP,109,S
10965,dHCP,109,S
10966,dHCP,109,S
10967,dHCP,109,S
10968,dHCP,109,C
10969,dHCP,109,C
10970,dHCP,109,C
10971,dHCP,109,C
10972,dHCP,109,S
10973,dHCP,109,S
10974,dHCP,109,S
10975,dHCP,109,S
10976,dHCP,109,S
10977,dHCP,109,S
10978,dHCP,109,S
10979,dHCP,109,S
10980,dHCP,109,A
10981,dHCP,109,A
10982,dHCP,109,A
10983,dHCP,109,A
10984,dHCP,109,U
10985,dHCP,109,S
10986,dHCP,109,S
10987,dHCP,109,S
10988,dHCP,109,S
10989,dHCP,109,S
10990,dHCP,109,S
10991,dHCP,109,S
10992,dHCP,109,S
10993,dHCP,109,U
10994,dHCP,109,S
10995,dHCP,109,S
10996,dHCP,109,A
10997,dHCP,109,A
10998,dHCP,109,A
10999,dHCP,109,A
11000,dHCP,110,
11001,dHCP,110,
11002,dHCP,110,
11003,dHCP,110,
11004,dHCP,110,
11005,dHCP,110,
11006,dHCP,110,
11007,dHCP,110,
11008,dHCP,110,
11009,dHCP,110,
11010,dHCP,110,
11011,dHCP,110,
11012,dHCP,110,
11013,dHCP,110,
11014,dHCP,110,
11015,dHCP,110,
11016,dHCP,110,
11017,dHCP,110,
11018,dHCP,110,
11019,dHCP,110,
11020,dHCP,110,
11021,dHCP,110,
11022,dHCP,110,
11023,dHCP,110,
11024,dHCP,110,
11025,dHCP,110,
11026,dHCP,110,
11027,dHCP,110,
11028,dHCP,110,
11029,dHCP,110,
11030,dHCP,110,
11031,dHCP,110,
11032,dHCP,110,
11033,dHCP,110,
11034,dHCP,110,
11035,dHCP,110,
11036,dHCP,110,
11037,dHCP,110,
11038,dHCP,110,
11039,dHCP,110,
11040,dHCP,110,
11041,dHCP,110,
11042,dHCP,110,
11043,dHCP,110,
11044,dHCP,110,
11045,dHCP,110,
11046,dHCP,110,
11047,dHCP,110,
11048,dHCP,110,
11049,dHCP,110,
11050,dHCP,110,
11051,dHCP,110,
11052,dHCP,110,
11053,dHCP,110,
11054,dHCP,110,
11055,dHCP,110,
11056,dHCP,110,
11057,dHCP,110,
11058,dHCP,110,
11059,dHCP,110,
11060,dHCP,110,
11061,dHCP,110,
11062,dHCP,110,
11063,dHCP,110,
11064,dHCP,110,
11065,dHCP,110,
11066,dHCP,110,
11067,dHCP,110,
11068,dHCP,110,
11069,dHCP,110,
11070,dHCP,110,
11071,dHCP,110,
11072,dHCP,110,
11073,dHCP,110,
11074,dHCP,110,
11075,dHCP,110,
11076,dHCP,110,
11077,dHCP,110,
11078,dHCP,110,
11079,dHCP,110,
11080,dHCP,110,
11081,dHCP,110,
11082,dHCP,110,
11083,dHCP,110,
11084,dHCP,110,
11085,dHCP,110,
11086,dHCP,110,
11087,dHCP,110,
11088,dHCP,110,
11089,dHCP,110,
11090,dHCP,110,
11091,dHCP,110,
11092,dHCP,110,
11093,dHCP,110,
11094,dHCP,110,
11095,dHCP,110,
11096,dHCP,110,
11097,dHCP,110,
11098,dHCP,110,
11099,dHCP,110,
11100,dHCP,111,
11101,dHCP,111,
11102,dHCP,111,
11103,dHCP,111,
11104,dHCP,111,
11105,dHCP,111,
11106,dHCP,111,
11107,dHCP,111,
11108,dHCP,111,
11109,dHCP,111,
11110,dHCP,111,
11111,dHCP,111,
11112,dHCP,111,
11113,dHCP,111,
11114,dHCP,111,
11115,dHCP,111,
11116,dHCP,111,
11117,dHCP,111,
11118,dHCP,111,
11119,dHCP,111,
11120,dHCP,111,
11121,dHCP,111,
11122,dHCP,111,
11123,dHCP,111,
11124,dHCP,111,
11125,dHCP,111,
11126,dHCP,111,
11127,dHCP,111,
11128,dHCP,111,
11129,dHCP,111,
11130,dHCP,111,
11131,dHCP,111,
11132,dHCP,111,
11133,dHCP,111,
11134,dHCP,111,
11135,dHCP,111,
11136,dHCP,111,
11137,dHCP,111,
11138,dHCP,111,
11139,dHCP,111,
11140,dHCP,111,
11141,dHCP,111,
11142,dHCP,111,
11143,dHCP,111,
11144,dHCP,111,
11145,dHCP,111,
11146,dHCP,111,
11147,dHCP,111,
11148,dHCP,111,
11149,dHCP,111,
11150,dHCP,111,
11151,dHCP,111,
11152,dHCP,111,
11153,dHCP,111,
11154,dHCP,111,
11155,dHCP,111,
11156,dHCP,111,
11157,dHCP,111,
11158,dHCP,111,
11159,dHCP,111,
11160,dHCP,111,
11161,dHCP,111,
11162,dHCP,111,
11163,dHCP,111,
11164,dHCP,111,
11165,dHCP,111,
11166,dHCP,111,
11167,dHCP,111,
11168,dHCP,111,
11169,dHCP,111,
11170,dHCP,111,
11171,dHCP,111,
11172,dHCP,111,
11173,dHCP,111,
11174,dHCP,111,
11175,dHCP,111,
11176,dHCP,111,
11177,dHCP,111,
11178,dHCP,111,
11179,dHCP,111,
11180,dHCP,111,
11181,dHCP,111,
11182,dHCP,111,
11183,dHCP,111,
11184,dHCP,111,
11185,dHCP,111,
11186,dHCP,111,
11187,dHCP,111,
11188,dHCP,111,
11189,dHCP,111,
11190,dHCP,111,
11191,dHCP,111,
11192,dHCP,111,
11193,dHCP,111,
11194,dHCP,111,
11195,dHCP,111,
11196,dHCP,111,
11197,dHCP,111,
11198,dHCP,111,
11199,dHCP,111,
11200,dHCP,112,
11201,dHCP,112,
11202,dHCP,112,
11203,dHCP,112,
11204,dHCP,112,
11205,dHCP,112,
11206,dHCP,112,
11207,dHCP,112,
11208,dHCP,112,
11209,dHCP,112,
11210,dHCP,112,
11211,dHCP,112,
11212,dHCP,112,
11213,dHCP,112,
11214,dHCP,112,
11215,dHCP,112,
11216,dHCP,112,
11217,dHCP,112,
11218,dHCP,112,
11219,dHCP,112,
11220,dHCP,112,
11221,dHCP,112,
11222,dHCP,112,
11223,dHCP,112,
11224,dHCP,112,
11225,dHCP,112,
11226,dHCP,112,
11227,dHCP,112,
11228,dHCP,112,
11229,dHCP,112,
11230,dHCP,112,
11231,dHCP,112,
11232,dHCP,112,
11233,dHCP,112,
11234,dHCP,112,
11235,dHCP,112,
11236,dHCP,112,
11237,dHCP,112,
11238,dHCP,112,
11239,dHCP,112,
11240,dHCP,112,
11241,dHCP,112,
11242,dHCP,112,
11243,dHCP,112,
11244,dHCP,112,
11245,dHCP,112,
11246,dHCP,112,
11247,dHCP,112,
11248,dHCP,112,
11249,dHCP,112,
11250,dHCP,112,
11251,dHCP,112,
11252,dHCP,112,
11253,dHCP,112,
11254,dHCP,112,
11255,dHCP,112,
11256,dHCP,112,
11257,dHCP,112,
11258,dHCP,112,
11259,dHCP,112,
11260,dHCP,112,
11261,dHCP,112,
11262,dHCP,112,
11263,dHCP,112,
11264,dHCP,112,
11265,dHCP,112,
11266,dHCP,112,
11267,dHCP,112,
11268,dHCP,112,
11269,dHCP,112,
11270,dHCP,112,
11271,dHCP,112,
11272,dHCP,112,
11273,dHCP,112,
11274,dHCP,112,
11275,dHCP,112,
11276,dHCP,112,
11277,dHCP,112,
11278,dHCP,112,
11279,dHCP,112,
11280,dHCP,112,
11281,dHCP,112,
11282,dHCP,112,
11283,dHCP,112,
11284,dHCP,112,
11285,dHCP,112,
11286,dHCP,112,
11287,dHCP,112,
11288,dHCP,112,
11289,dHCP,112,
11290,dHCP,112,
11291,dHCP,112,
11292,dHCP,112,
11293,dHCP,112,
11294,dHCP,112,
11295,dHCP,112,
11296,dHCP,112,
11297,dHCP,112,
11298,dHCP,112,
11299,dHCP,112,
11300,dHCP,113,
11301,dHCP,113,
11302,dHCP,113,
11303,dHCP,113,
11304,dHCP,113,
11305,dHCP,113,
11306,dHCP,113,
11307,dHCP,113,
11308,dHCP,113,
11309,dHCP,113,
11310,dHCP,113,
11311,dHCP,113,
11312,dHCP,113,
11313,dHCP,113,
11314,dHCP,113,
11315,dHCP,113,
11316,dHCP,113,
11317,dHCP,113,
11318,dHCP,113,
11319,dHCP,113,
11320,dHCP,113,
11321,dHCP,113,
11322,dHCP,113,
11323,dHCP,113,
11324,dHCP,113,
11325,dHCP,113,
11326,dHCP,113,
11327,dHCP,113,
11328,dHCP,113,
11329,dHCP,113,
11330,dHCP,113,
11331,dHCP,113,
11332,dHCP,113,
11333,dHCP,113,
11334,dHCP,113,
11335,dHCP,113,
11336,dHCP,113,
11337,dHCP,113,
11338,dHCP,113,
11339,dHCP,113,
11340,dHCP,113,
11341,dHCP,113,
11342,dHCP,113,
11343,dHCP,113,
11344,dHCP,113,
11345,dHCP,113,
11346,dHCP,113,
11347,dHCP,113,
11348,dHCP,113,
11349,dHCP,113,
11350,dHCP,113,
11351,dHCP,113,
11352,dHCP,113,
11353,dHCP,113,
11354,dHCP,113,
11355,dHCP,113,
11356,dHCP,113,
11357,dHCP,113,
11358,dHCP,113,
11359,dHCP,113,
11360,dHCP,113,
11361,dHCP,113,
11362,dHCP,113,
11363,dHCP,113,
11364,dHCP,113,
11365,dHCP,113,
11366,dHCP,113,
11367,dHCP,113,
11368,dHCP,113,
11369,dHCP,113,
11370,dHCP,113,
11371,dHCP,113,
11372,dHCP,113,
11373,dHCP,113,
11374,dHCP,113,
11375,dHCP,113,
11376,dHCP,113,
11377,dHCP,113,
11378,dHCP,113,
11379,dHCP,113,
11380,dHCP,113,
11381,dHCP,113,
11382,dHCP,113,
11383,dHCP,113,
11384,dHCP,113,
11385,dHCP,113,
11386,dHCP,113,
11387,dHCP,113,
11388,dHCP,113,
11389,dHCP,113,
11390,dHCP,113,
11391,dHCP,113,
11392,dHCP,113,
11393,dHCP,113,
11394,dHCP,113,
11395,dHCP,113,
11396,dHCP,113,
11397,dHCP,113,
11398,dHCP,113,
11399,dHCP,113,
11400,dHCP,114,
11401,dHCP,114,
11402,dHCP,114,
11403,dHCP,114,
11404,dHCP,114,
11405,dHCP,114,
11406,dHCP,114,
11407,dHCP,114,
11408,dHCP,114,
11409,dHCP,114,
11410,dHCP,114,
11411,dHCP,114,
11412,dHCP,114,
11413,dHCP,114,
11414,dHCP,114,
11415,dHCP,114,
11416,dHCP,114,
11417,dHCP,114,
11418,dHCP,114,
11419,dHCP,114,
11420,dHCP,114,
11421,dHCP,114,
11422,dHCP,114,
11423,dHCP,114,
11424,dHCP,114,
11425,dHCP,114,
11426,dHCP,114,
11427,dHCP,114,
11428,dHCP,114,
11429,dHCP,114,
11430,dHCP,114,
11431,dHCP,114,
11432,dHCP,114,
11433,dHCP,114,
11434,dHCP,114,
11435,dHCP,114,
11436,dHCP,114,
11437,dHCP,114,
11438,dHCP,114,
11439,dHCP,114,
11440,dHCP,114,
11441,dHCP,114,
11442,dHCP,114,
11443,dHCP,114,
11444,dHCP,114,
11445,dHCP,114,
11446,dHCP,114,
11447,dHCP,114,
11448,dHCP,114,
11449,dHCP,114,
11450,dHCP,114,
11451,dHCP,114,
11452,dHCP,114,
11453,dHCP,114,
11454,dHCP,114,
11455,dHCP,114,
11456,dHCP,114,
11457,dHCP,114,
11458,dHCP,114,
11459,dHCP,114,
11460,dHCP,114,
11461,dHCP,114,
11462,dHCP,114,
11463,dHCP,114,
11464,dHCP,114,
11465,dHCP,114,
11466,dHCP,114,
11467,dHCP,114,
11468,dHCP,114,
11469,dHCP,114,
11470,dHCP,114,
11471,dHCP,114,
11472,dHCP,114,
11473,dHCP,114,
11474,dHCP,114,
11475,dHCP,114,
11476,dHCP,114,
11477,dHCP,114,
11478,dHCP,114,
11479,dHCP,114,
11480,dHCP,114,
11481,dHCP,114,
11482,dHCP,114,
11483,dHCP,114,
11484,dHCP,114,
11485,dHCP,114,
11486,dHCP,114,
11487,dHCP,114,
11488,dHCP,114,
11489,dHCP,114,
11490,dHCP,114,
11491,dHCP,114,
11492,dHCP,114,
11493,dHCP,114,
11494,dHCP,114,
11495,dHCP,114,
11496,dHCP,114,
11497,dHCP,114,
11498,dHCP,114,
11499,dHCP,114,
11500,dHCP,115,
11501,dHCP,115,
11502,dHCP,115,
11503,dHCP,115,
11504,dHCP,115,
11505,dHCP,115,
11506,dHCP,115,
11507,dHCP,115,
11508,dHCP,115,
11509,dHCP,115,
11510,dHCP,115,
11511,dHCP,115,
11512,dHCP,115,
11513,dHCP,115,
11514,dHCP,115,
11515,dHCP,115,
11516,dHCP,115,
11517,dHCP,115,
11518,dHCP,115,
11519,dHCP,115,
11520,dHCP,115,
11521,dHCP,115,
11522,dHCP,115,
11523,dHCP,115,
11524,dHCP,115,
11525,dHCP,115,
11526,dHCP,115,
11527,dHCP,115,
11528,dHCP,115,
11529,dHCP,115,
11530,dHCP,115,
11531,dHCP,115,
11532,dHCP,115,
11533,dHCP,115,
11534,dHCP,115,
11535,dHCP,115,
11536,dHCP,115,
11537,dHCP,115,
11538,dHCP,115,
11539,dHCP,115,
11540,dHCP,115,
11541,dHCP,115,
11542,dHCP,115,
11543,dHCP,115,
11544,dHCP,115,
11545,dHCP,115,
11546,dHCP,115,
11547,dHCP,115,
11548,dHCP,115,
11549,dHCP,115,
11550,dHCP,115,
11551,dHCP,115,
11552,dHCP,115,
11553,dHCP,115,
11554,dHCP,115,
11555,dHCP,115,
11556,dHCP,115,
11557,dHCP,115,
11558,dHCP,115,
11559,dHCP,115,
11560,dHCP,115,
11561,dHCP,115,
11562,dHCP,115,
11563,dHCP,115,
11564,dHCP,115,
11565,dHCP,115,
11566,dHCP,115,
11567,dHCP,115,
11568,dHCP,115,
11569,dHCP,115,
11570,dHCP,115,
11571,dHCP,115,
11572,dHCP,115,
11573,dHCP,115,
11574,dHCP,115,
11575,dHCP,115,
11576,dHCP,115,
11577,dHCP,115,
11578,dHCP,115,
11579,dHCP,115,
11580,dHCP,115,
11581,dHCP,115,
11582,dHCP,115,
11583,dHCP,115,
11584,dHCP,115,
11585,dHCP,115,
11586,dHCP,115,
11587,dHCP,115,
11588,dHCP,115,
11589,dHCP,115,
11590,dHCP,115,
11591,dHCP,115,
11592,dHCP,115,
11593,dHCP,115,
11594,dHCP,115,
11595,dHCP,115,
11596,dHCP,115,
11597,dHCP,115,
11598,dHCP,115,
11599,dHCP,115,
11600,dHCP,116,
11601,dHCP,116,
11602,dHCP,116,
11603,dHCP,116,
11604,dHCP,116,
11605,dHCP,116,
11606,dHCP,116,
11607,dHCP,116,
11608,dHCP,116,
11609,dHCP,116,
11610,dHCP,116,
11611,dHCP,116,
11612,dHCP,116,
11613,dHCP,116,
11614,dHCP,116,
11615,dHCP,116,
11616,dHCP,116,
11617,dHCP,116,
11618,dHCP,116,
11619,dHCP,116,
11620,dHCP,116,
11621,dHCP,116,
11622,dHCP,116,
11623,dHCP,116,
11624,dHCP,116,
11625,dHCP,116,
11626,dHCP,116,
11627,dHCP,116,
11628,dHCP,116,
11629,dHCP,116,
11630,dHCP,116,
11631,dHCP,116,
11632,dHCP,116,
11633,dHCP,116,
11634,dHCP,116,
11635,dHCP,116,
11636,dHCP,116,
11637,dHCP,116,
11638,dHCP,116,
11639,dHCP,116,
11640,dHCP,116,
11641,dHCP,116,
11642,dHCP,116,
11643,dHCP,116,
11644,dHCP,116,
11645,dHCP,116,
11646,dHCP,116,
11647,dHCP,116,
11648,dHCP,116,
11649,dHCP,116,
11650,dHCP,116,
11651,dHCP,116,
11652,dHCP,116,
11653,dHCP,116,
11654,dHCP,116,
11655,dHCP,116,
11656,dHCP,116,
11657,dHCP,116,
11658,dHCP,116,
11659,dHCP,116,
11660,dHCP,116,
11661,dHCP,116,
11662,dHCP,116,
11663,dHCP,116,
11664,dHCP,116,
11665,dHCP,116,
11666,dHCP,116,
11667,dHCP,116,
11668,dHCP,116,
11669,dHCP,116,
11670,dHCP,116,
11671,dHCP,116,
11672,dHCP,116,
11673,dHCP,116,
11674,dHCP,116,
11675,dHCP,116,
11676,dHCP,116,
11677,dHCP,116,
11678,dHCP,116,
11679,dHCP,116,
11680,dHCP,116,
11681,dHCP,116,
11682,dHCP,116,
11683,dHCP,116,
11684,dHCP,116,
11685,dHCP,116,
11686,dHCP,116,
11687,dHCP,116,
11688,dHCP,116,
11689,dHCP,116,
11690,dHCP,116,
11691,dHCP,116,
11692,dHCP,116,
11693,dHCP,116,
11694,dHCP,116,
11695,dHCP,116,
11696,dHCP,116,
11697,dHCP,116,
11698,dHCP,116,
11699,dHCP,116,
11700,dHCP,117,
11701,dHCP,117,
11702,dHCP,117,
11703,dHCP,117,
11704,dHCP,117,
11705,dHCP,117,
11706,dHCP,117,
11707,dHCP,117,
11708,dHCP,117,
11709,dHCP,117,
11710,dHCP,117,
11711,dHCP,117,
11712,dHCP,117,
11713,dHCP,117,
11714,dHCP,117,
11715,dHCP,117,
11716,dHCP,117,
11717,dHCP,117,
11718,dHCP,117,
11719,dHCP,117,
11720,dHCP,117,
11721,dHCP,117,
11722,dHCP,117,
11723,dHCP,117,
11724,dHCP,117,
11725,dHCP,117,
11726,dHCP,117,
11727,dHCP,117,
11728,dHCP,117,
11729,dHCP,117,
11730,dHCP,117,
11731,dHCP,117,
11732,dHCP,117,
11733,dHCP,117,
11734,dHCP,117,
11735,dHCP,117,
11736,dHCP,117,
11737,dHCP,117,
11738,dHCP,117,
11739,dHCP,117,
11740,dHCP,117,
11741,dHCP,117,
11742,dHCP,117,
11743,dHCP,117,
11744,dHCP,117,
11745,dHCP,117,
11746,dHCP,117,
11747,dHCP,117,
11748,dHCP,117,
11749,dHCP,117,
11750,dHCP,117,
11751,dHCP,117,
11752,dHCP,117,
11753,dHCP,117,
11754,dHCP,117,
11755,dHCP,117,
11756,dHCP,117,
11757,dHCP,117,
11758,dHCP,117,
11759,dHCP,117,
11760,dHCP,117,
11761,dHCP,117,
11762,dHCP,117,
11763,dHCP,117,
11764,dHCP,117,
11765,dHCP,117,
11766,dHCP,117,
11767,dHCP,117,
11768,dHCP,117,
11769,dHCP,117,
11770,dHCP,117,
11771,dHCP,117,
11772,dHCP,117,
11773,dHCP,117,
11774,dHCP,117,
11775,dHCP,117,
11776,dHCP,117,
11777,dHCP,117,
11778,dHCP,117,
11779,dHCP,117,
11780,dHCP,117,
11781,dHCP,117,
11782,dHCP,117,
11783,dHCP,117,
11784,dHCP,117,
11785,dHCP,117,
11786,dHCP,117,
11787,dHCP,117,
11788,dHCP,117,
11789,dHCP,117,
11790,dHCP,117,
11791,dHCP,117,
11792,dHCP,117,
11793,dHCP,117,
11794,dHCP,117,
11795,dHCP,117,
11796,dHCP,117,
11797,dHCP,117,
11798,dHCP,117,
11799,dHCP,117,
11800,dHCP,118,
11801,dHCP,118,
11802,dHCP,118,
11803,dHCP,118,
11804,dHCP,118,
11805,dHCP,118,
11806,dHCP,118,
11807,dHCP,118,
11808,dHCP,118,
11809,dHCP,118,
11810,dHCP,118,
11811,dHCP,118,
11812,dHCP,118,
11813,dHCP,118,
11814,dHCP,118,
11815,dHCP,118,
11816,dHCP,118,
11817,dHCP,118,
11818,dHCP,118,
11819,dHCP,118,
11820,dHCP,118,
11821,dHCP,118,
11822,dHCP,118,
11823,dHCP,118,
11824,dHCP,118,
11825,dHCP,118,
11826,dHCP,118,
11827,dHCP,118,
11828,dHCP,118,
11829,dHCP,118,
11830,dHCP,118,
11831,dHCP,118,
11832,dHCP,118,
11833,dHCP,118,
11834,dHCP,118,
11835,dHCP,118,
11836,dHCP,118,
11837,dHCP,118,
11838,dHCP,118,
11839,dHCP,118,
11840,dHCP,118,
11841,dHCP,118,
11842,dHCP,118,
11843,dHCP,118,
11844,dHCP,118,
11845,dHCP,118,
11846,dHCP,118,
11847,dHCP,118,
11848,dHCP,118,
11849,dHCP,118,
11850,dHCP,118,
11851,dHCP,118,
11852,dHCP,118,
11853,dHCP,118,
11854,dHCP,118,
11855,dHCP,118,
11856,dHCP,118,
11857,dHCP,118,
11858,dHCP,118,
11859,dHCP,118,
11860,dHCP,118,
11861,dHCP,118,
11862,dHCP,118,
11863,dHCP,118,
11864,dHCP,118,
11865,dHCP,118,
11866,dHCP,118,
11867,dHCP,118,
11868,dHCP,118,
11869,dHCP,118,
11870,dHCP,118,
11871,dHCP,118,
11872,dHCP,118,
11873,dHCP,118,
11874,dHCP,118,
11875,dHCP,118,
11876,dHCP,118,
11877,dHCP,118,
11878,dHCP,118,
11879,dHCP,118,
11880,dHCP,118,
11881,dHCP,118,
11882,dHCP,118,
11883,dHCP,118,
11884,dHCP,118,
11885,dHCP,118,
11886,dHCP,118,
11887,dHCP,118,
11888,dHCP,118,
11889,dHCP,118,
11890,dHCP,118,
11891,dHCP,118,
11892,dHCP,118,
11893,dHCP,118,
11894,dHCP,118,
11895,dHCP,118,
11896,dHCP,118,
11897,dHCP,118,
11898,dHCP,118,
11899,dHCP,118,
11900,dHCP,119,
11901,dHCP,119,
11902,dHCP,119,
11903,dHCP,119,
11904,dHCP,119,
11905,dHCP,119,
11906,dHCP,119,
11907,dHCP,119,
11908,dHCP,119,
11909,dHCP,119,
11910,dHCP,119,
11911,dHCP,119,
11912,dHCP,119,
11913,dHCP,119,
11914,dHCP,119,
11915,dHCP,119,
11916,dHCP,119,
11917,dHCP,119,
11918,dHCP,119,
11919,dHCP,119,
11920,dHCP,119,
11921,dHCP,119,
11922,dHCP,119,
11923,dHCP,119,
11924,dHCP,119,
11925,dHCP,119,
11926,dHCP,119,
11927,dHCP,119,
11928,dHCP,119,
11929,dHCP,119,
11930,dHCP,119,
11931,dHCP,119,
11932,dHCP,119,
11933,dHCP,119,
11934,dHCP,119,
11935,dHCP,119,
11936,dHCP,119,
11937,dHCP,119,
11938,dHCP,119,
11939,dHCP,119,
11940,dHCP,119,
11941,dHCP,119,
11942,dHCP,119,
11943,dHCP,119,
11944,dHCP,119,
11945,dHCP,119,
11946,dHCP,119,
11947,dHCP,119,
11948,dHCP,119,
11949,dHCP,119,
11950,dHCP,119,
11951,dHCP,119,
11952,dHCP,119,
11953,dHCP,119,
11954,dHCP,119,
11955,dHCP,119,
11956,dHCP,119,
11957,dHCP,119,
11958,dHCP,119,
11959,dHCP,119,
11960,dHCP,119,
11961,dHCP,119,
11962,dHCP,119,
11963,dHCP,119,
11964,dHCP,119,
11965,dHCP,119,
11966,dHCP,119,
11967,dHCP,119,
11968,dHCP,119,
11969,dHCP,119,
11970,dHCP,119,
11971,dHCP,119,
11972,dHCP,119,
11973,dHCP,119,
11974,dHCP,119,
11975,dHCP,119,
11976,dHCP,119,
11977,dHCP,119,
11978,dHCP,119,
11979,dHCP,119,
11980,dHCP,119,
11981,dHCP,119,
11982,dHCP,119,
11983,dHCP,119,
11984,dHCP,119,
11985,dHCP,119,
11986,dHCP,119,
11987,dHCP,119,
11988,dHCP,119,
11989,dHCP,119,
11990,dHCP,119,
11991,dHCP,119,
11992,dHCP,119,
11993,dHCP,119,
11994,dHCP,119,
11995,dHCP,119,
11996,dHCP,119,
11997,dHCP,119,
11998,dHCP,119,
11999,dHCP,119,
12000,dHCP,120,
12001,dHCP,120,
12002,dHCP,120,
12003,dHCP,120,
12004,dHCP,120,
12005,dHCP,120,
12006,dHCP,120,
12007,dHCP,120,
12008,dHCP,120,
12009,dHCP,120,
12010,dHCP,120,
12011,dHCP,120,
12012,dHCP,120,
12013,dHCP,120,
12014,dHCP,120,
12015,dHCP,120,
12016,dHCP,120,
12017,dHCP,120,
12018,dHCP,120,
12019,dHCP,120,
12020,dHCP,120,
12021,dHCP,120,
12022,dHCP,120,
12023,dHCP,120,
12024,dHCP,120,
12025,dHCP,120,
12026,dHCP,120,
12027,dHCP,120,
12028,dHCP,120,
12029,dHCP,120,
12030,dHCP,120,
12031,dHCP,120,
12032,dHCP,120,
12033,dHCP,120,
12034,dHCP,120,
12035,dHCP,120,
12036,dHCP,120,
12037,dHCP,120,
12038,dHCP,120,
12039,dHCP,120,
12040,dHCP,120,
12041,dHCP,120,
12042,dHCP,120,
12043,dHCP,120,
12044,dHCP,120,
12045,dHCP,120,
12046,dHCP,120,
12047,dHCP,120,
12048,dHCP,120,
12049,dHCP,120,
12050,dHCP,120,
12051,dHCP,120,
12052,dHCP,120,
12053,dHCP,120,
12054,dHCP,120,
12055,dHCP,120,
12056,dHCP,120,
12057,dHCP,120,
12058,dHCP,120,
12059,dHCP,120,
12060,dHCP,120,
12061,dHCP,120,
12062,dHCP,120,
12063,dHCP,120,
12064,dHCP,120,
12065,dHCP,120,
12066,dHCP,120,
12067,dHCP,120,
12068,dHCP,120,
12069,dHCP,120,
12070,dHCP,120,
12071,dHCP,120,
12072,dHCP,120,
12073,dHCP,120,
12074,dHCP,120,
12075,dHCP,120,
12076,dHCP,120,
12077,dHCP,120,
12078,dHCP,120,
12079,dHCP,120,
12080,dHCP,120,
12081,dHCP,120,
12082,dHCP,120,
12083,dHCP,120,
12084,dHCP,120,
12085,dHCP,120,
12086,dHCP,120,
12087,dHCP,120,
12088,dHCP,120,
12089,dHCP,120,
12090,dHCP,120,
12091,dHCP,120,
12092,dHCP,120,
12093,dHCP,120,
12094,dHCP,120,
12095,dHCP,120,
12096,dHCP,120,
12097,dHCP,120,
12098,dHCP,120,
12099,dHCP,120,
12100,dHCP,121,
12101,dHCP,121,
12102,dHCP,121,
12103,dHCP,121,
12104,dHCP,121,
12105,dHCP,121,
12106,dHCP,121,
12107,dHCP,121,
12108,dHCP,121,
12109,dHCP,121,
12110,dHCP,121,
12111,dHCP,121,
12112,dHCP,121,
12113,dHCP,121,
12114,dHCP,121,
12115,dHCP,121,
12116,dHCP,121,
12117,dHCP,121,
12118,dHCP,121,
12119,dHCP,121,
12120,dHCP,121,
12121,dHCP,121,
12122,dHCP,121,
12123,dHCP,121,
12124,dHCP,121,
12125,dHCP,121,
12126,dHCP,121,
12127,dHCP,121,
12128,dHCP,121,
12129,dHCP,121,
12130,dHCP,121,
12131,dHCP,121,
12132,dHCP,121,
12133,dHCP,121,
12134,dHCP,121,
12135,dHCP,121,
12136,dHCP,121,
12137,dHCP,121,
12138,dHCP,121,
12139,dHCP,121,
12140,dHCP,121,
12141,dHCP,121,
12142,dHCP,121,
12143,dHCP,121,
12144,dHCP,121,
12145,dHCP,121,
12146,dHCP,121,
12147,dHCP,121,
12148,dHCP,121,
12149,dHCP,121,
12150,dHCP,121,
12151,dHCP,121,
12152,dHCP,121,
12153,dHCP,121,
12154,dHCP,121,
12155,dHCP,121,
12156,dHCP,121,
12157,dHCP,121,
12158,dHCP,121,
12159,dHCP,121,
12160,dHCP,121,
12161,dHCP,121,
12162,dHCP,121,
12163,dHCP,121,
12164,dHCP,121,
12165,dHCP,121,
12166,dHCP,121,
12167,dHCP,121,
12168,dHCP,121,
12169,dHCP,121,
12170,dHCP,121,
12171,dHCP,121,
12172,dHCP,121,
12173,dHCP,121,
12174,dHCP,121,
12175,dHCP,121,
12176,dHCP,121,
12177,dHCP,121,
12178,dHCP,121,
12179,dHCP,121,
12180,dHCP,121,
12181,dHCP,121,
12182,dHCP,121,
12183,dHCP,121,
12184,dHCP,121,
12185,dHCP,121,
12186,dHCP,121,
12187,dHCP,121,
12188,dHCP,121,
12189,dHCP,121,
12190,dHCP,121,
12191,dHCP,121,
12192,dHCP,121,
12193,dHCP,121,
12194,dHCP,121,
12195,dHCP,121,
12196,dHCP,121,
12197,dHCP,121,
12198,dHCP,121,
12199,dHCP,121,
12200,dHCP,122,
12201,dHCP,122,
12202,dHCP,122,
12203,dHCP,122,
12204,dHCP,122,
12205,dHCP,122,
12206,dHCP,122,
12207,dHCP,122,
12208,dHCP,122,
12209,dHCP,122,
12210,dHCP,122,
12211,dHCP,122,
12212,dHCP,122,
12213,dHCP,122,
12214,dHCP,122,
12215,dHCP,122,
12216,dHCP,122,
12217,dHCP,122,
12218,dHCP,122,
12219,dHCP,122,
12220,dHCP,122,
12221,dHCP,122,
12222,dHCP,122,
12223,dHCP,122,
12224,dHCP,122,
12225,dHCP,122,
12226,dHCP,122,
12227,dHCP,122,
12228,dHCP,122,
12229,dHCP,122,
12230,dHCP,122,
12231,dHCP,122,
12232,dHCP,122,
12233,dHCP,122,
12234,dHCP,122,
12235,dHCP,122,
12236,dHCP,122,
12237,dHCP,122,
12238,dHCP,122,
12239,dHCP,122,
12240,dHCP,122,
12241,dHCP,122,
12242,dHCP,122,
12243,dHCP,122,
12244,dHCP,122,
12245,dHCP,122,
12246,dHCP,122,
12247,dHCP,122,
12248,dHCP,122,
12249,dHCP,122,
12250,dHCP,122,
12251,dHCP,122,
12252,dHCP,122,
12253,dHCP,122,
12254,dHCP,122,
12255,dHCP,122,
12256,dHCP,122,
12257,dHCP,122,
12258,dHCP,122,
12259,dHCP,122,
12260,dHCP,122,
12261,dHCP,122,
12262,dHCP,122,
12263,dHCP,122,
12264,dHCP,122,
12265,dHCP,122,
12266,dHCP,122,
12267,dHCP,122,
12268,dHCP,122,
12269,dHCP,122,
12270,dHCP,122,
12271,dHCP,122,
12272,dHCP,122,
12273,dHCP,122,
12274,dHCP,122,
12275,dHCP,122,
12276,dHCP,122,
12277,dHCP,122,
12278,dHCP,122,
12279,dHCP,122,
12280,dHCP,122,
12281,dHCP,122,
12282,dHCP,122,
12283,dHCP,122,
12284,dHCP,122,
12285,dHCP,122,
12286,dHCP,122,
12287,dHCP,122,
12288,dHCP,122,
12289,dHCP,122,
12290,dHCP,122,
12291,dHCP,122,
12292,dHCP,122,
12293,dHCP,122,
12294,dHCP,122,
12295,dHCP,122,
12296,dHCP,122,
12297,dHCP,122,
12298,dHCP,122,
12299,dHCP,122,
12300,dHCP,123,
12301,dHCP,123,
12302,dHCP,123,
12303,dHCP,123,
12304,dHCP,123,
12305,dHCP,123,
12306,dHCP,123,
12307,dHCP,123,
12308,dHCP,123,
12309,dHCP,123,
12310,dHCP,123,
12311,dHCP,123,
12312,dHCP,123,
12313,dHCP,123,
12314,dHCP,123,
12315,dHCP,123,
12316,dHCP,123,
12317,dHCP,123,
12318,dHCP,123,
12319,dHCP,123,
12320,dHCP,123,
12321,dHCP,123,
12322,dHCP,123,
12323,dHCP,123,
12324,dHCP,123,
12325,dHCP,123,
12326,dHCP,123,
12327,dHCP,123,
12328,dHCP,123,
12329,dHCP,123,
12330,dHCP,123,
12331,dHCP,123,
12332,dHCP,123,
12333,dHCP,123,
12334,dHCP,123,
12335,dHCP,123,
12336,dHCP,123,
12337,dHCP,123,
12338,dHCP,123,
12339,dHCP,123,
12340,dHCP,123,
12341,dHCP,123,
12342,dHCP,123,
12343,dHCP,123,
12344,dHCP,123,
12345,dHCP,123,
12346,dHCP,123,
12347,dHCP,123,
12348,dHCP,123,
12349,dHCP,123,
12350,dHCP,123,
12351,dHCP,123,
12352,dHCP,123,
12353,dHCP,123,
12354,dHCP,123,
12355,dHCP,123,
12356,dHCP,123,
12357,dHCP,123,
12358,dHCP,123,
12359,dHCP,123,
12360,dHCP,123,
12361,dHCP,123,
12362,dHCP,123,
12363,dHCP,123,
12364,dHCP,123,
12365,dHCP,123,
12366,dHCP,123,
12367,dHCP,123,
12368,dHCP,123,
12369,dHCP,123,
12370,dHCP,123,
12371,dHCP,123,
12372,dHCP,123,
12373,dHCP,123,
12374,dHCP,123,
12375,dHCP,123,
12376,dHCP,123,
12377,dHCP,123,
12378,dHCP,123,
12379,dHCP,123,
12380,dHCP,123,
12381,dHCP,123,
12382,dHCP,123,
12383,dHCP,123,
12384,dHCP,123,
12385,dHCP,123,
12386,dHCP,123,
12387,dHCP,123,
12388,dHCP,123,
12389,dHCP,123,
12390,dHCP,123,
12391,dHCP,123,
12392,dHCP,123,
12393,dHCP,123,
12394,dHCP,123,
12395,dHCP,123,
12396,dHCP,123,
12397,dHCP,123,
12398,dHCP,123,
12399,dHCP,123,
12400,dHCP,124,
12401,dHCP,124,
12402,dHCP,124,
12403,dHCP,124,
12404,dHCP,124,
12405,dHCP,124,
12406,dHCP,124,
12407,dHCP,124,
12408,dHCP,124,
12409,dHCP,124,
12410,dHCP,124,
12411,dHCP,124,
12412,dHCP,124,
12413,dHCP,124,
12414,dHCP,124,
12415,dHCP,124,
12416,dHCP,124,
12417,dHCP,124,
12418,dHCP,124,
12419,dHCP,124,
12420,dHCP,124,
12421,dHCP,124,
12422,dHCP,124,
12423,dHCP,124,
12424,dHCP,124,
12425,dHCP,124,
12426,dHCP,124,
12427,dHCP,124,
12428,dHCP,124,
12429,dHCP,124,
12430,dHCP,124,
12431,dHCP,124,
12432,dHCP,124,
12433,dHCP,124,
12434,dHCP,124,
12435,dHCP,124,
12436,dHCP,124,
12437,dHCP,124,
12438,dHCP,124,
12439,dHCP,124,
12440,dHCP,124,
12441,dHCP,124,
12442,dHCP,124,
12443,dHCP,124,
12444,dHCP,124,
12445,dHCP,124,
12446,dHCP,124,
12447,dHCP,124,
12448,dHCP,124,
12449,dHCP,124,
12450,dHCP,124,
12451,dHCP,124,
12452,dHCP,124,
12453,dHCP,124,
12454,dHCP,124,
12455,dHCP,124,
12456,dHCP,124,
12457,dHCP,124,
12458,dHCP,124,
12459,dHCP,124,
12460,dHCP,124,
12461,dHCP,124,
12462,dHCP,124,
12463,dHCP,124,
12464,dHCP,124,
12465,dHCP,124,
12466,dHCP,124,
12467,dHCP,124,
12468,dHCP,124,
12469,dHCP,124,
12470,dHCP,124,
12471,dHCP,124,
12472,dHCP,124,
12473,dHCP,124,
12474,dHCP,124,
12475,dHCP,124,
12476,dHCP,124,
12477,dHCP,124,
12478,dHCP,124,
12479,dHCP,124,
12480,dHCP,124,
12481,dHCP,124,
12482,dHCP,124,
12483,dHCP,124,
12484,dHCP,124,
12485,dHCP,124,
12486,dHCP,124,
12487,dHCP,124,
12488,dHCP,124,
12489,dHCP,124,
12490,dHCP,124,
12491,dHCP,124,
12492,dHCP,124,
12493,dHCP,124,
12494,dHCP,124,
12495,dHCP,124,
12496,dHCP,124,
12497,dHCP,124,
12498,dHCP,124,
12499,dHCP,124,
12500,dHCP,125,
12501,dHCP,125,
12502,dHCP,125,
12503,dHCP,125,
12504,dHCP,125,
12505,dHCP,125,
12506,dHCP,125,
12507,dHCP,125,
12508,dHCP,125,
12509,dHCP,125,
12510,dHCP,125,
12511,dHCP,125,
12512,dHCP,125,
12513,dHCP,125,
12514,dHCP,125,
12515,dHCP,125,
12516,dHCP,125,
12517,dHCP,125,
12518,dHCP,125,
12519,dHCP,125,
12520,dHCP,125,
12521,dHCP,125,
12522,dHCP,125,
12523,dHCP,125,
12524,dHCP,125,
12525,dHCP,125,
12526,dHCP,125,
12527,dHCP,125,
12528,dHCP,125,
12529,dHCP,125,
12530,dHCP,125,
12531,dHCP,125,
12532,dHCP,125,
12533,dHCP,125,
12534,dHCP,125,
12535,dHCP,125,
12536,dHCP,125,
12537,dHCP,125,
12538,dHCP,125,
12539,dHCP,125,
12540,dHCP,125,
12541,dHCP,125,
12542,dHCP,125,
12543,dHCP,125,
12544,dHCP,125,
12545,dHCP,125,
12546,dHCP,125,
12547,dHCP,125,
12548,dHCP,125,
12549,dHCP,125,
12550,dHCP,125,
12551,dHCP,125,
12552,dHCP,125,
12553,dHCP,125,
12554,dHCP,125,
12555,dHCP,125,
12556,dHCP,125,
12557,dHCP,125,
12558,dHCP,125,
12559,dHCP,125,
12560,dHCP,125,
12561,dHCP,125,
12562,dHCP,125,
12563,dHCP,125,
12564,dHCP,125,
12565,dHCP,125,
12566,dHCP,125,
12567,dHCP,125,
12568,dHCP,125,
12569,dHCP,125,
12570,dHCP,125,
12571,dHCP,125,
12572,dHCP,125,
12573,dHCP,125,
12574,dHCP,125,
12575,dHCP,125,
12576,dHCP,125,
12577,dHCP,125,
12578,dHCP,125,
12579,dHCP,125,
12580,dHCP,125,
12581,dHCP,125,
12582,dHCP,125,
12583,dHCP,125,
12584,dHCP,125,
12585,dHCP,125,
12586,dHCP,125,
12587,dHCP,125,
12588,dHCP,125,
12589,dHCP,125,
12590,dHCP,125,
12591,dHCP,125,
12592,dHCP,125,
12593,dHCP,125,
12594,dHCP,125,
12595,dHCP,125,
12596,dHCP,125,
12597,dHCP,125,
12598,dHCP,125,
12599,dHCP,125,
12600,dHCP,126,
12601,dHCP,126,
12602,dHCP,126,
12603,dHCP,126,
12604,dHCP,126,
12605,dHCP,126,
12606,dHCP,126,
12607,dHCP,126,
12608,dHCP,126,
12609,dHCP,126,
12610,dHCP,126,
12611,dHCP,126,
12612,dHCP,126,
12613,dHCP,126,
12614,dHCP,126,
12615,dHCP,126,
12616,dHCP,126,
12617,dHCP,126,
12618,dHCP,126,
12619,dHCP,126,
12620,dHCP,126,
12621,dHCP,126,
12622,dHCP,126,
12623,dHCP,126,
12624,dHCP,126,
12625,dHCP,126,
12626,dHCP,126,
12627,dHCP,126,
12628,dHCP,126,
12629,dHCP,126,
12630,dHCP,126,
12631,dHCP,126,
12632,dHCP,126,
12633,dHCP,126,
12634,dHCP,126,
12635,dHCP,126,
12636,dHCP,126,
12637,dHCP,126,
12638,dHCP,126,
12639,dHCP,126,
12640,dHCP,126,
12641,dHCP,126,
12642,dHCP,126,
12643,dHCP,126,
12644,dHCP,126,
12645,dHCP,126,
12646,dHCP,126,
12647,dHCP,126,
12648,dHCP,126,
12649,dHCP,126,
12650,dHCP,126,
12651,dHCP,126,
12652,dHCP,126,
12653,dHCP,126,
12654,dHCP,126,
12655,dHCP,126,
12656,dHCP,126,
12657,dHCP,126,
12658,dHCP,126,
12659,dHCP,126,
12660,dHCP,126,
12661,dHCP,126,
12662,dHCP,126,
12663,dHCP,126,
12664,dHCP,126,
12665,dHCP,126,
12666,dHCP,126,
12667,dHCP,126,
12668,dHCP,126,
12669,dHCP,126,
12670,dHCP,126,
12671,dHCP,126,
12672,dHCP,126,
12673,dHCP,126,
12674,dHCP,126,
12675,dHCP,126,
12676,dHCP,126,
12677,dHCP,126,
12678,dHCP,126,
12679,dHCP,126,
12680,dHCP,126,
12681,dHCP,126,
12682,dHCP,126,
12683,dHCP,126,
12684,dHCP,126,
12685,dHCP,126,
12686,dHCP,126,
12687,dHCP,126,
12688,dHCP,126,
12689,dHCP,126,
12690,dHCP,126,
12691,dHCP,126,
12692,dHCP,126,
12693,dHCP,126,
12694,dHCP,126,
12695,dHCP,126,
12696,dHCP,126,
12697,dHCP,126,
12698,dHCP,126,
12699,dHCP,126,
12700,dHCP,127,
12701,dHCP,127,
12702,dHCP,127,
12703,dHCP,127,
12704,dHCP,127,
12705,dHCP,127,
12706,dHCP,127,
12707,dHCP,127,
12708,dHCP,127,
12709,dHCP,127,
12710,dHCP,127,
12711,dHCP,127,
12712,dHCP,127,
12713,dHCP,127,
12714,dHCP,127,
12715,dHCP,127,
12716,dHCP,127,
12717,dHCP,127,
12718,dHCP,127,
12719,dHCP,127,
12720,dHCP,127,
12721,dHCP,127,
12722,dHCP,127,
12723,dHCP,127,
12724,dHCP,127,
12725,dHCP,127,
12726,dHCP,127,
12727,dHCP,127,
12728,dHCP,127,
12729,dHCP,127,
12730,dHCP,127,
12731,dHCP,127,
12732,dHCP,127,
12733,dHCP,127,
12734,dHCP,127,
12735,dHCP,127,
12736,dHCP,127,
12737,dHCP,127,
12738,dHCP,127,
12739,dHCP,127,
12740,dHCP,127,
12741,dHCP,127,
12742,dHCP,127,
12743,dHCP,127,
12744,dHCP,127,
12745,dHCP,127,
12746,dHCP,127,
12747,dHCP,127,
12748,dHCP,127,
12749,dHCP,127,
12750,dHCP,127,
12751,dHCP,127,
12752,dHCP,127,
12753,dHCP,127,
12754,dHCP,127,
12755,dHCP,127,
12756,dHCP,127,
12757,dHCP,127,
12758,dHCP,127,
12759,dHCP,127,
12760,dHCP,127,
12761,dHCP,127,
12762,dHCP,127,
12763,dHCP,127,
12764,dHCP,127,
12765,dHCP,127,
12766,dHCP,127,
12767,dHCP,127,
12768,dHCP,127,
12769,dHCP,127,
12770,dHCP,127,
12771,dHCP,127,
12772,dHCP,127,
12773,dHCP,127,
12774,dHCP,127,
12775,dHCP,127,
12776,dHCP,127,
12777,dHCP,127,
12778,dHCP,127,
12779,dHCP,127,
12780,dHCP,127,
12781,dHCP,127,
12782,dHCP,127,
12783,dHCP,127,
12784,dHCP,127,
12785,dHCP,127,
12786,dHCP,127,
12787,dHCP,127,
12788,dHCP,127,
12789,dHCP,127,
12790,dHCP,127,
12791,dHCP,127,
12792,dHCP,127,
12793,dHCP,127,
12794,dHCP,127,
12795,dHCP,127,
12796,dHCP,127,
12797,dHCP,127,
12798,dHCP,127,
12799,dHCP,127,
12800,dHCP,128,
12801,dHCP,128,
12802,dHCP,128,
12803,dHCP,128,
12804,dHCP,128,
12805,dHCP,128,
12806,dHCP,128,
12807,dHCP,128,
12808,dHCP,128,
12809,dHCP,128,
12810,dHCP,128,
12811,dHCP,128,
12812,dHCP,128,
12813,dHCP,128,
12814,dHCP,128,
12815,dHCP,128,
12816,dHCP,128,
12817,dHCP,128,
12818,dHCP,128,
12819,dHCP,128,
12820,dHCP,128,
12821,dHCP,128,
12822,dHCP,128,
12823,dHCP,128,
12824,dHCP,128,
12825,dHCP,128,
12826,dHCP,128,
12827,dHCP,128,
12828,dHCP,128,
12829,dHCP,128,
12830,dHCP,128,
12831,dHCP,128,
12832,dHCP,128,
12833,dHCP,128,
12834,dHCP,128,
12835,dHCP,128,
12836,dHCP,128,
12837,dHCP,128,
12838,dHCP,128,
12839,dHCP,128,
12840,dHCP,128,
12841,dHCP,128,
12842,dHCP,128,
12843,dHCP,128,
12844,dHCP,128,
12845,dHCP,128,
12846,dHCP,128,
12847,dHCP,128,
12848,dHCP,128,
12849,dHCP,128,
12850,dHCP,128,
12851,dHCP,128,
12852,dHCP,128,
12853,dHCP,128,
12854,dHCP,128,
12855,dHCP,128,
12856,dHCP,128,
12857,dHCP,128,
12858,dHCP,128,
12859,dHCP,128,
12860,dHCP,128,
12861,dHCP,128,
12862,dHCP,128,
12863,dHCP,128,
12864,dHCP,128,
12865,dHCP,128,
12866,dHCP,128,
12867,dHCP,128,
12868,dHCP,128,
12869,dHCP,128,
12870,dHCP,128,
12871,dHCP,128,
12872,dHCP,128,
12873,dHCP,128,
12874,dHCP,128,
12875,dHCP,128,
12876,dHCP,128,
12877,dHCP,128,
12878,dHCP,128,
12879,dHCP,128,
12880,dHCP,128,
12881,dHCP,128,
12882,dHCP,128,
12883,dHCP,128,
12884,dHCP,128,
12885,dHCP,128,
12886,dHCP,128,
12887,dHCP,128,
12888,dHCP,128,
12889,dHCP,128,
12890,dHCP,128,
12891,dHCP,128,
12892,dHCP,128,
12893,dHCP,128,
12894,dHCP,128,
12895,dHCP,128,
12896,dHCP,128,
12897,dHCP,128,
12898,dHCP,128,
12899,dHCP,128,
12900,dHCP,129,
12901,dHCP,129,
12902,dHCP,129,
12903,dHCP,129,
12904,dHCP,129,
12905,dHCP,129,
12906,dHCP,129,
12907,dHCP,129,
12908,dHCP,129,
12909,dHCP,129,
12910,dHCP,129,
12911,dHCP,129,
12912,dHCP,129,
12913,dHCP,129,
12914,dHCP,129,
12915,dHCP,129,
12916,dHCP,129,
12917,dHCP,129,
12918,dHCP,129,
12919,dHCP,129,
12920,dHCP,129,
12921,dHCP,129,
12922,dHCP,129,
12923,dHCP,129,
12924,dHCP,129,
12925,dHCP,129,
12926,dHCP,129,
12927,dHCP,129,
12928,dHCP,129,
12929,dHCP,129,
12930,dHCP,129,
12931,dHCP,129,
12932,dHCP,129,
12933,dHCP,129,
12934,dHCP,129,
12935,dHCP,129,
12936,dHCP,129,
12937,dHCP,129,
12938,dHCP,129,
12939,dHCP,129,
12940,dHCP,129,
12941,dHCP,129,
12942,dHCP,129,
12943,dHCP,129,
12944,dHCP,129,
12945,dHCP,129,
12946,dHCP,129,
12947,dHCP,129,
12948,dHCP,129,
12949,dHCP,129,
12950,dHCP,129,
12951,dHCP,129,
12952,dHCP,129,
12953,dHCP,129,
12954,dHCP,129,
12955,dHCP,129,
12956,dHCP,129,
12957,dHCP,129,
12958,dHCP,129,
12959,dHCP,129,
12960,dHCP,129,
12961,dHCP,129,
12962,dHCP,129,
12963,dHCP,129,
12964,dHCP,129,
12965,dHCP,129,
12966,dHCP,129,
12967,dHCP,129,
12968,dHCP,129,
12969,dHCP,129,
12970,dHCP,129,
12971,dHCP,129,
12972,dHCP,129,
12973,dHCP,129,
12974,dHCP,129,
12975,dHCP,129,
12976,dHCP,129,
12977,dHCP,129,
12978,dHCP,129,
12979,dHCP,129,
12980,dHCP,129,
12981,dHCP,129,
12982,dHCP,129,
12983,dHCP,129,
12984,dHCP,129,
12985,dHCP,129,
12986,dHCP,129,
12987,dHCP,129,
12988,dHCP,129,
12989,dHCP,129,
12990,dHCP,129,
12991,dHCP,129,
12992,dHCP,129,
12993,dHCP,129,
12994,dHCP,129,
12995,dHCP,129,
12996,dHCP,129,
12997,dHCP,129,
12998,dHCP,129,
12999,dHCP,129,
13000,dHCP,130,
13001,dHCP,130,
13002,dHCP,130,
13003,dHCP,130,
13004,dHCP,130,
13005,dHCP,130,
13006,dHCP,130,
13007,dHCP,130,
13008,dHCP,130,
13009,dHCP,130,
13010,dHCP,130,
13011,dHCP,130,
13012,dHCP,130,
13013,dHCP,130,
13014,dHCP,130,
13015,dHCP,130,
13016,dHCP,130,
13017,dHCP,130,
13018,dHCP,130,
13019,dHCP,130,
13020,dHCP,130,
13021,dHCP,130,
13022,dHCP,130,
13023,dHCP,130,
13024,dHCP,130,
13025,dHCP,130,
13026,dHCP,130,
13027,dHCP,130,
13028,dHCP,130,
13029,dHCP,130,
13030,dHCP,130,
13031,dHCP,130,
13032,dHCP,130,
13033,dHCP,130,
13034,dHCP,130,
13035,dHCP,130,
13036,dHCP,130,
13037,dHCP,130,
13038,dHCP,130,
13039,dHCP,130,
13040,dHCP,130,
13041,dHCP,130,
13042,dHCP,130,
13043,dHCP,130,
13044,dHCP,130,
13045,dHCP,130,
13046,dHCP,130,
13047,dHCP,130,
13048,dHCP,130,
13049,dHCP,130,
13050,dHCP,130,
13051,dHCP,130,
13052,dHCP,130,
13053,dHCP,130,
13054,dHCP,130,
13055,dHCP,130,
13056,dHCP,130,
13057,dHCP,130,
13058,dHCP,130,
13059,dHCP,130,
13060,dHCP,130,
13061,dHCP,130,
13062,dHCP,130,
13063,dHCP,130,
13064,dHCP,130,
13065,dHCP,130,
13066,dHCP,130,
13067,dHCP,130,
13068,dHCP,130,
13069,dHCP,130,
13070,dHCP,130,
13071,dHCP,130,
13072,dHCP,130,
13073,dHCP,130,
13074,dHCP,130,
13075,dHCP,130,
13076,dHCP,130,
13077,dHCP,130,
13078,dHCP,130,
13079,dHCP,130,
13080,dHCP,130,
13081,dHCP,130,
13082,dHCP,130,
13083,dHCP,130,
13084,dHCP,130,
13085,dHCP,130,
13086,dHCP,130,
13087,dHCP,130,
13088,dHCP,130,
13089,dHCP,130,
13090,dHCP,130,
13091,dHCP,130,
13092,dHCP,130,
13093,dHCP,130,
13094,dHCP,130,
13095,dHCP,130,
13096,dHCP,130,
13097,dHCP,130,
13098,dHCP,130,
13099,dHCP,130,
13100,dHCP,131,
13101,dHCP,131,
13102,dHCP,131,
13103,dHCP,131,
13104,dHCP,131,
13105,dHCP,131,
13106,dHCP,131,
13107,dHCP,131,
13108,dHCP,131,
13109,dHCP,131,
13110,dHCP,131,
13111,dHCP,131,
13112,dHCP,131,
13113,dHCP,131,
13114,dHCP,131,
13115,dHCP,131,
13116,dHCP,131,
13117,dHCP,131,
13118,dHCP,131,
13119,dHCP,131,
13120,dHCP,131,
13121,dHCP,131,
13122,dHCP,131,
13123,dHCP,131,
13124,dHCP,131,
13125,dHCP,131,
13126,dHCP,131,
13127,dHCP,131,
13128,dHCP,131,
13129,dHCP,131,
13130,dHCP,131,
13131,dHCP,131,
13132,dHCP,131,
13133,dHCP,131,
13134,dHCP,131,
13135,dHCP,131,
13136,dHCP,131,
13137,dHCP,131,
13138,dHCP,131,
13139,dHCP,131,
13140,dHCP,131,
13141,dHCP,131,
13142,dHCP,131,
13143,dHCP,131,
13144,dHCP,131,
13145,dHCP,131,
13146,dHCP,131,
13147,dHCP,131,
13148,dHCP,131,
13149,dHCP,131,
13150,dHCP,131,
13151,dHCP,131,
13152,dHCP,131,
13153,dHCP,131,
13154,dHCP,131,
13155,dHCP,131,
13156,dHCP,131,
13157,dHCP,131,
13158,dHCP,131,
13159,dHCP,131,
13160,dHCP,131,
13161,dHCP,131,
13162,dHCP,131,
13163,dHCP,131,
13164,dHCP,131,
13165,dHCP,131,
13166,dHCP,131,
13167,dHCP,131,
13168,dHCP,131,
13169,dHCP,131,
13170,dHCP,131,
13171,dHCP,131,
13172,dHCP,131,
13173,dHCP,131,
13174,dHCP,131,
13175,dHCP,131,
13176,dHCP,131,
13177,dHCP,131,
13178,dHCP,131,
13179,dHCP,131,
13180,dHCP,131,
13181,dHCP,131,
13182,dHCP,131,
13183,dHCP,131,
13184,dHCP,131,
13185,dHCP,131,
13186,dHCP,131,
13187,dHCP,131,
13188,dHCP,131,
13189,dHCP,131,
13190,dHCP,131,
13191,dHCP,131,
13192,dHCP,131,
13193,dHCP,131,
13194,dHCP,131,
13195,dHCP,131,
13196,dHCP,131,
13197,dHCP,131,
13198,dHCP,131,
13199,dHCP,131,
13200,dHCP,132,
13201,dHCP,132,
13202,dHCP,132,
13203,dHCP,132,
13204,dHCP,132,
13205,dHCP,132,
13206,dHCP,132,
13207,dHCP,132,
13208,dHCP,132,
13209,dHCP,132,
13210,dHCP,132,
13211,dHCP,132,
13212,dHCP,132,
13213,dHCP,132,
13214,dHCP,132,
13215,dHCP,132,
13216,dHCP,132,
13217,dHCP,132,
13218,dHCP,132,
13219,dHCP,132,
13220,dHCP,132,
13221,dHCP,132,
13222,dHCP,132,
13223,dHCP,132,
13224,dHCP,132,
13225,dHCP,132,
13226,dHCP,132,
13227,dHCP,132,
13228,dHCP,132,
13229,dHCP,132,
13230,dHCP,132,
13231,dHCP,132,
13232,dHCP,132,
13233,dHCP,132,
13234,dHCP,132,
13235,dHCP,132,
13236,dHCP,132,
13237,dHCP,132,
13238,dHCP,132,
13239,dHCP,132,
13240,dHCP,132,
13241,dHCP,132,
13242,dHCP,132,
13243,dHCP,132,
13244,dHCP,132,
13245,dHCP,132,
13246,dHCP,132,
13247,dHCP,132,
13248,dHCP,132,
13249,dHCP,132,
13250,dHCP,132,
13251,dHCP,132,
13252,dHCP,132,
13253,dHCP,132,
13254,dHCP,132,
13255,dHCP,132,
13256,dHCP,132,
13257,dHCP,132,
13258,dHCP,132,
13259,dHCP,132,
13260,dHCP,132,
13261,dHCP,132,
13262,dHCP,132,
13263,dHCP,132,
13264,dHCP,132,
13265,dHCP,132,
13266,dHCP,132,
13267,dHCP,132,
13268,dHCP,132,
13269,dHCP,132,
13270,dHCP,132,
13271,dHCP,132,
13272,dHCP,132,
13273,dHCP,132,
13274,dHCP,132,
13275,dHCP,132,
13276,dHCP,132,
13277,dHCP,132,
13278,dHCP,132,
13279,dHCP,132,
13280,dHCP,132,
13281,dHCP,132,
13282,dHCP,132,
13283,dHCP,132,
13284,dHCP,132,
13285,dHCP,132,
13286,dHCP,132,
13287,dHCP,132,
13288,dHCP,132,
13289,dHCP,132,
13290,dHCP,132,
13291,dHCP,132,
13292,dHCP,132,
13293,dHCP,132,
13294,dHCP,132,
13295,dHCP,132,
13296,dHCP,132,
13297,dHCP,132,
13298,dHCP,132,
13299,dHCP,132,
13300,dHCP,133,
13301,dHCP,133,
13302,dHCP,133,
13303,dHCP,133,
13304,dHCP,133,
13305,dHCP,133,
13306,dHCP,133,
13307,dHCP,133,
13308,dHCP,133,
13309,dHCP,133,
13310,dHCP,133,
13311,dHCP,133,
13312,dHCP,133,
13313,dHCP,133,
13314,dHCP,133,
13315,dHCP,133,
13316,dHCP,133,
13317,dHCP,133,
13318,dHCP,133,
13319,dHCP,133,
13320,dHCP,133,
13321,dHCP,133,
13322,dHCP,133,
13323,dHCP,133,
13324,dHCP,133,
13325,dHCP,133,
13326,dHCP,133,
13327,dHCP,133,
13328,dHCP,133,
13329,dHCP,133,
13330,dHCP,133,
13331,dHCP,133,
13332,dHCP,133,
13333,dHCP,133,
13334,dHCP,133,
13335,dHCP,133,
13336,dHCP,133,
13337,dHCP,133,
13338,dHCP,133,
13339,dHCP,133,
13340,dHCP,133,
13341,dHCP,133,
13342,dHCP,133,
13343,dHCP,133,
13344,dHCP,133,
13345,dHCP,133,
13346,dHCP,133,
13347,dHCP,133,
13348,dHCP,133,
13349,dHCP,133,
13350,dHCP,133,
13351,dHCP,133,
13352,dHCP,133,
13353,dHCP,133,
13354,dHCP,133,
13355,dHCP,133,
13356,dHCP,133,
13357,dHCP,133,
13358,dHCP,133,
13359,dHCP,133,
13360,dHCP,133,
13361,dHCP,133,
13362,dHCP,133,
13363,dHCP,133,
13364,dHCP,133,
13365,dHCP,133,
13366,dHCP,133,
13367,dHCP,133,
13368,dHCP,133,
13369,dHCP,133,
13370,dHCP,133,
13371,dHCP,133,
13372,dHCP,133,
13373,dHCP,133,
13374,dHCP,133,
13375,dHCP,133,
13376,dHCP,133,
13377,dHCP,133,
13378,dHCP,133,
13379,dHCP,133,
13380,dHCP,133,
13381,dHCP,133,
13382,dHCP,133,
13383,dHCP,133,
13384,dHCP,133,
13385,dHCP,133,
13386,dHCP,133,
13387,dHCP,133,
13388,dHCP,133,
13389,dHCP,133,
13390,dHCP,133,
13391,dHCP,133,
13392,dHCP,133,
13393,dHCP,133,
13394,dHCP,133,
13395,dHCP,133,
13396,dHCP,133,
13397,dHCP,133,
13398,dHCP,133,
13399,dHCP,133,
13400,dHCP,134,
13401,dHCP,134,
13402,dHCP,134,
13403,dHCP,134,
13404,dHCP,134,
13405,dHCP,134,
13406,dHCP,134,
13407,dHCP,134,
13408,dHCP,134,
13409,dHCP,134,
13410,dHCP,134,
13411,dHCP,134,
13412,dHCP,134,
13413,dHCP,134,
13414,dHCP,134,
13415,dHCP,134,
13416,dHCP,134,
13417,dHCP,134,
13418,dHCP,134,
13419,dHCP,134,
13420,dHCP,134,
13421,dHCP,134,
13422,dHCP,134,
13423,dHCP,134,
13424,dHCP,134,
13425,dHCP,134,
13426,dHCP,134,
13427,dHCP,134,
13428,dHCP,134,
13429,dHCP,134,
13430,dHCP,134,
13431,dHCP,134,
13432,dHCP,134,
13433,dHCP,134,
13434,dHCP,134,
13435,dHCP,134,
13436,dHCP,134,
13437,dHCP,134,
13438,dHCP,134,
13439,dHCP,134,
13440,dHCP,134,
13441,dHCP,134,
13442,dHCP,134,
13443,dHCP,134,
13444,dHCP,134,
13445,dHCP,134,
13446,dHCP,134,
13447,dHCP,134,
13448,dHCP,134,
13449,dHCP,134,
13450,dHCP,134,
13451,dHCP,134,
13452,dHCP,134,
13453,dHCP,134,
13454,dHCP,134,
13455,dHCP,134,
13456,dHCP,134,
13457,dHCP,134,
13458,dHCP,134,
13459,dHCP,134,
13460,dHCP,134,
13461,dHCP,134,
13462,dHCP,134,
13463,dHCP,134,
13464,dHCP,134,
13465,dHCP,134,
13466,dHCP,134,
13467,dHCP,134,
13468,dHCP,134,
13469,dHCP,134,
13470,dHCP,134,
13471,dHCP,134,
13472,dHCP,134,
13473,dHCP,134,
13474,dHCP,134,
13475,dHCP,134,
13476,dHCP,134,
13477,dHCP,134,
13478,dHCP,134,
13479,dHCP,134,
13480,dHCP,134,
13481,dHCP,134,
13482,dHCP,134,
13483,dHCP,134,
13484,dHCP,134,
13485,dHCP,134,
13486,dHCP,134,
13487,dHCP,134,
13488,dHCP,134,
13489,dHCP,134,
13490,dHCP,134,
13491,dHCP,134,
13492,dHCP,134,
13493,dHCP,134,
13494,dHCP,134,
13495,dHCP,134,
13496,dHCP,134,
13497,dHCP,134,
13498,dHCP,134,
13499,dHCP,134,
13500,dHCP,135,
13501,dHCP,135,
13502,dHCP,135,
13503,dHCP,135,
13504,dHCP,135,
13505,dHCP,135,
13506,dHCP,135,
13507,dHCP,135,
13508,dHCP,135,
13509,dHCP,135,
13510,dHCP,135,
13511,dHCP,135,
13512,dHCP,135,
13513,dHCP,135,
13514,dHCP,135,
13515,dHCP,135,
13516,dHCP,135,
13517,dHCP,135,
13518,dHCP,135,
13519,dHCP,135,
13520,dHCP,135,
13521,dHCP,135,
13522,dHCP,135,
13523,dHCP,135,
13524,dHCP,135,
13525,dHCP,135,
13526,dHCP,135,
13527,dHCP,135,
13528,dHCP,135,
13529,dHCP,135,
13530,dHCP,135,
13531,dHCP,135,
13532,dHCP,135,
13533,dHCP,135,
13534,dHCP,135,
13535,dHCP,135,
13536,dHCP,135,
13537,dHCP,135,
13538,dHCP,135,
13539,dHCP,135,
13540,dHCP,135,
13541,dHCP,135,
13542,dHCP,135,
13543,dHCP,135,
13544,dHCP,135,
13545,dHCP,135,
13546,dHCP,135,
13547,dHCP,135,
13548,dHCP,135,
13549,dHCP,135,
13550,dHCP,135,
13551,dHCP,135,
13552,dHCP,135,
13553,dHCP,135,
13554,dHCP,135,
13555,dHCP,135,
13556,dHCP,135,
13557,dHCP,135,
13558,dHCP,135,
13559,dHCP,135,
13560,dHCP,135,
13561,dHCP,135,
13562,dHCP,135,
13563,dHCP,135,
13564,dHCP,135,
13565,dHCP,135,
13566,dHCP,135,
13567,dHCP,135,
13568,dHCP,135,
13569,dHCP,135,
13570,dHCP,135,
13571,dHCP,135,
13572,dHCP,135,
13573,dHCP,135,
13574,dHCP,135,
13575,dHCP,135,
13576,dHCP,135,
13577,dHCP,135,
13578,dHCP,135,
13579,dHCP,135,
13580,dHCP,135,
13581,dHCP,135,
13582,dHCP,135,
13583,dHCP,135,
13584,dHCP,135,
13585,dHCP,135,
13586,dHCP,135,
13587,dHCP,135,
13588,dHCP,135,
13589,dHCP,135,
13590,dHCP,135,
13591,dHCP,135,
13592,dHCP,135,
13593,dHCP,135,
13594,dHCP,135,
13595,dHCP,135,
13596,dHCP,135,
13597,dHCP,135,
13598,dHCP,135,
13599,dHCP,135,
13600,dHCP,136,
13601,dHCP,136,
13602,dHCP,136,
13603,dHCP,136,
13604,dHCP,136,
13605,dHCP,136,
13606,dHCP,136,
13607,dHCP,136,
13608,dHCP,136,
13609,dHCP,136,
13610,dHCP,136,
13611,dHCP,136,
13612,dHCP,136,
13613,dHCP,136,
13614,dHCP,136,
13615,dHCP,136,
13616,dHCP,136,
13617,dHCP,136,
13618,dHCP,136,
13619,dHCP,136,
13620,dHCP,136,
13621,dHCP,136,
13622,dHCP,136,
13623,dHCP,136,
13624,dHCP,136,
13625,dHCP,136,
13626,dHCP,136,
13627,dHCP,136,
13628,dHCP,136,
13629,dHCP,136,
13630,dHCP,136,
13631,dHCP,136,
13632,dHCP,136,
13633,dHCP,136,
13634,dHCP,136,
13635,dHCP,136,
13636,dHCP,136,
13637,dHCP,136,
13638,dHCP,136,
13639,dHCP,136,
13640,dHCP,136,
13641,dHCP,136,
13642,dHCP,136,
13643,dHCP,136,
13644,dHCP,136,
13645,dHCP,136,
13646,dHCP,136,
13647,dHCP,136,
13648,dHCP,136,
13649,dHCP,136,
13650,dHCP,136,
13651,dHCP,136,
13652,dHCP,136,
13653,dHCP,136,
13654,dHCP,136,
13655,dHCP,136,
13656,dHCP,136,
13657,dHCP,136,
13658,dHCP,136,
13659,dHCP,136,
13660,dHCP,136,
13661,dHCP,136,
13662,dHCP,136,
13663,dHCP,136,
13664,dHCP,136,
13665,dHCP,136,
13666,dHCP,136,
13667,dHCP,136,
13668,dHCP,136,
13669,dHCP,136,
13670,dHCP,136,
13671,dHCP,136,
13672,dHCP,136,
13673,dHCP,136,
13674,dHCP,136,
13675,dHCP,136,
13676,dHCP,136,
13677,dHCP,136,
13678,dHCP,136,
13679,dHCP,136,
13680,dHCP,136,
13681,dHCP,136,
13682,dHCP,136,
13683,dHCP,136,
13684,dHCP,136,
13685,dHCP,136,
13686,dHCP,136,
13687,dHCP,136,
13688,dHCP,136,
13689,dHCP,136,
13690,dHCP,136,
13691,dHCP,136,
13692,dHCP,136,
13693,dHCP,136,
13694,dHCP,136,
13695,dHCP,136,
13696,dHCP,136,
13697,dHCP,136,
13698,dHCP,136,
13699,dHCP,136,
13700,dHCP,137,
13701,dHCP,137,
13702,dHCP,137,
13703,dHCP,137,
13704,dHCP,137,
13705,dHCP,137,
13706,dHCP,137,
13707,dHCP,137,
13708,dHCP,137,
13709,dHCP,137,
13710,dHCP,137,
13711,dHCP,137,
13712,dHCP,137,
13713,dHCP,137,
13714,dHCP,137,
13715,dHCP,137,
13716,dHCP,137,
13717,dHCP,137,
13718,dHCP,137,
13719,dHCP,137,
13720,dHCP,137,
13721,dHCP,137,
13722,dHCP,137,
13723,dHCP,137,
13724,dHCP,137,
13725,dHCP,137,
13726,dHCP,137,
13727,dHCP,137,
13728,dHCP,137,
13729,dHCP,137,
13730,dHCP,137,
13731,dHCP,137,
13732,dHCP,137,
13733,dHCP,137,
13734,dHCP,137,
13735,dHCP,137,
13736,dHCP,137,
13737,dHCP,137,
13738,dHCP,137,
13739,dHCP,137,
13740,dHCP,137,
13741,dHCP,137,
13742,dHCP,137,
13743,dHCP,137,
13744,dHCP,137,
13745,dHCP,137,
13746,dHCP,137,
13747,dHCP,137,
13748,dHCP,137,
13749,dHCP,137,
13750,dHCP,137,
13751,dHCP,137,
13752,dHCP,137,
13753,dHCP,137,
13754,dHCP,137,
13755,dHCP,137,
13756,dHCP,137,
13757,dHCP,137,
13758,dHCP,137,
13759,dHCP,137,
13760,dHCP,137,
13761,dHCP,137,
13762,dHCP,137,
13763,dHCP,137,
13764,dHCP,137,
13765,dHCP,137,
13766,dHCP,137,
13767,dHCP,137,
13768,dHCP,137,
13769,dHCP,137,
13770,dHCP,137,
13771,dHCP,137,
13772,dHCP,137,
13773,dHCP,137,
13774,dHCP,137,
13775,dHCP,137,
13776,dHCP,137,
13777,dHCP,137,
13778,dHCP,137,
13779,dHCP,137,
13780,dHCP,137,
13781,dHCP,137,
13782,dHCP,137,
13783,dHCP,137,
13784,dHCP,137,
13785,dHCP,137,
13786,dHCP,137,
13787,dHCP,137,
13788,dHCP,137,
13789,dHCP,137,
13790,dHCP,137,
13791,dHCP,137,
13792,dHCP,137,
13793,dHCP,137,
13794,dHCP,137,
13795,dHCP,137,
13796,dHCP,137,
13797,dHCP,137,
13798,dHCP,137,
13799,dHCP,137,
13800,dHCP,138,
13801,dHCP,138,
13802,dHCP,138,
13803,dHCP,138,
13804,dHCP,138,
13805,dHCP,138,
13806,dHCP,138,
13807,dHCP,138,
13808,dHCP,138,
13809,dHCP,138,
13810,dHCP,138,
13811,dHCP,138,
13812,dHCP,138,
13813,dHCP,138,
13814,dHCP,138,
13815,dHCP,138,
13816,dHCP,138,
13817,dHCP,138,
13818,dHCP,138,
13819,dHCP,138,
13820,dHCP,138,
13821,dHCP,138,
13822,dHCP,138,
13823,dHCP,138,
13824,dHCP,138,
13825,dHCP,138,
13826,dHCP,138,
13827,dHCP,138,
13828,dHCP,138,
13829,dHCP,138,
13830,dHCP,138,
13831,dHCP,138,
13832,dHCP,138,
13833,dHCP,138,
13834,dHCP,138,
13835,dHCP,138,
13836,dHCP,138,
13837,dHCP,138,
13838,dHCP,138,
13839,dHCP,138,
13840,dHCP,138,
13841,dHCP,138,
13842,dHCP,138,
13843,dHCP,138,
13844,dHCP,138,
13845,dHCP,138,
13846,dHCP,138,
13847,dHCP,138,
13848,dHCP,138,
13849,dHCP,138,
13850,dHCP,138,
13851,dHCP,138,
13852,dHCP,138,
13853,dHCP,138,
13854,dHCP,138,
13855,dHCP,138,
13856,dHCP,138,
13857,dHCP,138,
13858,dHCP,138,
13859,dHCP,138,
13860,dHCP,138,
13861,dHCP,138,
13862,dHCP,138,
13863,dHCP,138,
13864,dHCP,138,
13865,dHCP,138,
13866,dHCP,138,
13867,dHCP,138,
13868,dHCP,138,
13869,dHCP,138,
13870,dHCP,138,
13871,dHCP,138,
13872,dHCP,138,
13873,dHCP,138,
13874,dHCP,138,
13875,dHCP,138,
13876,dHCP,138,
13877,dHCP,138,
13878,dHCP,138,
13879,dHCP,138,
13880,dHCP,138,
13881,dHCP,138,
13882,dHCP,138,
13883,dHCP,138,
13884,dHCP,138,
13885,dHCP,138,
13886,dHCP,138,
13887,dHCP,138,
13888,dHCP,138,
13889,dHCP,138,
13890,dHCP,138,
13891,dHCP,138,
13892,dHCP,138,
13893,dHCP,138,
13894,dHCP,138,
13895,dHCP,138,
13896,dHCP,138,
13897,dHCP,138,
13898,dHCP,138,
13899,dHCP,138,
13900,dHCP,139,
13901,dHCP,139,
13902,dHCP,139,
13903,dHCP,139,
13904,dHCP,139,
13905,dHCP,139,
13906,dHCP,139,
13907,dHCP,139,
13908,dHCP,139,
13909,dHCP,139,
13910,dHCP,139,
13911,dHCP,139,
13912,dHCP,139,
13913,dHCP,139,
13914,dHCP,139,
13915,dHCP,139,
13916,dHCP,139,
13917,dHCP,139,
13918,dHCP,139,
13919,dHCP,139,
13920,dHCP,139,
13921,dHCP,139,
13922,dHCP,139,
13923,dHCP,139,
13924,dHCP,139,
13925,dHCP,139,
13926,dHCP,139,
13927,dHCP,139,
13928,dHCP,139,
13929,dHCP,139,
13930,dHCP,139,
13931,dHCP,139,
13932,dHCP,139,
13933,dHCP,139,
13934,dHCP,139,
13935,dHCP,139,
13936,dHCP,139,
13937,dHCP,139,
13938,dHCP,139,
13939,dHCP,139,
13940,dHCP,139,
13941,dHCP,139,
13942,dHCP,139,
13943,dHCP,139,
13944,dHCP,139,
13945,dHCP,139,
13946,dHCP,139,
13947,dHCP,139,
13948,dHCP,139,
13949,dHCP,139,
13950,dHCP,139,
13951,dHCP,139,
13952,dHCP,139,
13953,dHCP,139,
13954,dHCP,139,
13955,dHCP,139,
13956,dHCP,139,
13957,dHCP,139,
13958,dHCP,139,
13959,dHCP,139,
13960,dHCP,139,
13961,dHCP,139,
13962,dHCP,139,
13963,dHCP,139,
13964,dHCP,139,
13965,dHCP,139,
13966,dHCP,139,
13967,dHCP,139,
13968,dHCP,139,
13969,dHCP,139,
13970,dHCP,139,
13971,dHCP,139,
13972,dHCP,139,
13973,dHCP,139,
13974,dHCP,139,
13975,dHCP,139,
13976,dHCP,139,
13977,dHCP,139,
13978,dHCP,139,
13979,dHCP,139,
13980,dHCP,139,
13981,dHCP,139,
13982,dHCP,139,
13983,dHCP,139,
13984,dHCP,139,
13985,dHCP,139,
13986,dHCP,139,
13987,dHCP,139,
13988,dHCP,139,
13989,dHCP,139,
13990,dHCP,139,
13991,dHCP,139,
13992,dHCP,139,
13993,dHCP,139,
13994,dHCP,139,
13995,dHCP,139,
13996,dHCP,139,
13997,dHCP,139,
13998,dHCP,139,
13999,dHCP,139,
14000,dHCP,140,
14001,dHCP,140,
14002,dHCP,140,
14003,dHCP,140,
14004,dHCP,140,
14005,dHCP,140,
14006,dHCP,140,
14007,dHCP,140,
14008,dHCP,140,
14009,dHCP,140,
14010,dHCP,140,
14011,dHCP,140,
14012,dHCP,140,
14013,dHCP,140,
14014,dHCP,140,
14015,dHCP,140,
14016,dHCP,140,
14017,dHCP,140,
14018,dHCP,140,
14019,dHCP,140,
14020,dHCP,140,
14021,dHCP,140,
14022,dHCP,140,
14023,dHCP,140,
14024,dHCP,140,
14025,dHCP,140,
14026,dHCP,140,
14027,dHCP,140,
14028,dHCP,140,
14029,dHCP,140,
14030,dHCP,140,
14031,dHCP,140,
14032,dHCP,140,
14033,dHCP,140,
14034,dHCP,140,
14035,dHCP,140,
14036,dHCP,140,
14037,dHCP,140,
14038,dHCP,140,
14039,dHCP,140,
14040,dHCP,140,
14041,dHCP,140,
14042,dHCP,140,
14043,dHCP,140,
14044,dHCP,140,
14045,dHCP,140,
14046,dHCP,140,
14047,dHCP,140,
14048,dHCP,140,
14049,dHCP,140,
14050,dHCP,140,
14051,dHCP,140,
14052,dHCP,140,
14053,dHCP,140,
14054,dHCP,140,
14055,dHCP,140,
14056,dHCP,140,
14057,dHCP,140,
14058,dHCP,140,
14059,dHCP,140,
14060,dHCP,140,
14061,dHCP,140,
14062,dHCP,140,
14063,dHCP,140,
14064,dHCP,140,
14065,dHCP,140,
14066,dHCP,140,
14067,dHCP,140,
14068,dHCP,140,
14069,dHCP,140,
14070,dHCP,140,
14071,dHCP,140,
14072,dHCP,140,
14073,dHCP,140,
14074,dHCP,140,
14075,dHCP,140,
14076,dHCP,140,
14077,dHCP,140,
14078,dHCP,140,
14079,dHCP,140,
14080,dHCP,140,
14081,dHCP,140,
14082,dHCP,140,
14083,dHCP,140,
14084,dHCP,140,
14085,dHCP,140,
14086,dHCP,140,
14087,dHCP,140,
14088,dHCP,140,
14089,dHCP,140,
14090,dHCP,140,
14091,dHCP,140,
14092,dHCP,140,
14093,dHCP,140,
14094,dHCP,140,
14095,dHCP,140,
14096,dHCP,140,
14097,dHCP,140,
14098,dHCP,140,
14099,dHCP,140,
14100,dHCP,141,
14101,dHCP,141,
14102,dHCP,141,
14103,dHCP,141,
14104,dHCP,141,
14105,dHCP,141,
14106,dHCP,141,
14107,dHCP,141,
14108,dHCP,141,
14109,dHCP,141,
14110,dHCP,141,
14111,dHCP,141,
14112,dHCP,141,
14113,dHCP,141,
14114,dHCP,141,
14115,dHCP,141,
14116,dHCP,141,
14117,dHCP,141,
14118,dHCP,141,
14119,dHCP,141,
14120,dHCP,141,
14121,dHCP,141,
14122,dHCP,141,
14123,dHCP,141,
14124,dHCP,141,
14125,dHCP,141,
14126,dHCP,141,
14127,dHCP,141,
14128,dHCP,141,
14129,dHCP,141,
14130,dHCP,141,
14131,dHCP,141,
14132,dHCP,141,
14133,dHCP,141,
14134,dHCP,141,
14135,dHCP,141,
14136,dHCP,141,
14137,dHCP,141,
14138,dHCP,141,
14139,dHCP,141,
14140,dHCP,141,
14141,dHCP,141,
14142,dHCP,141,
14143,dHCP,141,
14144,dHCP,141,
14145,dHCP,141,
14146,dHCP,141,
14147,dHCP,141,
14148,dHCP,141,
14149,dHCP,141,
14150,dHCP,141,
14151,dHCP,141,
14152,dHCP,141,
14153,dHCP,141,
14154,dHCP,141,
14155,dHCP,141,
14156,dHCP,141,
14157,dHCP,141,
14158,dHCP,141,
14159,dHCP,141,
14160,dHCP,141,
14161,dHCP,141,
14162,dHCP,141,
14163,dHCP,141,
14164,dHCP,141,
14165,dHCP,141,
14166,dHCP,141,
14167,dHCP,141,
14168,dHCP,141,
14169,dHCP,141,
14170,dHCP,141,
14171,dHCP,141,
14172,dHCP,141,
14173,dHCP,141,
14174,dHCP,141,
14175,dHCP,141,
14176,dHCP,141,
14177,dHCP,141,
14178,dHCP,141,
14179,dHCP,141,
14180,dHCP,141,
14181,dHCP,141,
14182,dHCP,141,
14183,dHCP,141,
14184,dHCP,141,
14185,dHCP,141,
14186,dHCP,141,
14187,dHCP,141,
14188,dHCP,141,
14189,dHCP,141,
14190,dHCP,141,
14191,dHCP,141,
14192,dHCP,141,
14193,dHCP,141,
14194,dHCP,141,
14195,dHCP,141,
14196,dHCP,141,
14197,dHCP,141,
14198,dHCP,141,
14199,dHCP,141,
14200,dHCP,142,
14201,dHCP,142,
14202,dHCP,142,
14203,dHCP,142,
14204,dHCP,142,
14205,dHCP,142,
14206,dHCP,142,
14207,dHCP,142,
14208,dHCP,142,
14209,dHCP,142,
14210,dHCP,142,
14211,dHCP,142,
14212,dHCP,142,
14213,dHCP,142,
14214,dHCP,142,
14215,dHCP,142,
14216,dHCP,142,
14217,dHCP,142,
14218,dHCP,142,
14219,dHCP,142,
14220,dHCP,142,
14221,dHCP,142,
14222,dHCP,142,
14223,dHCP,142,
14224,dHCP,142,
14225,dHCP,142,
14226,dHCP,142,
14227,dHCP,142,
14228,dHCP,142,
14229,dHCP,142,
14230,dHCP,142,
14231,dHCP,142,
14232,dHCP,142,
14233,dHCP,142,
14234,dHCP,142,
14235,dHCP,142,
14236,dHCP,142,
14237,dHCP,142,
14238,dHCP,142,
14239,dHCP,142,
14240,dHCP,142,
14241,dHCP,142,
14242,dHCP,142,
14243,dHCP,142,
14244,dHCP,142,
14245,dHCP,142,
14246,dHCP,142,
14247,dHCP,142,
14248,dHCP,142,
14249,dHCP,142,
14250,dHCP,142,
14251,dHCP,142,
14252,dHCP,142,
14253,dHCP,142,
14254,dHCP,142,
14255,dHCP,142,
14256,dHCP,142,
14257,dHCP,142,
14258,dHCP,142,
14259,dHCP,142,
14260,dHCP,142,
14261,dHCP,142,
14262,dHCP,142,
14263,dHCP,142,
14264,dHCP,142,
14265,dHCP,142,
14266,dHCP,142,
14267,dHCP,142,
14268,dHCP,142,
14269,dHCP,142,
14270,dHCP,142,
14271,dHCP,142,
14272,dHCP,142,
14273,dHCP,142,
14274,dHCP,142,
14275,dHCP,142,
14276,dHCP,142,
14277,dHCP,142,
14278,dHCP,142,
14279,dHCP,142,
14280,dHCP,142,
14281,dHCP,142,
14282,dHCP,142,
14283,dHCP,142,
14284,dHCP,142,
14285,dHCP,142,
14286,dHCP,142,
14287,dHCP,142,
14288,dHCP,142,
14289,dHCP,142,
14290,dHCP,142,
14291,dHCP,142,
14292,dHCP,142,
14293,dHCP,142,
14294,dHCP,142,
14295,dHCP,142,
14296,dHCP,142,
14297,dHCP,142,
14298,dHCP,142,
14299,dHCP,142,
14300,dHCP,143,
14301,dHCP,143,
14302,dHCP,143,
14303,dHCP,143,
14304,dHCP,143,
14305,dHCP,143,
14306,dHCP,143,
14307,dHCP,143,
14308,dHCP,143,
14309,dHCP,143,
14310,dHCP,143,
14311,dHCP,143,
14312,dHCP,143,
14313,dHCP,143,
14314,dHCP,143,
14315,dHCP,143,
14316,dHCP,143,
14317,dHCP,143,
14318,dHCP,143,
14319,dHCP,143,
14320,dHCP,143,
14321,dHCP,143,
14322,dHCP,143,
14323,dHCP,143,
14324,dHCP,143,
14325,dHCP,143,
14326,dHCP,143,
14327,dHCP,143,
14328,dHCP,143,
14329,dHCP,143,
14330,dHCP,143,
14331,dHCP,143,
14332,dHCP,143,
14333,dHCP,143,
14334,dHCP,143,
14335,dHCP,143,
14336,dHCP,143,
14337,dHCP,143,
14338,dHCP,143,
14339,dHCP,143,
14340,dHCP,143,
14341,dHCP,143,
14342,dHCP,143,
14343,dHCP,143,
14344,dHCP,143,
14345,dHCP,143,
14346,dHCP,143,
14347,dHCP,143,
14348,dHCP,143,
14349,dHCP,143,
14350,dHCP,143,
14351,dHCP,143,
14352,dHCP,143,
14353,dHCP,143,
14354,dHCP,143,
14355,dHCP,143,
14356,dHCP,143,
14357,dHCP,143,
14358,dHCP,143,
14359,dHCP,143,
14360,dHCP,143,
14361,dHCP,143,
14362,dHCP,143,
14363,dHCP,143,
14364,dHCP,143,
14365,dHCP,143,
14366,dHCP,143,
14367,dHCP,143,
14368,dHCP,143,
14369,dHCP,143,
14370,dHCP,143,
14371,dHCP,143,
14372,dHCP,143,
14373,dHCP,143,
14374,dHCP,143,
14375,dHCP,143,
14376,dHCP,143,
14377,dHCP,143,
14378,dHCP,143,
14379,dHCP,143,
14380,dHCP,143,
14381,dHCP,143,
14382,dHCP,143,
14383,dHCP,143,
14384,dHCP,143,
14385,dHCP,143,
14386,dHCP,143,
14387,dHCP,143,
14388,dHCP,143,
14389,dHCP,143,
14390,dHCP,143,
14391,dHCP,143,
14392,dHCP,143,
14393,dHCP,143,
14394,dHCP,143,
14395,dHCP,143,
14396,dHCP,143,
14397,dHCP,143,
14398,dHCP,143,
14399,dHCP,143,
14400,dHCP,144,
14401,dHCP,144,
14402,dHCP,144,
14403,dHCP,144,
14404,dHCP,144,
14405,dHCP,144,
14406,dHCP,144,
14407,dHCP,144,
14408,dHCP,144,
14409,dHCP,144,
14410,dHCP,144,
14411,dHCP,144,
14412,dHCP,144,
14413,dHCP,144,
14414,dHCP,144,
14415,dHCP,144,
14416,dHCP,144,
14417,dHCP,144,
14418,dHCP,144,
14419,dHCP,144,
14420,dHCP,144,
14421,dHCP,144,
14422,dHCP,144,
14423,dHCP,144,
14424,dHCP,144,
14425,dHCP,144,
14426,dHCP,144,
14427,dHCP,144,
14428,dHCP,144,
14429,dHCP,144,
14430,dHCP,144,
14431,dHCP,144,
14432,dHCP,144,
14433,dHCP,144,
14434,dHCP,144,
14435,dHCP,144,
14436,dHCP,144,
14437,dHCP,144,
14438,dHCP,144,
14439,dHCP,144,
14440,dHCP,144,
14441,dHCP,144,
14442,dHCP,144,
14443,dHCP,144,
14444,dHCP,144,
14445,dHCP,144,
14446,dHCP,144,
14447,dHCP,144,
14448,dHCP,144,
14449,dHCP,144,
14450,dHCP,144,
14451,dHCP,144,
14452,dHCP,144,
14453,dHCP,144,
14454,dHCP,144,
14455,dHCP,144,
14456,dHCP,144,
14457,dHCP,144,
14458,dHCP,144,
14459,dHCP,144,
14460,dHCP,144,
14461,dHCP,144,
14462,dHCP,144,
14463,dHCP,144,
14464,dHCP,144,
14465,dHCP,144,
14466,dHCP,144,
14467,dHCP,144,
14468,dHCP,144,
14469,dHCP,144,
14470,dHCP,144,
14471,dHCP,144,
14472,dHCP,144,
14473,dHCP,144,
14474,dHCP,144,
14475,dHCP,144,
14476,dHCP,144,
14477,dHCP,144,
14478,dHCP,144,
14479,dHCP,144,
14480,dHCP,144,
14481,dHCP,144,
14482,dHCP,144,
14483,dHCP,144,
14484,dHCP,144,
14485,dHCP,144,
14486,dHCP,144,
14487,dHCP,144,
14488,dHCP,144,
14489,dHCP,144,
14490,dHCP,144,
14491,dHCP,144,
14492,dHCP,144,
14493,dHCP,144,
14494,dHCP,144,
14495,dHCP,144,
14496,dHCP,144,
14497,dHCP,144,
14498,dHCP,144,
14499,dHCP,144,
14500,dHCP,145,
14501,dHCP,145,
14502,dHCP,145,
14503,dHCP,145,
14504,dHCP,145,
14505,dHCP,145,
14506,dHCP,145,
14507,dHCP,145,
14508,dHCP,145,
14509,dHCP,145,
14510,dHCP,145,
14511,dHCP,145,
14512,dHCP,145,
14513,dHCP,145,
14514,dHCP,145,
14515,dHCP,145,
14516,dHCP,145,
14517,dHCP,145,
14518,dHCP,145,
14519,dHCP,145,
14520,dHCP,145,
14521,dHCP,145,
14522,dHCP,145,
14523,dHCP,145,
14524,dHCP,145,
14525,dHCP,145,
14526,dHCP,145,
14527,dHCP,145,
14528,dHCP,145,
14529,dHCP,145,
14530,dHCP,145,
14531,dHCP,145,
14532,dHCP,145,
14533,dHCP,145,
14534,dHCP,145,
14535,dHCP,145,
14536,dHCP,145,
14537,dHCP,145,
14538,dHCP,145,
14539,dHCP,145,
14540,dHCP,145,
14541,dHCP,145,
14542,dHCP,145,
14543,dHCP,145,
14544,dHCP,145,
14545,dHCP,145,
14546,dHCP,145,
14547,dHCP,145,
14548,dHCP,145,
14549,dHCP,145,
14550,dHCP,145,
14551,dHCP,145,
14552,dHCP,145,
14553,dHCP,145,
14554,dHCP,145,
14555,dHCP,145,
14556,dHCP,145,
14557,dHCP,145,
14558,dHCP,145,
14559,dHCP,145,
14560,dHCP,145,
14561,dHCP,145,
14562,dHCP,145,
14563,dHCP,145,
14564,dHCP,145,
14565,dHCP,145,
14566,dHCP,145,
14567,dHCP,145,
14568,dHCP,145,
14569,dHCP,145,
14570,dHCP,145,
14571,dHCP,145,
14572,dHCP,145,
14573,dHCP,145,
14574,dHCP,145,
14575,dHCP,145,
14576,dHCP,145,
14577,dHCP,145,
14578,dHCP,145,
14579,dHCP,145,
14580,dHCP,145,
14581,dHCP,145,
14582,dHCP,145,
14583,dHCP,145,
14584,dHCP,145,
14585,dHCP,145,
14586,dHCP,145,
14587,dHCP,145,
14588,dHCP,145,
14589,dHCP,145,
14590,dHCP,145,
14591,dHCP,145,
14592,dHCP,145,
14593,dHCP,145,
14594,dHCP,145,
14595,dHCP,145,
14596,dHCP,145,
14597,dHCP,145,
14598,dHCP,145,
14599,dHCP,145,
14600,dHCP,146,
14601,dHCP,146,
14602,dHCP,146,
14603,dHCP,146,
14604,dHCP,146,
14605,dHCP,146,
14606,dHCP,146,
14607,dHCP,146,
14608,dHCP,146,
14609,dHCP,146,
14610,dHCP,146,
14611,dHCP,146,
14612,dHCP,146,
14613,dHCP,146,
14614,dHCP,146,
14615,dHCP,146,
14616,dHCP,146,
14617,dHCP,146,
14618,dHCP,146,
14619,dHCP,146,
14620,dHCP,146,
14621,dHCP,146,
14622,dHCP,146,
14623,dHCP,146,
